{"document": {"sentiment": "negative", "confidence": {"negative": 99.95364, "positive": 0.00780006, "neutral": 0.0385543}}, "sentences": [{"content": "\uce5c\ud55c \uce5c\uad6c\uac00 \uac11\uc790\uae30 \uc554 \uc120\uace0\ub97c \ubc1b\uc558\ub2e4\uace0 \uc6b8\uba74\uc11c \uc804\ud654\ub97c \ud588\ub294\ub370 \ub0a8\uc758 \uc77c \uac19\uc9c0 \uc54a\uace0 \ub108\ubb34 \ub450\ub824\uc6cc.", "offset": 0, "length": 52, "sentiment": "negative", "confidence": {"negative": 0.9972187, "positive": 0.0004680036, "neutral": 0.002313258}, "highlights": [{"offset": 34, "length": 17}]}]}