{"document": {"sentiment": "negative", "confidence": {"negative": 99.98191, "positive": 0.010339628, "neutral": 0.007747758}}, "sentences": [{"content": "\uc218\uc775\uc744 \uc704\ud574 \uace0\uac1d\uc5d0\uac8c \ubd88\ubc95\uc801 \ube44\uc724\ub9ac\uc801\uc778 \uacbd\uc601\uc744 \ud574\uc57c \ud558\ub294 \uc0c1\ud669\uc774 \ud63c\ub780\uc2a4\ub7ec\uc6cc.", "offset": 0, "length": 42, "sentiment": "negative", "confidence": {"negative": 0.9989147, "positive": 0.00062037766, "neutral": 0.0004648655}, "highlights": [{"offset": 32, "length": 9}]}]}