{"document": {"sentiment": "negative", "confidence": {"negative": 99.98038, "positive": 0.0059989374, "neutral": 0.013621062}}, "sentences": [{"content": "\uacb0\ud63c\ud558\uace0 \ub0b4 \uc2dc\uac04\uc774 \uac70\uc758 \uc5c6\uc5b4\uc11c \uacb0\ud63c\ud558\ub294 \uac83\uc774 \ub9de\uc558\ub098 \ud63c\ub780\uc2a4\ub7ec\uc6cc.", "offset": 0, "length": 36, "sentiment": "negative", "confidence": {"negative": 0.99882275, "positive": 0.00035993624, "neutral": 0.00081726373}, "highlights": [{"offset": 18, "length": 17}]}]}