{"document": {"sentiment": "negative", "confidence": {"negative": 85.709015, "positive": 0.009028778, "neutral": 14.281955}}, "sentences": [{"content": "\uc774\uc6c3\uc9d1 \uce5c\uad6c\ub294 \ubc8c\uc368 \ub178\ud6c4 \uc900\ube44\ub97c \ud558\uace0 \uc788\ub354\ub77c\uace0.", "offset": 0, "length": 26, "sentiment": "neutral", "confidence": {"negative": 0.00045716006, "positive": 0.00042236832, "neutral": 0.99912053}, "highlights": [{"offset": 0, "length": 21}]}, {"content": " \ub098\ub791 \ub3d9\uac11\uc778\ub370. \ub098 \uc790\uc2e0\uc5d0\uac8c \ubd80\ub044\ub7fd\ub354\ub77c\uace0.", "offset": 26, "length": 24, "sentiment": "negative", "confidence": {"negative": 0.99917406, "positive": 0.00020964617, "neutral": 0.0006162854}, "highlights": [{"offset": 10, "length": 13}]}]}