{"document": {"sentiment": "negative", "confidence": {"negative": 99.95872, "positive": 0.007838174, "neutral": 0.033441387}}, "sentences": [{"content": "\uc624\ub298 \ubc1c\ud45c\uc2dc\uac04\uc5d0 \ub0b4 \ucc28\ub840\uac00 \ub418\ub2c8 \ub208\uc55e\uc774 \uce84\uce84\ud574\uc9c0\ub294 \uac70 \uc788\uc9c0.", "offset": 0, "length": 33, "sentiment": "negative", "confidence": {"negative": 0.99752325, "positive": 0.00047029043, "neutral": 0.0020064833}, "highlights": [{"offset": 3, "length": 29}]}]}