{"document": {"sentiment": "negative", "confidence": {"negative": 99.963326, "positive": 0.008498956, "neutral": 0.028177083}}, "sentences": [{"content": "\uc774\ubc88\uc5d0 \uc815\ud55c \uc9c4\ub85c\ub97c \ubd80\ubaa8\ub2d8\uaed8 \ub9d0\ud588\ub294\ub370 \uc544\ubb34\ub3c4 \uc751\uc6d0\ud574 \uc8fc\uc2dc\uc9c0 \uc54a\uc544.", "offset": 0, "length": 36, "sentiment": "negative", "confidence": {"negative": 0.99779946, "positive": 0.0005099374, "neutral": 0.001690625}, "highlights": [{"offset": 21, "length": 14}]}]}