{"document": {"sentiment": "negative", "confidence": {"negative": 99.96682, "positive": 0.0091646835, "neutral": 0.0240188}}, "sentences": [{"content": "\ubd80\ubaa8\ub2d8\uacfc \ubcd1\uc6d0\uc744 \ub2e4\ub140\uc654\ub294\ub370 \uc880\ucc98\ub7fc \ub0b4\uac00 \uc5b4\ub514\uac00 \uc544\ud508\uc9c0 \uc548 \uc54c\ub824\uc918\uc11c \ubd88\uc548\ud574.", "offset": 0, "length": 41, "sentiment": "negative", "confidence": {"negative": 0.998009, "positive": 0.000549881, "neutral": 0.001441128}, "highlights": [{"offset": 19, "length": 21}]}]}