{"document": {"sentiment": "positive", "confidence": {"negative": 0.011441402, "positive": 99.96982, "neutral": 0.018737579}}, "sentences": [{"content": "\uc5c4\ub9c8\ub294 \uc544\ube60\uac00 \uac00\ub054 \ub290\ub824\uc11c \ub2f5\ub2f5\ud558\ub2e4\uc9c0\ub9cc \ub09c \uc544\ube60\uc758 \uadf8\ub7f0 \uc810\uc774 \ucc38 \uc88b\uc544.", "offset": 0, "length": 39, "sentiment": "positive", "confidence": {"negative": 0.00068648416, "positive": 0.9981893, "neutral": 0.0011242548}, "highlights": [{"offset": 24, "length": 14}]}]}