{"document": {"sentiment": "neutral", "confidence": {"negative": 0.06863744, "positive": 0.19157544, "neutral": 99.739784}}, "sentences": [{"content": "\ub098 \ub0b4\uc77c\uae4c\uc9c0 \uc219\uc81c \uc788\uc5c8\ub294\ub370 \ubbf8\ub8e8\uace0 \ubbf8\ub8e8\ub2e4\uac00 \uc624\ub298 \uc2dc\uc791\ud574\uc11c \ubc29\uae08 \ub2e4 \ub05d\ub0c8\uc5b4.", "offset": 0, "length": 41, "sentiment": "neutral", "confidence": {"negative": 0.00068637443, "positive": 0.0019157544, "neutral": 0.9973979}, "highlights": [{"offset": 27, "length": 13}]}]}