{"document": {"sentiment": "positive", "confidence": {"negative": 0.014312271, "positive": 85.698654, "neutral": 14.287035}}, "sentences": [{"content": "\uc5c4\ub9c8\ub294 \ub0b4\uac00 \ud798\uc774 \ub4e4 \ub54c\ub9c8\ub2e4 \uc870\uc5b8\uc744 \ud574 \uc8fc\uc154.", "offset": 0, "length": 25, "sentiment": "neutral", "confidence": {"negative": 0.00015861542, "positive": 0.000613186, "neutral": 0.9992281}, "highlights": [{"offset": 16, "length": 8}]}, {"content": " \ub355\ubd84\uc5d0 \uc138\uc0c1\uc744 \uc0b4\uae30\uac00 \ud55c\uacb0 \ud3b8\uc548\ud558\ub2e4\ub294 \uc0dd\uac01\uc774 \ub4e4\uc5b4.", "offset": 25, "length": 29, "sentiment": "positive", "confidence": {"negative": 0.00084324356, "positive": 0.9982924, "neutral": 0.00086433976}, "highlights": [{"offset": 1, "length": 27}]}]}