{"document": {"sentiment": "negative", "confidence": {"negative": 99.97343, "positive": 0.0046461527, "neutral": 0.021927282}}, "sentences": [{"content": "\ubc18 \uc560\ub4e4 \uba87 \uba85\uc774 \ub098\ub97c \ub54c\ub9ac\uace0 \ub530\ub3cc\ub824\uc11c \ud55c\uc228\ub9cc \ub098\uc640.", "offset": 0, "length": 29, "sentiment": "negative", "confidence": {"negative": 0.99840564, "positive": 0.00027876918, "neutral": 0.0013156369}, "highlights": [{"offset": 10, "length": 18}]}]}