{"document": {"sentiment": "negative", "confidence": {"negative": 99.999435, "positive": 0.00028694613, "neutral": 0.00027592658}}, "sentences": [{"content": "\ubc24\uc5d0 \uc7a0\uc774 \uc798 \uc624\uc9c0 \uc54a\uc544 \uc0c8\ubcbd\uc5d0\uc57c \uc7a0\uc774 \ub4dc\ub294\ub370 \uc544\uce68\ub9c8\ub2e4 \uae68\uc6cc\uc8fc\uc5b4\uc57c \ud558\ub2c8 \ub108\ubb34 \uadc0\ucc2e\uace0 \ud798\ub4e4\uc5b4.", "offset": 0, "length": 51, "sentiment": "negative", "confidence": {"negative": 0.99996626, "positive": 1.7216767e-05, "neutral": 1.6555594e-05}, "highlights": [{"offset": 26, "length": 24}]}]}