{"document": {"sentiment": "negative", "confidence": {"negative": 99.98054, "positive": 0.009709471, "neutral": 0.009755238}}, "sentences": [{"content": "\uc878\uc5c5\ud558\uace0 \ucde8\uc9c1\uc744 \ubabb\ud558\uace0 \uc788\ub294 \ub098\ub97c \ubb34\uc2dc\ud558\ub294 \uce5c\uad6c\ub4e4\uc774 \ub108\ubb34 \ubbf8\uc6cc.", "offset": 0, "length": 35, "sentiment": "negative", "confidence": {"negative": 0.99883205, "positive": 0.00058256823, "neutral": 0.0005853143}, "highlights": [{"offset": 13, "length": 21}]}]}