{"document": {"sentiment": "negative", "confidence": {"negative": 99.97441, "positive": 0.007326355, "neutral": 0.01826295}}, "sentences": [{"content": "\uc5b4\ub835\uac8c \uc544\uc774\ub97c \uc5bb\uc5c8\ub294\ub370 \uc721\uc544\ud734\uc9c1\uc744 \ub0b4\uba74 \uadf8\ub300\ub85c \ub3cc\uc544\uc624\uc9c0 \ubabb \ud560\uae4c \ub450\ub824\uc6cc.", "offset": 0, "length": 40, "sentiment": "negative", "confidence": {"negative": 0.9984647, "positive": 0.00043958132, "neutral": 0.001095777}, "highlights": [{"offset": 13, "length": 26}]}]}