{"document": {"sentiment": "negative", "confidence": {"negative": 85.94597, "positive": 0.015348464, "neutral": 14.038685}}, "sentences": [{"content": "\uc9c0\uae08 \ub0a8\uc790\uce5c\uad6c\uc640 \uacb0\ud63c\uc740 \ud558\uace0 \uc2f6\uc740\ub370 \ucd9c\uc0b0\uc774 \ud544\uc218\uc801\uc778\uc9c0 \ubaa8\ub974\uaca0\uc5b4.", "offset": 0, "length": 35, "sentiment": "neutral", "confidence": {"negative": 0.019572116, "positive": 0.0005836391, "neutral": 0.9798442}, "highlights": [{"offset": 20, "length": 14}]}, {"content": " \ucd9c\uc0b0\uc740 \uc5ec\uc790\uac00 \ud76c\uc0dd\ud574\uc57c \ud558\ub294 \ubd80\ubd84\uc774 \ub9ce\uc740 \uac83 \uac19\uc544.", "offset": 35, "length": 29, "sentiment": "negative", "confidence": {"negative": 0.9966454, "positive": 0.0004907534, "neutral": 0.0028637352}, "highlights": [{"offset": 1, "length": 27}]}]}