{"document": {"sentiment": "negative", "confidence": {"negative": 99.96313, "positive": 0.004052349, "neutral": 0.03282065}}, "sentences": [{"content": "\ucd9c\uc0b0\uc744 \uc55e\ub450\uace0 \uc788\ub294\ub370 \uc591\uc218\uac00 \uc608\uc815\ubcf4\ub2e4 \uc77c\ucc0d \ud130\uc838\uc11c \ub108\ubb34 \ub2f9\ud669\ud588\uc5b4.", "offset": 0, "length": 36, "sentiment": "negative", "confidence": {"negative": 0.9977876, "positive": 0.00024314092, "neutral": 0.001969239}, "highlights": [{"offset": 12, "length": 23}]}]}