{"document": {"sentiment": "negative", "confidence": {"negative": 99.9924, "positive": 0.0037745386, "neutral": 0.0038219525}}, "sentences": [{"content": "\uc9c1\uc7a5\uc5d0\uc11c \uacfc\ud55c \uc5c5\ubb34 \ub5a0\ub118\uae30\uae30\uc640 \uc555\ubc15\ub54c\ubb38\uc5d0 \uc790\uc0b4\ud55c \uc0ac\uc6d0\uc774 \uc0dd\uacbc\uc5b4.", "offset": 0, "length": 35, "sentiment": "negative", "confidence": {"negative": 0.99912256, "positive": 0.00043464225, "neutral": 0.00044288376}, "highlights": [{"offset": 23, "length": 11}]}, {"content": " \uadf8\ub7f0\ub370 \uc544\uc9c1\ub3c4 \ubd84\uc704\uae30\uac00 \ub611\uac19\uc544\uc11c \ub108\ubb34 \ube44\ud1b5\ud574.", "offset": 35, "length": 26, "sentiment": "negative", "confidence": {"negative": 0.9999659, "positive": 1.830238e-05, "neutral": 1.5750533e-05}, "highlights": [{"offset": 9, "length": 16}]}]}