{"document": {"sentiment": "negative", "confidence": {"negative": 99.95377, "positive": 0.015566599, "neutral": 0.030662391}}, "sentences": [{"content": "\ubd80\ubaa8\ub2d8\uc740 \ub0b4\uac00 \uacf5\ubd80\ub97c \uc798\ud558\ub4e0 \ubabb\ud558\ub4e0 \uc2e0\uacbd\uc744 \uc4f0\uc9c0 \uc54a\uc73c\uc2dc\ub294 \uac83 \uac19\uc544\uc11c \uc4f8\uc4f8\ud574.", "offset": 0, "length": 42, "sentiment": "negative", "confidence": {"negative": 0.9972262, "positive": 0.0009339959, "neutral": 0.0018397435}, "highlights": [{"offset": 20, "length": 21}]}]}