{"document": {"sentiment": "negative", "confidence": {"negative": 99.98413, "positive": 0.008225406, "neutral": 0.007645313}}, "sentences": [{"content": "\ud559\uad50\ud3ed\ub825\uc744 \ub2f9\ud558\uace0 \uc788\ub294\ub370 \uc120\uc0dd\ub2d8\uc740 \uc5b8\uc81c\ub098 \ub9d0\ub9cc \ud560 \ubfd0 \uc801\uadf9\uc801\uc73c\ub85c \ub3c4\uc640\uc8fc\uc2dc\uc9c0 \uc54a\uc544 \ubd88\uc548\ud558\uace0 \ud654\uac00 \ub098.", "offset": 0, "length": 55, "sentiment": "negative", "confidence": {"negative": 0.9990477, "positive": 0.0004935243, "neutral": 0.00045871877}, "highlights": [{"offset": 23, "length": 27}]}]}