{"document": {"sentiment": "negative", "confidence": {"negative": 99.795334, "positive": 0.009805513, "neutral": 0.19486101}}, "sentences": [{"content": "\uc7ac\ubb34 \uc124\uacc4 \uc804\ubb38\uac00\ub97c \ub9cc\ub098\uc11c \uc0c1\ub2f4\uc744 \ud588\ub294\ub370 \uc2ec\ub780\ud55c \uac8c \uc0dd\uac01\uc774 \ub9ce\uc544\uc9c0\ub124.", "offset": 0, "length": 38, "sentiment": "negative", "confidence": {"negative": 0.98771995, "positive": 0.00058833073, "neutral": 0.011691661}, "highlights": [{"offset": 23, "length": 14}]}]}