{"document": {"sentiment": "negative", "confidence": {"negative": 99.95865, "positive": 0.004890744, "neutral": 0.03646343}}, "sentences": [{"content": "\uce5c\uad6c\ub77c\uace0 \uc0dd\uac01\ud588\ub294\ub370 \ub4a4\uc5d0\uc11c\ub294 \ub0a8\ub4e4\ud55c\ud14c \ub0b4 \uc695\uc744 \ud558\uace0 \ub2e4\ub154\ub300.", "offset": 0, "length": 33, "sentiment": "negative", "confidence": {"negative": 0.9960485, "positive": 0.00020554787, "neutral": 0.003745962}, "highlights": [{"offset": 5, "length": 24}]}, {"content": " \ub108\ubb34 \ud654\ub098\uc11c \ucc38\uc744 \uc218\uac00 \uc5c6\uc5b4!", "offset": 33, "length": 17, "sentiment": "negative", "confidence": {"negative": 0.99898905, "positive": 0.00038134144, "neutral": 0.00062964956}, "highlights": [{"offset": 1, "length": 7}]}]}