{"document": {"sentiment": "positive", "confidence": {"negative": 0.015304086, "positive": 99.977615, "neutral": 0.0070808614}}, "sentences": [{"content": "\uc5bc\ub9c8 \uc804\uc5d0 \ucc98\uc74c\uc73c\ub85c \uc704 \ub0b4\uc2dc\uacbd\uc744 \ud574\ubd24\ub354\ub2c8 \uac74\uac15\ud558\ub2e4\uace0 \ud574\uc11c \uae30\ubd84\uc774 \uc88b\uc558\uc5b4.", "offset": 0, "length": 40, "sentiment": "positive", "confidence": {"negative": 0.0009182451, "positive": 0.99865687, "neutral": 0.0004248517}, "highlights": [{"offset": 32, "length": 7}]}]}