{"document": {"sentiment": "neutral", "confidence": {"negative": 0.50780934, "positive": 0.071403235, "neutral": 99.420784}}, "sentences": [{"content": "\uc5bc\ub9c8 \uc804\uc5d0 \uc788\ub358 \ud3ed\ud589\uc0ac\uac74\uc774 \ub0b4 \uce5c\ud55c \uce5c\uad6c\uac00 \ud588\ub2e4\ub294 \uc77c\uc5d0 \ub098\ub294 \ub108\ubb34 \ub180\ub790\uc5b4.", "offset": 0, "length": 41, "sentiment": "neutral", "confidence": {"negative": 0.005078093, "positive": 0.0007140323, "neutral": 0.99420786}, "highlights": [{"offset": 9, "length": 31}]}]}