{"document": {"sentiment": "negative", "confidence": {"negative": 99.97844, "positive": 0.007919011, "neutral": 0.013640896}}, "sentences": [{"content": "\uc57c\uadfc \ub54c\ubb38\uc5d0 \uadc0\uac00\uac00 \ub2a6\uc5b4\uc9c0\uba74 \uc77c\ub2e8 \uc544\uc774\uac00 \ub108\ubb34 \uac71\uc815\ub3fc\uc11c \ubd88\uc548\ud574.", "offset": 0, "length": 35, "sentiment": "negative", "confidence": {"negative": 0.99870634, "positive": 0.00047514064, "neutral": 0.0008184538}, "highlights": [{"offset": 19, "length": 15}]}]}