{"document": {"sentiment": "negative", "confidence": {"negative": 99.94185, "positive": 0.0061995448, "neutral": 0.05194911}}, "sentences": [{"content": "\uc624\ub298\ub3c4 \ud559\uad50\uc5d0\uc11c \ubc25 \ud63c\uc790 \uba39\uc5b4\uc57c \ud558\ub294\ub370 \uac71\uc815\uc774\uc57c.", "offset": 0, "length": 27, "sentiment": "negative", "confidence": {"negative": 0.99651116, "positive": 0.00037197268, "neutral": 0.0031169467}, "highlights": [{"offset": 22, "length": 4}]}]}