{"document": {"sentiment": "negative", "confidence": {"negative": 99.9791, "positive": 0.009124413, "neutral": 0.011772023}}, "sentences": [{"content": "\uc774\uc81c\uaecf \uc5f4\uc2ec\ud788 \uc0b4\uc544\uc654\ub294\ub370 \uc560\ub4e4\uc5d0\uac8c \ubc88\ub4ef\ud558\uac8c \uc7ac\uc0b0\uc774\ub77c\uace0 \ubb3c\ub824\uc904 \uac83\ub3c4 \uc5c6\uace0 \uadf8\ub807\ub124.", "offset": 0, "length": 44, "sentiment": "negative", "confidence": {"negative": 0.9987463, "positive": 0.0005474648, "neutral": 0.0007063214}, "highlights": [{"offset": 0, "length": 14}]}]}