{"document": {"sentiment": "negative", "confidence": {"negative": 99.98325, "positive": 0.0052602445, "neutral": 0.011485234}}, "sentences": [{"content": "\ub2f9\uc5f0\ud788 \ub0a0 \uc704\ub85c\ud574 \uc904 \uac70\ub77c\uace0 \ubbff\uc5c8\ub358 \uce5c\uad6c\uac00 \ub2e4\ub978 \uc560\ub4e4\uacfc \ud568\uaed8 \ub098\ub97c \uc190\uac00\ub77d\uc9c8 \ud558\uace0 \uc788\uc5c8\uc5b4.", "offset": 0, "length": 49, "sentiment": "negative", "confidence": {"negative": 0.99899524, "positive": 0.00031561466, "neutral": 0.00068911404}, "highlights": [{"offset": 27, "length": 18}]}]}