{"document": {"sentiment": "neutral", "confidence": {"negative": 0.16404113, "positive": 0.014786203, "neutral": 99.821175}}, "sentences": [{"content": "\uc0c1\ub300\uac00 \ub204\uad6c\ub0d0\uc5d0 \ub530\ub77c\uc11c \ubc30\ub824\ub97c \ud560\uc9c0 \ub9d0\uc9c0 \uacb0\uc815\ud574\uc57c \ud558\ub098 \ubd10.", "offset": 0, "length": 33, "sentiment": "neutral", "confidence": {"negative": 0.0016404113, "positive": 0.00014786204, "neutral": 0.99821174}, "highlights": [{"offset": 0, "length": 32}]}]}