{"document": {"sentiment": "negative", "confidence": {"negative": 99.98245, "positive": 0.008651269, "neutral": 0.008897282}}, "sentences": [{"content": "\uc810\uc2ec\uc2dc\uac04\ub9c8\ub2e4 \ubaa8\uc5ec\uc11c \ub3d9\ub8cc \ud5d8\ub2f4\uc744 \ud558\ub294 \uc0ac\ub78c\ub4e4\uc744 \ubd24\ub294\ub370 \uc815\ub9d0 \ubab8\uc11c\ub9ac \uccd0\uc838.", "offset": 0, "length": 40, "sentiment": "negative", "confidence": {"negative": 0.9989471, "positive": 0.00051907613, "neutral": 0.00053383695}, "highlights": [{"offset": 33, "length": 6}]}]}