{"document": {"sentiment": "negative", "confidence": {"negative": 99.98344, "positive": 0.006259156, "neutral": 0.010301973}}, "sentences": [{"content": "\ub0b4\uac00 \uc88b\uc544\ud558\ub294 \uc0ac\ub78c\uc774 \uc788\ub294\ub370 \uadf8 \uc0ac\ub78c\uc744 \uc88b\uc544\ud558\ub294 \ub0b4\uac00 \uc798\ubabb\ub41c \uac70\ub77c\uace0 \uadf8\ub798\uc11c \uc18d\uc0c1\ud574.", "offset": 0, "length": 46, "sentiment": "negative", "confidence": {"negative": 0.99900645, "positive": 0.00037554937, "neutral": 0.0006181184}, "highlights": [{"offset": 16, "length": 29}]}]}