{"document": {"sentiment": "negative", "confidence": {"negative": 99.990654, "positive": 0.0029782127, "neutral": 0.006370384}}, "sentences": [{"content": "\ub098\ub294 \uc774 \uc815\ub3c4\uba74 \ub178\ud6c4\uc900\ube44\ub294 \uc798\ud588\ub2e4\uace0 \uc0dd\uac01\ud588\ub294\ub370 \uc544\ub2c8\uc5c8\uc5b4.", "offset": 0, "length": 31, "sentiment": "negative", "confidence": {"negative": 0.9999615, "positive": 2.3880713e-05, "neutral": 1.4634984e-05}, "highlights": [{"offset": 26, "length": 4}]}, {"content": " \uc9d1\uac12\uc774 \uc62c\ub77c\ub3c4 \ub108\ubb34 \uc62c\ub790\uc5b4.", "offset": 31, "length": 16, "sentiment": "negative", "confidence": {"negative": 0.9989166, "positive": 0.0003335048, "neutral": 0.00074981106}, "highlights": [{"offset": 1, "length": 14}]}]}