{"document": {"sentiment": "negative", "confidence": {"negative": 99.98412, "positive": 0.00686675, "neutral": 0.009011616}}, "sentences": [{"content": "\uc624\ub298 \uc9c1\uc7a5 \uc0c1\uc0ac\uac00 \uc790\uae30 \ub9d0\uc774 \ub9de\ub294\ub2e4\uace0 \uc6b0\uaca8\uc11c \ud68c\uc0ac \uc77c\uc774 \uc5c9\ub9dd\uc774 \ub418\uc5c8\uc5b4.", "offset": 0, "length": 39, "sentiment": "negative", "confidence": {"negative": 0.99904734, "positive": 0.000412005, "neutral": 0.00054069696}, "highlights": [{"offset": 25, "length": 13}]}]}