{"document": {"sentiment": "negative", "confidence": {"negative": 99.99104, "positive": 0.0042915153, "neutral": 0.004665838}}, "sentences": [{"content": "\ubb34\uc2a8 \uc77c\uc744 \ud574\ub3c4 \uc9dc\uc99d\ubd80\ud130 \ub098. \ubd88\ub9cc\uc2a4\ub7ec\uc6b4 \uc77c \ud22c\uc131\uc774\uc57c.", "offset": 0, "length": 30, "sentiment": "negative", "confidence": {"negative": 0.99946254, "positive": 0.00025749093, "neutral": 0.0002799503}, "highlights": [{"offset": 17, "length": 12}]}]}