{"document": {"sentiment": "negative", "confidence": {"negative": 99.96731, "positive": 0.008259647, "neutral": 0.024430608}}, "sentences": [{"content": "\ub0b4\uac00 \uace4\ub780\ud55c \uc77c\uc5d0 \ub300\ud574 \ub3c4\uc6c0\uc744 \uc8fc\uaca0\ub2e4\ub294 \uce5c\uad6c\uac00 \ub098\ud0c0\ub0ac\ub294\ub370 \ubb34\uc5bc \ubc14\ub77c\uace0 \ub098\ub97c \ub3c4\uc640\uc900\ub2e4\ub294\uc9c0 \ubaa8\ub974\uaca0\uc5b4.", "offset": 0, "length": 54, "sentiment": "negative", "confidence": {"negative": 0.9980387, "positive": 0.0004955788, "neutral": 0.0014658365}, "highlights": [{"offset": 39, "length": 14}]}]}