{"document": {"sentiment": "negative", "confidence": {"negative": 99.99768, "positive": 0.0013666522, "neutral": 0.00095138117}}, "sentences": [{"content": "\uc774\uc81c \uc870\uae08\ub9cc \uc77c\ud574\ub3c4 \ud5c8\ub9ac\uac00 \ubed0\uadfc\ud558\uace0 \uc774\ud2bf\ub0a0\uc5d0 \uc77c\ucc0d \uc77c\uc5b4\ub098\uae30\ub3c4 \ud798\ub4e4\uace0 \ubab8\uc774 \uc608\uc804 \uac19\uc9c0 \uc54a\ub124.", "offset": 0, "length": 50, "sentiment": "negative", "confidence": {"negative": 0.9998609, "positive": 8.199913e-05, "neutral": 5.708287e-05}, "highlights": [{"offset": 38, "length": 11}]}]}