{"document": {"sentiment": "negative", "confidence": {"negative": 99.97769, "positive": 0.0055196043, "neutral": 0.016788159}}, "sentences": [{"content": "\ub09c \uc0ac\ub0b4\uc5f0\uc560\ub97c \ud558\uace0 \uc788\ub294\ub370 \uc694\uc998 \uc880 \ub208\uce58\uac00 \ubcf4\uc5ec.", "offset": 0, "length": 27, "sentiment": "negative", "confidence": {"negative": 0.9986615, "positive": 0.00033117627, "neutral": 0.0010072895}, "highlights": [{"offset": 15, "length": 11}]}]}