{"document": {"sentiment": "neutral", "confidence": {"negative": 0.53695214, "positive": 0.20737655, "neutral": 99.25567}}, "sentences": [{"content": "\uac00\uc871\ub4e4\uc744 \ucc45\uc784\uc9c0\ub294 \ub370 \uae09\uc5ec\ub97c \uac70\uc758 \ub2e4 \uc368\uc11c \ub0b4\uac00 \uc4f8 \ub3c8\uc774 \uc5c6\uc5b4.", "offset": 0, "length": 35, "sentiment": "neutral", "confidence": {"negative": 0.005369521, "positive": 0.0020737655, "neutral": 0.9925567}, "highlights": [{"offset": 29, "length": 5}]}]}