{"document": {"sentiment": "negative", "confidence": {"negative": 99.97976, "positive": 0.0050012018, "neutral": 0.015242668}}, "sentences": [{"content": "\ub538\uc774 \ub098\ub791 \uc598\uae30\ud558\ub294 \uac83\uc870\ucc28 \uc2eb\uc5b4\ud558\ub294 \uac83 \uac19\uc544.", "offset": 0, "length": 25, "sentiment": "negative", "confidence": {"negative": 0.99878544, "positive": 0.0003000721, "neutral": 0.0009145601}, "highlights": [{"offset": 0, "length": 24}]}]}