{"document": {"sentiment": "negative", "confidence": {"negative": 85.70426, "positive": 0.019417388, "neutral": 14.276321}}, "sentences": [{"content": "\ub098\ub791 \uc785\uc0ac \ub3d9\uae30\uc778 \uae40 \ucc28\uc7a5\uc774 \uc774\ubc88\uc5d0 \ubd80\uc7a5\uc2b9\uc9c4\uc744 \ud588\uc5b4.", "offset": 0, "length": 29, "sentiment": "neutral", "confidence": {"negative": 0.00050868397, "positive": 0.0008768164, "neutral": 0.99861455}, "highlights": [{"offset": 10, "length": 18}]}, {"content": " \ub2a5\ub825\uc740 \ub098\ub3c4 \uae40 \ucc28\uc7a5 \ubabb\uc9c0\uc54a\uc740\ub370 \uc18d\uc0c1\ud574.", "offset": 29, "length": 23, "sentiment": "negative", "confidence": {"negative": 0.9987896, "positive": 0.00048240073, "neutral": 0.0007279287}, "highlights": [{"offset": 1, "length": 21}]}]}