{"document": {"sentiment": "negative", "confidence": {"negative": 99.99077, "positive": 0.003602781, "neutral": 0.005630618}}, "sentences": [{"content": "\uc624\ub298 \ub538\uacfc \uac77\ub2e4\uac00 \uc190\uc744 \uc7a1\uc558\ub354\ub2c8 \uc9c8\uc0c9\ud558\uba70 \ubfcc\ub9ac\ucce4\ub294\ub370 \ub2f9\ud669\uc2a4\ub7fd\uace0 \uc2ac\ud37c.", "offset": 0, "length": 38, "sentiment": "negative", "confidence": {"negative": 0.999446, "positive": 0.00021616687, "neutral": 0.0003378371}, "highlights": [{"offset": 29, "length": 8}]}]}