{"document": {"sentiment": "negative", "confidence": {"negative": 99.985855, "positive": 0.008637129, "neutral": 0.0055089663}}, "sentences": [{"content": "\uc5f4\uc2ec\ud788 \ud558\uba74 \ud560\uc218\ub85d \uc131\uc801\uc774 \ub5a8\uc5b4\uc9c0\ub294 \uac78 \ubcf4\ub2c8 \ub0b4 \uc790\uc2e0\uc774 \ud55c\uc2ec\ud558\uac8c \ub290\uaef4\uc838.", "offset": 0, "length": 40, "sentiment": "negative", "confidence": {"negative": 0.99915123, "positive": 0.00051822775, "neutral": 0.00033053797}, "highlights": [{"offset": 25, "length": 14}]}]}