{"document": {"sentiment": "neutral", "confidence": {"negative": 0.32741347, "positive": 0.04763072, "neutral": 99.624954}}, "sentences": [{"content": "\uc694\uc998 \ud558\ub294 \uc77c\ub9c8\ub2e4 \uc0ac\uc7a5\ub2d8\uc774 \uc9c0\uc2dc\uc0ac\ud56d\uc744 \ub2e4\ub974\uac8c \ud558\ub124.", "offset": 0, "length": 28, "sentiment": "neutral", "confidence": {"negative": 0.0032741346, "positive": 0.00047630718, "neutral": 0.9962495}, "highlights": [{"offset": 0, "length": 27}]}]}