{"document": {"sentiment": "negative", "confidence": {"negative": 99.98172, "positive": 0.008125727, "neutral": 0.010154104}}, "sentences": [{"content": "\ub0b4\uac00 \ub530\ub3cc\ub9bc\uc744 \ub2f9\ud558\ub294 \uac83\uc5d0 \ub300\ud574 \ub9d0\ub85c\ub9cc \uc704\ub85c\ud558\ub294 \uc0ac\ub78c\ub4e4\uc774 \ub108\ubb34 \ubbf8\uc6cc.", "offset": 0, "length": 38, "sentiment": "negative", "confidence": {"negative": 0.9989033, "positive": 0.00048754364, "neutral": 0.00060924626}, "highlights": [{"offset": 18, "length": 19}]}]}