{"document": {"sentiment": "negative", "confidence": {"negative": 99.97538, "positive": 0.008282022, "neutral": 0.016341593}}, "sentences": [{"content": "\ub0a8\ud3b8\uc774 \uace7 \uc740\ud1f4\uc778\ub370 \ubaa8\uc544 \ub193\uc740 \ub3c8\uc774 \uc5c6\uc5b4\uc11c \ubbf8\uc548\ud574.", "offset": 0, "length": 28, "sentiment": "negative", "confidence": {"negative": 0.9985226, "positive": 0.0004969213, "neutral": 0.0009804956}, "highlights": [{"offset": 14, "length": 13}]}]}