{"document": {"sentiment": "negative", "confidence": {"negative": 97.17127, "positive": 0.06965947, "neutral": 2.7590675}}, "sentences": [{"content": "\ucd08\ub4f1\ud559\uad50 \ub54c\ubd80\ud130 \uce5c\ud558\uac8c \uc9c0\ub0b4\ub358 \ub450 \uce5c\uad6c\uac00 \uc788\uc5c8\ub294\ub370 \uc694\uc998 \ub458 \ub2e4 \ub098\ub97c \ud53c\ud558\ub294 \ub290\ub08c\uc774 \ub4e4\uc5b4.", "offset": 0, "length": 49, "sentiment": "negative", "confidence": {"negative": 0.8302764, "positive": 0.0041795685, "neutral": 0.16554405}, "highlights": [{"offset": 33, "length": 15}]}]}