{"document": {"sentiment": "negative", "confidence": {"negative": 99.98156, "positive": 0.0067048348, "neutral": 0.0117330225}}, "sentences": [{"content": "\uc9c0\uae08 \uc0ac\uadc0\uace0 \uc788\ub294 \ub0a8\uc790\uce5c\uad6c\ub791 \uacb0\ud63c\ud558\uace0 \uc131\uaca9 \ucc28\uc774\ub85c \uacc4\uc18d \ub9c8\ucc30\uc744 \ube5a\uc9c0 \uc54a\uc744\uae4c \uac71\uc815 \ub3fc.", "offset": 0, "length": 47, "sentiment": "negative", "confidence": {"negative": 0.9988938, "positive": 0.00040229008, "neutral": 0.0007039814}, "highlights": [{"offset": 7, "length": 35}]}]}