{"document": {"sentiment": "negative", "confidence": {"negative": 99.99184, "positive": 0.0024115103, "neutral": 0.005754416}}, "sentences": [{"content": "\uc624\ub298 \ud608\uc555\uc774 \uc880 \ub192\uac8c \ub098\uc640\uc11c \uc880 \uac71\uc815\uc774\uc57c.", "offset": 0, "length": 23, "sentiment": "negative", "confidence": {"negative": 0.99951005, "positive": 0.00014469062, "neutral": 0.00034526494}, "highlights": [{"offset": 0, "length": 16}]}]}