{"document": {"sentiment": "negative", "confidence": {"negative": 99.97974, "positive": 0.006950944, "neutral": 0.013314966}}, "sentences": [{"content": "\ud559\uad50\uc5d0\uc11c \uacf5\ubd80 \uc798 \ud558\ub294 \uce5c\uad6c\ub4e4\ud55c\ud14c\ub9cc \uad50\ub0b4 \uc0c1\uc744 \ubab0\uc544\uc918\uc11c \ub108\ubb34 \ud654\uac00\ub098.", "offset": 0, "length": 38, "sentiment": "negative", "confidence": {"negative": 0.998784, "positive": 0.00041705664, "neutral": 0.00079889793}, "highlights": [{"offset": 13, "length": 24}]}]}