{"document": {"sentiment": "neutral", "confidence": {"negative": 0.13892446, "positive": 0.030440537, "neutral": 99.830635}}, "sentences": [{"content": "\ud559\uad50\uc5d0\uc11c \uc544\uc774\ub4e4\uc774 \ub0a0 \ud53c\ud558\ub294\ub370 \ub0b4\uac00 \ud55c \ub9d0 \ub54c\ubb38\uc778 \uac70 \uac19\uc544.", "offset": 0, "length": 33, "sentiment": "neutral", "confidence": {"negative": 0.0013892446, "positive": 0.00030440534, "neutral": 0.9983063}, "highlights": [{"offset": 0, "length": 17}]}]}