{"document": {"sentiment": "negative", "confidence": {"negative": 99.970726, "positive": 0.008076199, "neutral": 0.021200536}}, "sentences": [{"content": "\ub098\ub294 \uc544\uc9c1 \uc80a\uc740\ub370\ub3c4 \uc65c \ubc8c\uc368\ubd80\ud130 \ubab8\uc774 \uc544\ud508 \uac74\uc9c0 \ubaa8\ub974\uaca0\uc5b4.", "offset": 0, "length": 32, "sentiment": "negative", "confidence": {"negative": 0.99824345, "positive": 0.00048457197, "neutral": 0.0012720322}, "highlights": [{"offset": 18, "length": 13}]}]}