{"document": {"sentiment": "negative", "confidence": {"negative": 99.92447, "positive": 0.00434127, "neutral": 0.07118922}}, "sentences": [{"content": "\ub098\ub791 \uac00\uc7a5 \uce5c\ud558\ub2e4\uace0 \uc0dd\uac01\ud588\ub358 \uce5c\uad6c\uac00 \uc54c\uace0 \ubcf4\ub2c8 \ub4a4\uc5d0\uc11c \ub0b4 \uc695\uc744 \ud558\uace0 \ub2e4\ub154\ub2e4\ub294 \uac78 \uc54c\uc558\uc5b4.", "offset": 0, "length": 49, "sentiment": "negative", "confidence": {"negative": 0.99546814, "positive": 0.0002604762, "neutral": 0.004271353}, "highlights": [{"offset": 26, "length": 22}]}]}