{"document": {"sentiment": "negative", "confidence": {"negative": 99.98025, "positive": 0.0045405068, "neutral": 0.015210467}}, "sentences": [{"content": "\ub09c \ud559\ud3ed\ud558\uace0 \uc0c1\uad00 \uc5c6\ub294\ub370 \uc65c \ub098\uae4c\uc9c0 \ubc8c\uc744 \ubc1b\uc544\uc57c \ud558\ub294\uc9c0 \ubaa8\ub974\uaca0\uc5b4.", "offset": 0, "length": 36, "sentiment": "negative", "confidence": {"negative": 0.99881494, "positive": 0.0002724304, "neutral": 0.000912628}, "highlights": [{"offset": 16, "length": 19}]}]}