{"document": {"sentiment": "negative", "confidence": {"negative": 99.95876, "positive": 0.0047210865, "neutral": 0.03651705}}, "sentences": [{"content": "\uc544\uc9c1 \uc5b4\ub9b0 \ub3d9\uc0dd\uc5d0\uac8c \ub610 \ud654\ub97c \ub0b4\ubc84\ub838\uc5b4.", "offset": 0, "length": 21, "sentiment": "negative", "confidence": {"negative": 0.99687, "positive": 0.00027359452, "neutral": 0.0028564846}, "highlights": [{"offset": 13, "length": 7}]}, {"content": " \uc544\uae30\ub294 \ub9d0\uc744 \uc798 \uc548 \ub4e3\ub294 \uac8c \ub2f9\uc5f0\ud55c \uac74\ub370\ub3c4 \ud654\ub97c \ub0b4\uc11c \ub3d9\uc0dd\uc5d0\uac8c \ubbf8\uc548\ud574.", "offset": 21, "length": 40, "sentiment": "negative", "confidence": {"negative": 0.99818146, "positive": 0.00029293587, "neutral": 0.0015255614}, "highlights": [{"offset": 31, "length": 8}]}]}