{"document": {"sentiment": "negative", "confidence": {"negative": 99.9871, "positive": 0.0072742593, "neutral": 0.0056268484}}, "sentences": [{"content": "\uac74\uac15\ud558\uc9c0 \ubabb\ud574 \ub2e4\ub978 \uc0ac\ub78c\ub4e4\uc5d0\uac8c \uc758\uc9c0\ud558\uac8c \ub41c\ub2e4\uba74 \uc790\uc2e0\uc774 \ud55c\uc2ec\ud560 \uac70\uc57c.", "offset": 0, "length": 37, "sentiment": "negative", "confidence": {"negative": 0.999226, "positive": 0.00043645556, "neutral": 0.0003376109}, "highlights": [{"offset": 26, "length": 10}]}]}