{"document": {"sentiment": "negative", "confidence": {"negative": 99.981834, "positive": 0.0063748667, "neutral": 0.011789686}}, "sentences": [{"content": "\uce5c\uad6c\uc758 \uba85\uc608\ud1f4\uc9c1 \uc18c\uc2dd\uc5d0 \uc815\ub9d0\ub85c \uac71\uc815\uc774\uc57c.", "offset": 0, "length": 22, "sentiment": "negative", "confidence": {"negative": 0.9986885, "positive": 0.00038418305, "neutral": 0.0009272578}, "highlights": [{"offset": 0, "length": 21}]}, {"content": " \uc790\uc2dd\ub4e4\ub3c4 \uc544\uc9c1 \ub3c5\ub9bd\ud558\uc9c0 \ubabb\ud588\ub294\ub370 \ub108\ubb34 \ud63c\ub780\uc2a4\ub7fd\ub2e4\ub124.", "offset": 22, "length": 29, "sentiment": "negative", "confidence": {"negative": 0.99913174, "positive": 0.00038080098, "neutral": 0.0004875045}, "highlights": [{"offset": 19, "length": 9}]}]}