{"document": {"sentiment": "negative", "confidence": {"negative": 99.98667, "positive": 0.0062235943, "neutral": 0.007104234}}, "sentences": [{"content": "\uc6b0\ub9ac \ubd80\ubd80\uac00 \ucd9c\uc0b0\ud574\ub3c4 \uad6d\uac00\uc5d0\uc11c \uc9c0\uc6d0\ubc1b\uc744 \uc218 \uc788\ub294 \uc81c\ub3c4\uac00 \uc5c6\ub294 \uac83 \uac19\uc544 \uc5b5\uc6b8\ud55c \uae30\ubd84\uc774 \ub4e4\uc5b4.", "offset": 0, "length": 50, "sentiment": "negative", "confidence": {"negative": 0.9992003, "positive": 0.00037341565, "neutral": 0.00042625403}, "highlights": [{"offset": 0, "length": 49}]}]}