{"document": {"sentiment": "positive", "confidence": {"negative": 0.008525881, "positive": 99.95429, "neutral": 0.03717985}}, "sentences": [{"content": "\uc774 \ud68c\uc0ac\uac00 \ub098\uc758 \ucee4\ub9ac\uc5b4\uc5d0 \ud070 \ub3c4\uc6c0\uc774 \ub420 \uac83\uc774\ub77c\uace0 \ud655\uc2e0\ud574.", "offset": 0, "length": 31, "sentiment": "positive", "confidence": {"negative": 0.00051155285, "positive": 0.99725765, "neutral": 0.002230791}, "highlights": [{"offset": 0, "length": 30}]}]}