{"document": {"sentiment": "negative", "confidence": {"negative": 99.98798, "positive": 0.005604852, "neutral": 0.006414609}}, "sentences": [{"content": "\ub204\uad70\uac00 \ub178\ud6c4\uc5d0 \ub300\ud574\uc11c \ubb3c\uc5b4\uc624\uba74 \ube44\ucc38\ud558\uace0 \ud55c\uc2ec\ud55c \ub290\ub08c\uc774 \ub4e4\uc5b4.", "offset": 0, "length": 33, "sentiment": "negative", "confidence": {"negative": 0.99927884, "positive": 0.00033629112, "neutral": 0.00038487653}, "highlights": [{"offset": 17, "length": 15}]}]}