{"document": {"sentiment": "negative", "confidence": {"negative": 99.95865, "positive": 0.0047271173, "neutral": 0.036625534}}, "sentences": [{"content": "\ud559\ubd80\ubaa8 \uba74\ub2f4 \ub54c\ubb38\uc5d0 \ubd80\ubaa8\ub2d8\uc774 \uc624\uc168\ub294\ub370 \uc120\uc0dd\ub2d8\ud55c\ud14c \uc5b4\ub5a4 \ub9d0\uc744 \ub4e3\uac8c \ub420\uc9c0 \ub450\ub824\uc6cc.", "offset": 0, "length": 43, "sentiment": "negative", "confidence": {"negative": 0.9975189, "positive": 0.00028362704, "neutral": 0.002197532}, "highlights": [{"offset": 21, "length": 21}]}]}