{"document": {"sentiment": "negative", "confidence": {"negative": 99.987434, "positive": 0.0054351124, "neutral": 0.007128324}}, "sentences": [{"content": "\uc120\uc0dd\ub2d8\uc740 \ub0b4\uac00 \uc6a9\uae30\ub97c \ub0b4\uc11c \uc598\uae30\ub97c \ud574\ub3c4 \ubb34\uc2dc\ub97c \ud558\uc154. \ub108\ubb34 \ud654\uac00 \ub098.", "offset": 0, "length": 38, "sentiment": "negative", "confidence": {"negative": 0.9992461, "positive": 0.00032610673, "neutral": 0.00042769942}, "highlights": [{"offset": 30, "length": 7}]}]}