{"document": {"sentiment": "negative", "confidence": {"negative": 99.98683, "positive": 0.004036249, "neutral": 0.009129966}}, "sentences": [{"content": "\uc694\uc998 \uc77c\uc744 \ud558\ub294\ub370 \uc2e4\uc218\uac00 \uaf64 \uc788\uc5b4\uc11c \uac71\uc815\ub418\ub124.", "offset": 0, "length": 25, "sentiment": "negative", "confidence": {"negative": 0.99921, "positive": 0.00024217494, "neutral": 0.00054779794}, "highlights": [{"offset": 10, "length": 14}]}]}