{"document": {"sentiment": "negative", "confidence": {"negative": 99.98865, "positive": 0.003635352, "neutral": 0.0077180173}}, "sentences": [{"content": "\uc694\uc998 \ub178\ud6c4 \uc900\ube44\ub85c \uc778\ud574\uc11c \ub108\ubb34 \uc2a4\ud2b8\ub808\uc2a4\ub97c \ubc1b\uc544.", "offset": 0, "length": 26, "sentiment": "negative", "confidence": {"negative": 0.99880874, "positive": 0.00040676238, "neutral": 0.00078447536}, "highlights": [{"offset": 0, "length": 25}]}, {"content": " \uc0ac\uc2e4 \uc9c0\uae08\uae4c\uc9c0 \uc81c\ub300\ub85c \ub41c \uc900\ube44\ub97c \ud55c \uac8c \uc5c6\uc5b4\uc11c \ub354 \uadf8\ub7f0 \uac83 \uac19\uc544.", "offset": 26, "length": 37, "sentiment": "negative", "confidence": {"negative": 0.9998288, "positive": 2.9479861e-05, "neutral": 0.0001416867}, "highlights": [{"offset": 1, "length": 26}]}]}