{"document": {"sentiment": "negative", "confidence": {"negative": 99.98379, "positive": 0.006453228, "neutral": 0.009758159}}, "sentences": [{"content": "\uba74\uc811\uc744 \ubcf4\uace0 \uc654\ub294\ub370 \ubd88\ud569\uaca9\ud588\uc5b4.", "offset": 0, "length": 17, "sentiment": "negative", "confidence": {"negative": 0.9987465, "positive": 0.00045086007, "neutral": 0.00080259837}, "highlights": [{"offset": 11, "length": 5}]}, {"content": " \uc5f4\uc2ec\ud788 \uc900\ube44\ud574\uc11c \uac14\ub294\ub370 \uc2e4\uc804\uc5d0\uc11c \uc81c\ub300\ub85c \ud558\uc9c0 \ubabb\ud55c \uac83 \uac19\uc544.", "offset": 17, "length": 34, "sentiment": "negative", "confidence": {"negative": 0.9993081, "positive": 0.0003235273, "neutral": 0.00036838063}, "highlights": [{"offset": 14, "length": 19}]}]}