{"document": {"sentiment": "negative", "confidence": {"negative": 99.54478, "positive": 0.0139279375, "neutral": 0.44129294}}, "sentences": [{"content": "\uc6b0\ub9ac\ub098\ub77c\uc5d0\uc11c \uc560\ub97c \ub0b3\uc544\uc11c \uc798\u00a0\ud0a4\uc6b8 \uc218\u00a0\uc788\uc744\uc9c0 \ubaa8\ub974\uaca0\uc5b4.", "offset": 0, "length": 30, "sentiment": "negative", "confidence": {"negative": 0.9726867, "positive": 0.00083567627, "neutral": 0.026477577}, "highlights": [{"offset": 0, "length": 29}]}]}