{"document": {"sentiment": "positive", "confidence": {"negative": 0.016004642, "positive": 99.976555, "neutral": 0.0074431263}}, "sentences": [{"content": "\uc0c8 \ud559\ub144\uc774 \ub418\uc5b4\uc11c \uc774 \uc120\uc0dd\ub2d8 \uc218\uc5c5\uc740 \uc624\ub298 \ucc98\uc74c \ub4e4\uc5b4\ubcf4\ub294\ub370 \uc798 \uac00\ub974\uccd0\uc8fc\uc154\uc11c \uc88b\uc544.", "offset": 0, "length": 44, "sentiment": "positive", "confidence": {"negative": 0.0009602785, "positive": 0.99859315, "neutral": 0.00044658757}, "highlights": [{"offset": 32, "length": 11}]}]}