{"document": {"sentiment": "negative", "confidence": {"negative": 99.97425, "positive": 0.009392292, "neutral": 0.016354905}}, "sentences": [{"content": "\uc601\uc5b4 \uc131\uc801\uc740 \uc544\ubb34\ub9ac \ub178\ub825\ud574\ub3c4 \ud56d\uc0c1 \uc88b\uc9c0 \uc54a\uc544\uc11c \uacf5\ubd80\ud558\uae30\uac00 \uc2eb\uc5b4.", "offset": 0, "length": 35, "sentiment": "negative", "confidence": {"negative": 0.99845517, "positive": 0.0005635375, "neutral": 0.0009812943}, "highlights": [{"offset": 26, "length": 8}]}]}