{"document": {"sentiment": "neutral", "confidence": {"negative": 0.013396989, "positive": 0.016273662, "neutral": 99.97033}}, "sentences": [{"content": "\uc774\uc81c \uace0\uac1d\ud558\uace0 \ud1b5\ud654\ud560 \ub54c \ub9e4\ub274\uc5bc\ub9cc \uc77d\uc73c\uba74\uc11c \uc751\ub300\ud558\uac8c \ub410\uc5b4.", "offset": 0, "length": 32, "sentiment": "neutral", "confidence": {"negative": 0.00013396988, "positive": 0.00016273661, "neutral": 0.9997032}, "highlights": [{"offset": 14, "length": 17}]}]}