{"document": {"sentiment": "negative", "confidence": {"negative": 99.98083, "positive": 0.005304288, "neutral": 0.013868281}}, "sentences": [{"content": "\ud68c\uc0ac\uc5d0\uc11c \uc77c\ud558\ub2e4\uac00 \uac74\uac15\uc774 \uc548 \uc88b\uc544\uc11c \uc785\uc6d0\ud588\ub294\ub370 \ud68c\uc0ac\uc5d0\uc11c \uc0b0\uc7ac\ucc98\ub9ac\uac00 \uc548 \ub41c\ub2e4\uace0 \ud574\uc11c \ud798\ub4e4\uc5b4.", "offset": 0, "length": 50, "sentiment": "negative", "confidence": {"negative": 0.99884963, "positive": 0.00031825728, "neutral": 0.00083209685}, "highlights": [{"offset": 20, "length": 29}]}]}