{"document": {"sentiment": "neutral", "confidence": {"negative": 0.14771898, "positive": 0.118402064, "neutral": 99.73388}}, "sentences": [{"content": "\uc694\uc998 \ubc30\uac00 \uc790\uafb8 \ub098\uc624\ub124.", "offset": 0, "length": 13, "sentiment": "neutral", "confidence": {"negative": 0.0016460284, "positive": 0.0011799162, "neutral": 0.997174}, "highlights": [{"offset": 0, "length": 12}]}, {"content": " \ub9ce\uc774 \uba39\ub294 \uac83\ub3c4 \uc544\ub2cc\ub370 \uc810\uc810 \ubd88\ub8e9\ud574\uc9c0\ub294 \ub290\ub08c\uc774\uc57c.", "offset": 13, "length": 28, "sentiment": "neutral", "confidence": {"negative": 0.0013083512, "positive": 0.001188125, "neutral": 0.99750346}, "highlights": [{"offset": 1, "length": 26}]}]}