{"document": {"sentiment": "negative", "confidence": {"negative": 99.98704, "positive": 0.005102228, "neutral": 0.00785933}}, "sentences": [{"content": "\ub0b4\uac00 \uc5c4\uccad\ub098\uac8c \uc798\ud574\uc92c\ub294\ub370\ub3c4 \ub0b4\uac00 \ud544\uc694\ud560 \ub54c \ub3c4\uc6c0\uc744 \uc548 \uc8fc\ub2e4\ub2c8.", "offset": 0, "length": 34, "sentiment": "negative", "confidence": {"negative": 0.9992223, "positive": 0.00030613368, "neutral": 0.0004715598}, "highlights": [{"offset": 24, "length": 9}]}]}