{"document": {"sentiment": "negative", "confidence": {"negative": 99.98598, "positive": 0.0036740887, "neutral": 0.010351863}}, "sentences": [{"content": "\uc624\ub298 \ub108\ubb34 \ud654\uac00 \ub098\ub294 \uc77c\uc744 \ub2f9\ud588\uc5b4.", "offset": 0, "length": 19, "sentiment": "negative", "confidence": {"negative": 0.99914634, "positive": 0.00028711665, "neutral": 0.0005664604}, "highlights": [{"offset": 0, "length": 18}]}, {"content": " \uc0b0\uc7ac\ub97c \uc2e0\uccad\ud588\ub294\ub370 \ubc1b\uc544\uc8fc\uc9c0\ub97c \uc54a\ub294 \uc0c1\ud669\uc774\uc57c.", "offset": 19, "length": 25, "sentiment": "negative", "confidence": {"negative": 0.99917054, "positive": 0.00015377399, "neutral": 0.00067576306}, "highlights": [{"offset": 11, "length": 13}]}]}