{"document": {"sentiment": "negative", "confidence": {"negative": 99.980995, "positive": 0.008442486, "neutral": 0.010565271}}, "sentences": [{"content": "\uc544\ub0b4\uac00 \ub0b4\uac00 \uc5f4\uc2ec\ud788 \ub9c8\ub828\ud574 \ub208 \ub178\ud6c4 \uc790\uae08\uc744 \uac00\uc9c0\uace0 \ub3c4\ub9dd\uc744 \uccd0\uc11c \ub098\ub294 \ub9e4\uc6b0 \ud654\uac00 \ub098.", "offset": 0, "length": 46, "sentiment": "negative", "confidence": {"negative": 0.9988595, "positive": 0.00050654914, "neutral": 0.00063391624}, "highlights": [{"offset": 35, "length": 10}]}]}