{"document": {"sentiment": "negative", "confidence": {"negative": 99.984474, "positive": 0.004258567, "neutral": 0.011269414}}, "sentences": [{"content": "\uce5c\uad6c \uc0dd\uc77c \ud30c\ud2f0 \ub54c \uc120\ubb3c\uc744 \uc0ac\uc904 \ub3c8\uc774 \uc5c6\uc5b4\uc11c \ube48\uc190\uc73c\ub85c \uac14\ub2e4\uac00 \uc560\ub4e4\uc5d0\uac8c \uc695\uc744 \ub4e4\uc5c8\uc5b4.", "offset": 0, "length": 46, "sentiment": "negative", "confidence": {"negative": 0.99906844, "positive": 0.00025551402, "neutral": 0.00067616487}, "highlights": [{"offset": 34, "length": 11}]}]}