{"document": {"sentiment": "neutral", "confidence": {"negative": 0.10274188, "positive": 0.17441024, "neutral": 99.72285}}, "sentences": [{"content": "\ucde8\uc5c5\uc744 \uc900\ube44\ud558\ub294\ub370 \ubaa8\ub4e0 \uac8c \ub2e4 \ub3c8\uc774\uc57c.", "offset": 0, "length": 21, "sentiment": "neutral", "confidence": {"negative": 0.0010059059, "positive": 0.0027085717, "neutral": 0.99628544}, "highlights": [{"offset": 0, "length": 20}]}, {"content": " \uae30\uc5c5\uc5d0\uc11c \uc694\uad6c\ud558\ub294 \uac8c \ub9ce\uc544\uc9c0\uba74 \ub9ce\uc544\uc9c8\uc218\ub85d \uadf8\uac83\uc744 \uc804\ubb38\uc801\uc73c\ub85c \uac00\ub974\uce58\ub294 \uac15\uc0ac\ud55c\ud14c \ubc30\uc6cc\uc57c \ud558\uae30 \ub54c\ubb38\uc5d0 \ub3c8\uc774 \ub354 \ub9ce\uc774 \ub4e4\uc5b4\uac00.", "offset": 21, "length": 67, "sentiment": "neutral", "confidence": {"negative": 0.0010489316, "positive": 0.00077963294, "neutral": 0.99817145}, "highlights": [{"offset": 55, "length": 11}]}]}