{"document": {"sentiment": "negative", "confidence": {"negative": 99.95496, "positive": 0.008105289, "neutral": 0.036933377}}, "sentences": [{"content": "\uc6d0\ud558\ub294 \ub300\ud559\uc5d0 \ubabb \ubd99\uc5c8\uc5b4.", "offset": 0, "length": 14, "sentiment": "negative", "confidence": {"negative": 0.995886, "positive": 0.00039317008, "neutral": 0.0037207846}, "highlights": [{"offset": 0, "length": 13}]}, {"content": " \uc778\uc0dd\uc758 \uc2e4\ud328\uc790\uc778 \ub0a0 \ub2e4\ub4e4 \uc2eb\uc5b4\ud560 \uac70 \uac19\uc544\uc11c \ubd88\uc548\ud574.", "offset": 14, "length": 29, "sentiment": "negative", "confidence": {"negative": 0.9987093, "positive": 0.0005794646, "neutral": 0.00071122067}, "highlights": [{"offset": 10, "length": 18}]}]}