{"document": {"sentiment": "negative", "confidence": {"negative": 99.9786, "positive": 0.006933508, "neutral": 0.014470344}}, "sentences": [{"content": "\ud300\uc6d0\ub4e4\uc774 \ub4a4\uc5d0\uc11c \ub098\ub97c \uc695\ud558\uace0 \uc788\ub294 \uac83\uc744 \uc54c\uace0 \ucda9\uaca9\uc744 \ubc1b\uc558\uc5b4.", "offset": 0, "length": 33, "sentiment": "negative", "confidence": {"negative": 0.99871576, "positive": 0.00041601047, "neutral": 0.00086822064}, "highlights": [{"offset": 25, "length": 7}]}]}