{"document": {"sentiment": "positive", "confidence": {"negative": 0.0004827937, "positive": 99.99837, "neutral": 0.0011484959}}, "sentences": [{"content": "\uc784\uc2e0\ud558\uace0 \uc721 \uac1c\uc6d4 \ucc28\uac00 \ub418\uc5b4 \ubc30\uac00 \ubd88\ub7ec\uc624\uba74\uc11c \ubab8\uc774 \ubb34\ucc99 \ud798\ub4e4\uc5c8\ub294\ub370 \uc5b4\uc81c\ub294 \ud3b8\ud788 \uc7a4\uc5b4.", "offset": 0, "length": 47, "sentiment": "positive", "confidence": {"negative": 2.896762e-05, "positive": 0.9999021, "neutral": 6.890976e-05}, "highlights": [{"offset": 37, "length": 9}]}]}