{"document": {"sentiment": "negative", "confidence": {"negative": 99.921936, "positive": 0.012571215, "neutral": 0.06549047}}, "sentences": [{"content": "\uc694\uc998 \uac31\ub144\uae30 \ub54c\ubb38\uc5d0 \ubc24\uc5d0 \uc7a0\uc744 \uc798 \uc218\uac00 \uc5c6\uc5b4.", "offset": 0, "length": 25, "sentiment": "negative", "confidence": {"negative": 0.9926052, "positive": 0.00057960517, "neutral": 0.0068152603}, "highlights": [{"offset": 0, "length": 24}]}, {"content": " \uc778\uc0dd\uc774 \ud5c8\ubb34\ud55c \uac83 \uac19\uc544\uc11c \ub208\ubb3c\ub3c4 \ub9ce\uc774 \ub098\uace0.", "offset": 25, "length": 25, "sentiment": "negative", "confidence": {"negative": 0.9980274, "positive": 0.0009289406, "neutral": 0.0010435961}, "highlights": [{"offset": 1, "length": 14}]}]}