{"document": {"sentiment": "negative", "confidence": {"negative": 99.983055, "positive": 0.004930285, "neutral": 0.012013646}}, "sentences": [{"content": "\uc554\uc5d0 \uac78\ub838\ub294\ub370 \uc0ac\ub78c\ub4e4\uc740 \ub098\ub9cc \ubcf4\uba74 \uae30\uc6b4 \ub0b4\ub77c\uace0 \ud558\ub294\ub370 \uadf8\ub7f0 \ub9d0\uc740 \ub3c4\uc6c0\uc774 \uc548 \ub3fc.", "offset": 0, "length": 44, "sentiment": "negative", "confidence": {"negative": 0.9989833, "positive": 0.0002958171, "neutral": 0.00072081876}, "highlights": [{"offset": 0, "length": 8}]}]}