{"document": {"sentiment": "negative", "confidence": {"negative": 85.731674, "positive": 0.018407168, "neutral": 14.249918}}, "sentences": [{"content": "\ub0b4\uac00 \uc81c\uc77c \uba3c\uc800 \ucde8\uc5c5\ud560 \uc904 \uc54c\uc558\ub294\ub370 \ub0b4 \uce5c\uad6c\ub4e4\uc774 \uba3c\uc800 \ud588\ub124.", "offset": 0, "length": 33, "sentiment": "neutral", "confidence": {"negative": 0.0021312386, "positive": 0.0009201788, "neutral": 0.99694854}, "highlights": [{"offset": 20, "length": 12}]}, {"content": " \ub2e4 \ucde8\uc9c1\ud558\uace0 \ub098\ub9cc \ubc31\uc218\ub77c\ub2c8 \uc5b5\uc6b8\ud574.", "offset": 33, "length": 20, "sentiment": "negative", "confidence": {"negative": 0.9990859, "positive": 0.00036832294, "neutral": 0.000545666}, "highlights": [{"offset": 1, "length": 18}]}]}