{"document": {"sentiment": "negative", "confidence": {"negative": 99.99127, "positive": 0.0042032413, "neutral": 0.0045253206}}, "sentences": [{"content": "\uc624\ub298 \ub0b4\uac00 \uc790\ub9ac\ub97c \ube44\uc6b4 \uc0ac\uc774 \uac70\ub798\ucc98 \uc190\ub2d8\uc774 \ubc29\ubb38\ud574\uc11c \ub2e4\ub978 \uc0ac\uc6d0\uc774 \uc77c\uc744 \ucc98\ub9ac\ud588\ub294\ub370 \uadf8\uac8c \uc798\ubabb\ub3fc\uc11c \uae30\ubd84\uc774 \uc5c9\ub9dd\uc774\uc57c.", "offset": 0, "length": 62, "sentiment": "negative", "confidence": {"negative": 0.99947625, "positive": 0.00025219447, "neutral": 0.00027151924}, "highlights": [{"offset": 13, "length": 48}]}]}