{"document": {"sentiment": "negative", "confidence": {"negative": 99.97787, "positive": 0.004109485, "neutral": 0.01802215}}, "sentences": [{"content": "\uc790\uc2dd\uc774 \uc138 \uba85\uc774\ub098 \uc788\ub294\ub370 \ub0a8\ud3b8\uc774 \ub610 \uc560\ub97c \ub0b3\uc790\uace0 \ud574\uc11c \ub2f9\ud669\ud588\uc5b4.", "offset": 0, "length": 35, "sentiment": "negative", "confidence": {"negative": 0.9986721, "positive": 0.0002465691, "neutral": 0.001081329}, "highlights": [{"offset": 20, "length": 14}]}]}