{"document": {"sentiment": "negative", "confidence": {"negative": 99.979416, "positive": 0.0059421537, "neutral": 0.014640208}}, "sentences": [{"content": "\uc5bc\ub9c8 \uc804 \uba74\uc811 \ubcf8 \uacf3\uc774 \uc788\ub294\ub370 \ub0b4\uc77c \uc5f0\ub77d \uc900\ub2e4\uace0 \ud588\ub294\ub370 \uc5b4\ub5bb\uac8c \ub420\uc9c0 \uac71\uc815\ub3fc.", "offset": 0, "length": 42, "sentiment": "negative", "confidence": {"negative": 0.9987651, "positive": 0.00035652923, "neutral": 0.0008784125}, "highlights": [{"offset": 31, "length": 10}]}]}