{"document": {"sentiment": "negative", "confidence": {"negative": 99.984276, "positive": 0.0074753882, "neutral": 0.008246459}}, "sentences": [{"content": "\ub0a0 \uc8fd\uc5b4\ub77c \ubbf8\uc6cc\ud558\ub294 \uc0c1\uc0ac\uac00 \uc788\ub294\ub370 \uadf8 \uc0ac\ub78c \uc0dd\uac01\ub9cc \ud558\uba74 \ud658\uba78\uc774 \ub098\ub124.", "offset": 0, "length": 38, "sentiment": "negative", "confidence": {"negative": 0.99905676, "positive": 0.0004485233, "neutral": 0.0004947875}, "highlights": [{"offset": 19, "length": 18}]}]}