{"document": {"sentiment": "negative", "confidence": {"negative": 99.990555, "positive": 0.0041743866, "neutral": 0.005272905}}, "sentences": [{"content": "\uc790\uc0b0\uad00\ub9ac\uc5d0 \ub300\ud55c \uac15\uc758\ub97c \ub4e4\uc5c8\ub294\ub370 \ub178\ud6c4 \uc900\ube44\uac00 \uc548 \ub41c \uac83 \uac19\uc544\uc11c \uc2a4\uc2a4\ub85c\uc5d0 \ub300\ud574\uc11c \ubd88\ub9cc\uc774\uc57c.", "offset": 0, "length": 49, "sentiment": "negative", "confidence": {"negative": 0.9994332, "positive": 0.0002504632, "neutral": 0.0003163743}, "highlights": [{"offset": 35, "length": 13}]}]}