{"document": {"sentiment": "negative", "confidence": {"negative": 99.98631, "positive": 0.004257636, "neutral": 0.009428233}}, "sentences": [{"content": "\ub0a8\uc790 \uce5c\uad6c\uac00 \uc790\uafb8 \ubc14\ub78c \ud53c\uc6b0\ub294 \uac70 \uc544\ub2c8\ub0d0\uace0 \uc758\uc2ec\uc744 \ud558\ub294 \ub370 \ub108\ubb34 \uc5b5\uc6b8\ud574.", "offset": 0, "length": 40, "sentiment": "negative", "confidence": {"negative": 0.9991788, "positive": 0.00025545817, "neutral": 0.00056569395}, "highlights": [{"offset": 24, "length": 15}]}]}