{"document": {"sentiment": "negative", "confidence": {"negative": 99.98285, "positive": 0.008775628, "neutral": 0.008372992}}, "sentences": [{"content": "\ub098\ub294 \ud559\uad50\ud3ed\ub825\uc5d0 \uac00\ub2f4\ud55c \uc801\uc774 \uc5c6\ub294\ub370 \ub098\uae4c\uc9c0 \uac19\uc774 \ud559\uad50\ud3ed\ub825\uc704\uc6d0\ud68c\uc5d0 \ubd88\ub824 \uac00\uac8c \ub418\uc5b4\uc11c \ub108\ubb34 \ubd88\uc548\ud574.", "offset": 0, "length": 53, "sentiment": "negative", "confidence": {"negative": 0.9989711, "positive": 0.0005265377, "neutral": 0.00050237955}, "highlights": [{"offset": 20, "length": 32}]}]}