{"document": {"sentiment": "negative", "confidence": {"negative": 99.81374, "positive": 0.00448098, "neutral": 0.18177445}}, "sentences": [{"content": "\ub0b4\uac00 \ud3c9\uc18c\uc5d0 \uc2eb\uc5b4\ud558\ub294 \uc560\uac00 \uc788\ub294\ub370 \uc624\ub298 \uac54 \ucc45\uc0c1\uc5d0 \ubab0\ub798 \ub099\uc11c\ud588\uc5b4.", "offset": 0, "length": 36, "sentiment": "negative", "confidence": {"negative": 0.98882467, "positive": 0.0002688588, "neutral": 0.010906467}, "highlights": [{"offset": 22, "length": 13}]}]}