{"document": {"sentiment": "positive", "confidence": {"negative": 0.01517932, "positive": 99.28288, "neutral": 0.70193684}}, "sentences": [{"content": "\uc774\ubc88\uc5d0 \ub0b4\uac00 \uc6d0\ud558\ub358 \ud68c\uc0ac\uc5d0 \ucde8\uc9c1\ud558\uac8c \ub410\uc5b4.", "offset": 0, "length": 23, "sentiment": "positive", "confidence": {"negative": 0.00078702776, "positive": 0.91553086, "neutral": 0.08368216}, "highlights": [{"offset": 11, "length": 11}]}, {"content": " \uc815\ub9d0 \uc624\ub7ab\ub3d9\uc548 \ucde8\uc5c5 \uc900\ube44\ub97c \ud588\uc5c8\ub294\ub370 \ud569\uaca9\ud558\uac8c \ub3fc\uc11c \ub108\ubb34 \uae30\ubed0.", "offset": 23, "length": 35, "sentiment": "positive", "confidence": {"negative": 0.0010344906, "positive": 0.99841523, "neutral": 0.00055026385}, "highlights": [{"offset": 21, "length": 13}]}]}