{"document": {"sentiment": "negative", "confidence": {"negative": 99.9696, "positive": 0.007871401, "neutral": 0.022530885}}, "sentences": [{"content": "\ub0b4\uac00 \ud798\ub4e4\uac8c \uc900\ube44\ud574\uc11c \uc785\uc0ac\ub97c \ud588\ub294\ub370 \uc778\ub9e5\uc73c\ub85c \uc785\uc0ac\ud55c \uc9c1\uc6d0\uc744 \ubcf4\ub2c8 \uc9c8\ud22c\uac00 \ub098.", "offset": 0, "length": 42, "sentiment": "negative", "confidence": {"negative": 0.99817586, "positive": 0.00047228404, "neutral": 0.0013518531}, "highlights": [{"offset": 20, "length": 21}]}]}