{"document": {"sentiment": "negative", "confidence": {"negative": 99.98322, "positive": 0.0072883987, "neutral": 0.0094850445}}, "sentences": [{"content": "\ud574\ub2ec\ub77c\ub294 \ub300\ub85c \uc790\uc2dd\ub4e4\uc744 \ud574\uc678 \uc720\ud559\uc744 \ubcf4\ub0b4\uc92c\ub294\ub370 \ube5a\ub9cc \uc794\ub729 \uc0dd\uaca8 \ub2f9\ud669\uc2a4\ub7ec\uc6cc.", "offset": 0, "length": 41, "sentiment": "negative", "confidence": {"negative": 0.9989936, "positive": 0.0004373039, "neutral": 0.00056910265}, "highlights": [{"offset": 26, "length": 14}]}]}