{"document": {"sentiment": "negative", "confidence": {"negative": 99.877205, "positive": 0.011015199, "neutral": 0.11177733}}, "sentences": [{"content": "\ub098 \ud63c\uc790 \uc77c \ub144 \ub3d9\uc548 \uc9dd\uc0ac\ub791\ud588\ub358 \uc0ac\ub78c\uc774 \ub098\ub97c \uc88b\uc544\ud55c\ub2e4\uace0 \uace0\ubc31\ud574\uc11c \ub108\ubb34 \ub2f9\ud669\uc2a4\ub7ec\uc6e0\uc5b4.", "offset": 0, "length": 46, "sentiment": "negative", "confidence": {"negative": 0.99263245, "positive": 0.00066091196, "neutral": 0.0067066397}, "highlights": [{"offset": 31, "length": 14}]}]}