{"document": {"sentiment": "negative", "confidence": {"negative": 99.87208, "positive": 0.008692208, "neutral": 0.11923053}}, "sentences": [{"content": "\uccb4\uc721 \uc2e4\uae30 \ud3c9\uac00\ub97c \uae30\ub2e4\ub9ac\ub294\ub370 \ub0b4 \ucc28\ub840\uac00 \uac00\uae4c\uc6cc\uc9c8\uc218\ub85d \ub108\ubb34 \uae34\uc7a5\uc774 \ub3fc.", "offset": 0, "length": 38, "sentiment": "negative", "confidence": {"negative": 0.9923246, "positive": 0.00052153243, "neutral": 0.007153832}, "highlights": [{"offset": 16, "length": 21}]}]}