{"document": {"sentiment": "negative", "confidence": {"negative": 99.9787, "positive": 0.0062263315, "neutral": 0.015073472}}, "sentences": [{"content": "\uc6b0\ub9ac \uc9d1 \ubd84\uc704\uae30\uac00 \ub108\ubb34 \ub0c9\ub7ad\ud55c\ub370 \ub2e4\uc2dc \ud654\ubaa9\ud574\uc9c8 \uc218 \uc788\uc744\uc9c0 \ubaa8\ub974\uaca0\uc5b4.", "offset": 0, "length": 37, "sentiment": "negative", "confidence": {"negative": 0.998722, "positive": 0.00037357988, "neutral": 0.0009044083}, "highlights": [{"offset": 0, "length": 18}]}]}