{"document": {"sentiment": "negative", "confidence": {"negative": 99.98684, "positive": 0.0053976285, "neutral": 0.0077650505}}, "sentences": [{"content": "\uc5f0\uc560\ud560 \ub54c \uc9dc\uc99d \ub0b4\ub294 \uce5c\uad6c\ub4e4\uc744 \ubcf4\uba74 \uc880 \uc774\ud574\uac00 \uc548 \uac00\ub294 \uac83 \uac19\uc544.", "offset": 0, "length": 36, "sentiment": "negative", "confidence": {"negative": 0.99921024, "positive": 0.0003238577, "neutral": 0.00046590302}, "highlights": [{"offset": 6, "length": 29}]}]}