{"document": {"sentiment": "negative", "confidence": {"negative": 99.97854, "positive": 0.00827889, "neutral": 0.0131807905}}, "sentences": [{"content": "\ub538\uc774 \uc720\ud559 \uac00\uace0 \uc2f6\uc5b4 \ud558\ub294\ub370 \uadf8 \ub9d0\uc744 \ub4e3\uace0 \ub098\ub2c8 \uc7a0\uc744 \ubabb \uc798 \uc815\ub3c4\ub85c \uad34\ub85c\uc6cc.", "offset": 0, "length": 42, "sentiment": "negative", "confidence": {"negative": 0.9987124, "positive": 0.00049673335, "neutral": 0.0007908474}, "highlights": [{"offset": 34, "length": 7}]}]}