{"document": {"sentiment": "negative", "confidence": {"negative": 99.951935, "positive": 0.016748155, "neutral": 0.031313673}}, "sentences": [{"content": "\uc774\uc81c \uc77c\uc744 \ub354\ub294 \uc548 \ud558\uac8c \ub41c\ub2e4\ub2c8 \uc740\ud1f4\uac00 \ud640\uac00\ubd84\ud558\uc9c0\ub9cc\uc740 \uc54a\ub124.", "offset": 0, "length": 33, "sentiment": "negative", "confidence": {"negative": 0.9971163, "positive": 0.0010048893, "neutral": 0.0018788204}, "highlights": [{"offset": 30, "length": 2}]}]}