{"document": {"sentiment": "positive", "confidence": {"negative": 0.01911484, "positive": 99.9745, "neutral": 0.0063820467}}, "sentences": [{"content": "\uc784\uc2e0\ud558\uace0 \ub098\uc11c \ucb49 \uac71\uc815\ud588\ub294\ub370 \ubb34\uc0ac\ud788 \uc544\uc774\ub97c \ub0b3\uc544\uc11c \ub2e4\ud589\uc774\uc57c.", "offset": 0, "length": 33, "sentiment": "positive", "confidence": {"negative": 0.0011468905, "positive": 0.9984701, "neutral": 0.0003829228}, "highlights": [{"offset": 10, "length": 22}]}]}