{"document": {"sentiment": "negative", "confidence": {"negative": 99.988205, "positive": 0.00022695654, "neutral": 0.011565609}}, "sentences": [{"content": "\uc544\ub0b4\uac00 \uc120\ubb3c \uc0ac\uc654\ub294\ub370 \ub0b4 \uac83\uc740 \ud558\ub098\ub3c4 \uc5c6\uc5c8\uc5b4. \uc65c \uc774\ub7f0 \uac78\uae4c.", "offset": 0, "length": 34, "sentiment": "negative", "confidence": {"negative": 0.9992925, "positive": 1.3617393e-05, "neutral": 0.00069393654}, "highlights": [{"offset": 12, "length": 12}]}]}