{"document": {"sentiment": "negative", "confidence": {"negative": 99.98069, "positive": 0.007469825, "neutral": 0.011841933}}, "sentences": [{"content": "\ub098\ub294 \ubc18\uc7a5\uc774 \ub418\uace0 \uc2f6\uc9c0 \uc54a\uc740\ub370 \ubc18 \uc560\ub4e4\uc774 \uc77c\ubd80\ub7ec \ub0b4\uac00 \ubc18\uc7a5\uc774 \ub418\uac8c \ud574\ub193\uace0 \ubd80\ub824\uba39\uc73c\uba74\uc11c \uad34\ub86d\ud78c\ub2e4.", "offset": 0, "length": 53, "sentiment": "negative", "confidence": {"negative": 0.99884135, "positive": 0.0004481895, "neutral": 0.000710516}, "highlights": [{"offset": 27, "length": 25}]}]}