{"document": {"sentiment": "negative", "confidence": {"negative": 99.98671, "positive": 0.0061236, "neutral": 0.007168037}}, "sentences": [{"content": "\ub0a8\ud3b8\uc774 \ubab8\uc774 \uc544\ud508\ub370 \uc5b8\uc820\uac00 \ub0b4 \uc606\uc5d0 \uc5c6\uc744 \uc218\ub3c4 \uc788\ub2e4\uace0 \uc0dd\uac01\ud558\ub2c8 \ub108\ubb34 \ubb34\uc12d\uace0 \ubd88\uc548\ud574.", "offset": 0, "length": 46, "sentiment": "negative", "confidence": {"negative": 0.99920243, "positive": 0.000367416, "neutral": 0.0004300822}, "highlights": [{"offset": 30, "length": 15}]}]}