{"document": {"sentiment": "positive", "confidence": {"negative": 0.026885323, "positive": 99.948105, "neutral": 0.025008405}}, "sentences": [{"content": "\uc544\ub4e4\uc774 \uc11c\uc6b8\ub300 \uc758\ub300\uc5d0 \ud569\uaca9\ud588\ub294\ub370 \ub0b4\uac00 \ud569\uaca9\ud55c \uac83\ubcf4\ub2e4 \ub354 \uae30\ubed0.", "offset": 0, "length": 34, "sentiment": "positive", "confidence": {"negative": 0.0016131194, "positive": 0.9968863, "neutral": 0.0015005042}, "highlights": [{"offset": 0, "length": 33}]}]}