{"document": {"sentiment": "negative", "confidence": {"negative": 99.96631, "positive": 0.0062496155, "neutral": 0.027442927}}, "sentences": [{"content": "\ub098\ub97c \uad34\ub86d\ud78c \uce5c\uad6c\ub4e4\uc774 \uac11\uc790\uae30 \uc6c3\uc73c\uba74\uc11c \ub9d0\uc744 \uac70\ub294 \ub370 \ubd88\uc548\ud588\uc5b4.", "offset": 0, "length": 34, "sentiment": "negative", "confidence": {"negative": 0.9979785, "positive": 0.00037497692, "neutral": 0.0016465756}, "highlights": [{"offset": 21, "length": 12}]}]}