{"document": {"sentiment": "positive", "confidence": {"negative": 0.009874874, "positive": 99.97741, "neutral": 0.012714121}}, "sentences": [{"content": "\uc774\ubc88\uc5d0 \ub9e1\uc740 \ud504\ub85c\uc81d\ud2b8\ub294 \ub0b4\uac00 \ube44\uc2b7\ud55c \uc77c\uc744 \ud574 \ubcf8 \uc801\uc774 \uc788\uc73c\ub2c8 \uc544\uc8fc \uc798 \ud574\ub0bc \uc218 \uc788\uaca0\uc5b4!", "offset": 0, "length": 48, "sentiment": "positive", "confidence": {"negative": 0.0005924924, "positive": 0.99864465, "neutral": 0.00076284725}, "highlights": [{"offset": 0, "length": 47}]}]}