{"document": {"sentiment": "positive", "confidence": {"negative": 0.023872824, "positive": 99.97086, "neutral": 0.005261411}}, "sentences": [{"content": "\uc62c\ud574 \uac74\uac15\uac80\uc9c4\uc5d0\uc11c\ub294 \uac74\uac15\uc5d0 \ud070 \uc774\uc0c1\uc774 \uc5c6\ub2e4\uace0 \ud558\ub2c8\uae50 \ub9c8\uc74c\uc774 \ud55c\uacb0 \uac00\ubcbc\uc6cc\uc9c0\uace0 \uae30\ubd84\uc774 \uc88b\uc544.", "offset": 0, "length": 49, "sentiment": "positive", "confidence": {"negative": 0.0014323695, "positive": 0.998252, "neutral": 0.00031568465}, "highlights": [{"offset": 0, "length": 42}]}]}