{"document": {"sentiment": "negative", "confidence": {"negative": 99.984955, "positive": 0.006421507, "neutral": 0.008625735}}, "sentences": [{"content": "\ub0b4\uac00 \uc740\ud1f4\ub97c \ub300\ube44\ud574 \uc900\ube44\ud55c \ucc3d\uc5c5 \uc544\uc774\ub514\uc5b4\ub97c \uc9c1\uc7a5 \ub3d9\ub8cc\uac00 \uac00\ub85c\ucc44\uc11c \ucc3d\uc5c5\ud574 \ubc84\ub9b0 \uac78 \uc54c\uace0\uc11c \ud654\uac00 \ub0ac\uc5b4.", "offset": 0, "length": 55, "sentiment": "negative", "confidence": {"negative": 0.9990972, "positive": 0.00038529042, "neutral": 0.0005175441}, "highlights": [{"offset": 36, "length": 18}]}]}