{"document": {"sentiment": "positive", "confidence": {"negative": 0.0042489157, "positive": 99.9559, "neutral": 0.03985183}}, "sentences": [{"content": "\uc784\uc2e0\uc5d0 \ub300\ud574 \ubd80\ub2f4\uc774 \uac15\ud588\uc5c8\ub294\ub370 \uacc4\ud68d\uc744 \ucc28\ucc28 \uc138\uc6b0\uae30\ub85c \ud574\uc11c \ub108\ubb34 \uae30\ubed0.", "offset": 0, "length": 38, "sentiment": "positive", "confidence": {"negative": 0.00025493494, "positive": 0.9973539, "neutral": 0.0023911097}, "highlights": [{"offset": 17, "length": 20}]}]}