{"document": {"sentiment": "negative", "confidence": {"negative": 99.989296, "positive": 0.004887911, "neutral": 0.0058129258}}, "sentences": [{"content": "\uc774 \uc5c4\ub9c8\uac00 \uc544\ud508\ub370\ub3c4 \uc790\uc2dd\ub4e4\uc774 \uc544\ubb34\ub3c4 \ub300\uc2e0 \uc9d1\uc548\uc77c\uc744 \uc548 \ucc59\uaca8 \uc918\uc11c \ud654\uac00 \ub098\ub124.", "offset": 0, "length": 42, "sentiment": "negative", "confidence": {"negative": 0.9993579, "positive": 0.00029327467, "neutral": 0.00034877553}, "highlights": [{"offset": 11, "length": 30}]}]}