{"document": {"sentiment": "negative", "confidence": {"negative": 99.97856, "positive": 0.00795268, "neutral": 0.013483851}}, "sentences": [{"content": "\uacbd\uae30 \uc545\ud654\ub85c \uc704\uc5d0\uc11c \ub0b4\ub824\uc628 \uc555\ubc15 \ub54c\ubb38\uc5d0 \uc5b4\uca54 \uc218 \uc5c6\uc774 \ud300\uc6d0 \uc911 \ud55c \uc0ac\ub78c\uc744 \uc815\ub9ac\ud574\uc57c \ud55c\ub2e4\ub294 \uc0ac\uc2e4\uc774 \ubbf8\uc548\ud574.", "offset": 0, "length": 58, "sentiment": "negative", "confidence": {"negative": 0.99871385, "positive": 0.00047716082, "neutral": 0.0008090311}, "highlights": [{"offset": 37, "length": 20}]}]}