{"document": {"sentiment": "positive", "confidence": {"negative": 0.005847963, "positive": 99.99145, "neutral": 0.0027036981}}, "sentences": [{"content": "\uc6b0\ub9ac \uac00\uc871\uc758 \uc218\uc785\uc774 \ud0c4\ud0c4\ud574\uc11c \uae30\ubd84\uc774 \uc88b\uc544.", "offset": 0, "length": 23, "sentiment": "positive", "confidence": {"negative": 0.0003508778, "positive": 0.9994869, "neutral": 0.00016222188}, "highlights": [{"offset": 16, "length": 6}]}]}