{"document": {"sentiment": "positive", "confidence": {"negative": 0.006648079, "positive": 99.9905, "neutral": 0.002848294}}, "sentences": [{"content": "\uad6c\ub0b4\uc2dd\ub2f9\uc744 \uc6b4\uc601\ud558\ub294 \uc5c5\uccb4\uac00 \ubc14\ub00c\uc5c8\ub294\ub370 \uba54\ub274\ub3c4 \ub9ce\uc544\uc9c0\uace0 \ub9db\uc788\uc5b4\uc838\uc11c \ub9cc\uc871\uc2a4\ub7ec\uc6cc.", "offset": 0, "length": 42, "sentiment": "positive", "confidence": {"negative": 0.00039888473, "positive": 0.99943024, "neutral": 0.00017089765}, "highlights": [{"offset": 21, "length": 20}]}]}