{"document": {"sentiment": "negative", "confidence": {"negative": 99.99695, "positive": 0.0011641957, "neutral": 0.001885293}}, "sentences": [{"content": "\uc5b4\uc81c\uac00 \uacb0\ud63c\uae30\ub150\uc77c\uc774\uc5c8\ub294\ub370 \ub0a8\ud3b8\uc774 \uacb0\ud63c\uae30\ub150\uc77c\uc744 \uae4c\uba39\uc5b4\uc11c \uc2ac\ud37c.", "offset": 0, "length": 33, "sentiment": "negative", "confidence": {"negative": 0.9998171, "positive": 6.985174e-05, "neutral": 0.00011311758}, "highlights": [{"offset": 14, "length": 18}]}]}