{"document": {"sentiment": "negative", "confidence": {"negative": 99.98024, "positive": 0.006283818, "neutral": 0.013477237}}, "sentences": [{"content": "\uc5b4\uc81c \uce5c\uad6c\ub97c \uc624\ub79c\ub9cc\uc5d0 \ub9cc\ub0ac\ub294\ub370 \uc88b\uc740 \uacf3\uc5d0 \ucde8\uc5c5\ud588\ub2e4\uace0 \ub0a0 \ubb34\uc2dc\ud558\ub294 \uac70 \uac19\uc544.", "offset": 0, "length": 41, "sentiment": "negative", "confidence": {"negative": 0.99881434, "positive": 0.00037702906, "neutral": 0.0008086342}, "highlights": [{"offset": 17, "length": 23}]}]}