{"document": {"sentiment": "positive", "confidence": {"negative": 0.009334774, "positive": 99.986534, "neutral": 0.0041304855}}, "sentences": [{"content": "\ub9e4\uc77c \uafb8\uc900\ud788 \uc6b4\ub3d9\ud588\ub354\ub2c8 \uac74\uac15\uc774 \uc810\uc810 \uc88b\uc544\uc9c0\ub294 \uac83\uc774 \ub290\uaef4\uc838\uc11c \uae30\ubed0.", "offset": 0, "length": 36, "sentiment": "positive", "confidence": {"negative": 0.0005600864, "positive": 0.99919206, "neutral": 0.00024782913}, "highlights": [{"offset": 0, "length": 33}]}]}