{"document": {"sentiment": "negative", "confidence": {"negative": 99.931595, "positive": 0.009149981, "neutral": 0.059255216}}, "sentences": [{"content": "\uc544\uc9c1 \uc544\uc774\ub4e4\uc774 \uc5b4\ub824\uc11c \uc77c\uc744 \ub354 \ud574\uc57c \ud558\ub294\ub370 \ub098\uc774\ub97c \uba39\uc744\uc218\ub85d \uccb4\ub825\uc801\uc73c\ub85c \ud798\ub4dc\ub124.", "offset": 0, "length": 43, "sentiment": "negative", "confidence": {"negative": 0.9966018, "positive": 0.00077795907, "neutral": 0.002620224}, "highlights": [{"offset": 33, "length": 9}]}, {"content": " \ubab8\ub3c4 \uc774\uacf3\uc800\uacf3 \uc464\uc2dc\uace0.", "offset": 43, "length": 13, "sentiment": "negative", "confidence": {"negative": 0.99518955, "positive": 0.0003200386, "neutral": 0.004490402}, "highlights": [{"offset": 1, "length": 11}]}]}