{"document": {"sentiment": "negative", "confidence": {"negative": 99.956, "positive": 0.015273316, "neutral": 0.028722135}}, "sentences": [{"content": "\uacb0\ud63c \uc900\ube44\ud558\uba74\uc11c \ucc38 \ud589\ubcf5\ud588\ub294\ub370 \ub0a0\uc9dc\uac00 \ub2e4\uac00\uc62c\uc218\ub85d \ucd08\uc870\ud574\uc9c0\uace0 \ubd88\uc548\ud574\uc838.", "offset": 0, "length": 38, "sentiment": "negative", "confidence": {"negative": 0.99736017, "positive": 0.00091639895, "neutral": 0.0017233281}, "highlights": [{"offset": 33, "length": 4}]}]}