{"document": {"sentiment": "negative", "confidence": {"negative": 99.96733, "positive": 0.012709305, "neutral": 0.019961571}}, "sentences": [{"content": "\ub300\ud559 \ub54c \uc5ec\ud589 \ub2e4\ub2c8\ub290\ub77c \ubc14\ube60 \ub098\ubcf4\ub2e4 \ub2a6\uac8c \uc878\uc5c5\ud55c \uce5c\uad6c\uac00 \ub098\ubcf4\ub2e4 \uba3c\uc800 \ucde8\uc9c1\uc744 \ud574\uc11c \uc18d\uc774 \ud0c0.", "offset": 0, "length": 50, "sentiment": "negative", "confidence": {"negative": 0.9980398, "positive": 0.0007625583, "neutral": 0.0011976943}, "highlights": [{"offset": 38, "length": 11}]}]}