{"document": {"sentiment": "negative", "confidence": {"negative": 99.97758, "positive": 0.0070519345, "neutral": 0.015372434}}, "sentences": [{"content": "\uc798\ub098\uac00\ub294 \uce5c\ucc99 \ub3d9\uc0dd\uc774\ub791 \uc790\uafb8 \ub098\ub791 \ube44\uad50\ub2f9\ud558\uba74\uc11c \ub0b4\uac00 \uc704\ucd95\uc774 \ub3fc.", "offset": 0, "length": 35, "sentiment": "negative", "confidence": {"negative": 0.9986545, "positive": 0.00042311606, "neutral": 0.000922346}, "highlights": [{"offset": 16, "length": 18}]}]}