{"document": {"sentiment": "negative", "confidence": {"negative": 99.97366, "positive": 0.011589451, "neutral": 0.014745876}}, "sentences": [{"content": "\ub0a8\ud3b8\uc774 \uacb0\ud63c\ud558\uba74 \uc220\ubc84\ub987\uc744 \uace0\uce60 \uc904 \uc54c\uc558\ub294\ub370 \ubc14\ub00c\uc9c0 \uc54a\uc544 \uc2ac\ud37c.", "offset": 0, "length": 34, "sentiment": "negative", "confidence": {"negative": 0.9984199, "positive": 0.00069536705, "neutral": 0.00088475255}, "highlights": [{"offset": 24, "length": 9}]}]}