{"document": {"sentiment": "positive", "confidence": {"negative": 0.009801813, "positive": 99.97815, "neutral": 0.012046821}}, "sentences": [{"content": "\uc774\ubc88\uc5d0 \uacc4\ud68d\ud55c \ud504\ub85c\uc81d\ud2b8\uac00 \ubd80\uc7a5\ub2d8\uaed8\uc11c \uc804\ud3ed\uc801\uc73c\ub85c \uc9c0\uc9c0\ud574\uc8fc\uc154\uc11c \uc131\uacf5\uc801\uc73c\ub85c \ub05d\ub0ac\uc5b4.", "offset": 0, "length": 43, "sentiment": "positive", "confidence": {"negative": 0.0005881088, "positive": 0.9986891, "neutral": 0.0007228093}, "highlights": [{"offset": 33, "length": 9}]}]}