{"document": {"sentiment": "negative", "confidence": {"negative": 99.9897, "positive": 0.0037059858, "neutral": 0.006590958}}, "sentences": [{"content": "\uc0c8\ub85c\uc6b4 \ud504\ub85c\uc81d\ud2b8\ub97c \uc218\uc8fc\ud574\uc11c \uc5c5\ubb34\ubc30\uce58\ub97c \uc0c8\ub85c\uc774 \ud588\ub294\ub370 \ud611\uc870\uac00 \uc548 \ub3fc\uc11c \ud798\ub4e4\uc5b4.", "offset": 0, "length": 42, "sentiment": "negative", "confidence": {"negative": 0.99938226, "positive": 0.00022235916, "neutral": 0.0003954575}, "highlights": [{"offset": 29, "length": 12}]}]}