{"document": {"sentiment": "neutral", "confidence": {"negative": 0.602677, "positive": 0.035483953, "neutral": 99.36184}}, "sentences": [{"content": "\uce5c\uad6c\uc5d0\uac8c \uc804\ud654\uac00 \uc654\uc5c8\ub294\ub370 \uc9c0\uae08\uc740 \ub2e4\uc2dc \uc804\ud654\ub97c \uac78 \uc0c1\ud669\uc774 \uc544\ub2c8\uc57c.", "offset": 0, "length": 35, "sentiment": "neutral", "confidence": {"negative": 0.0060267695, "positive": 0.00035483952, "neutral": 0.99361837}, "highlights": [{"offset": 27, "length": 7}]}]}