{"document": {"sentiment": "negative", "confidence": {"negative": 99.974106, "positive": 0.009976527, "neutral": 0.015914297}}, "sentences": [{"content": "\uc88b\uc544\ud558\ub294 \uc5ec\uc790\uac00 \ub2e4\ub978 \uc0ac\ub78c\uc744 \uc0dd\uac01\ud558\uba70 \uc6b0\ub294 \ubaa8\uc2b5\uc744 \ubcf4\uace0 \uc0c1\ucc98\ubc1b\uc558\uc5b4.", "offset": 0, "length": 37, "sentiment": "negative", "confidence": {"negative": 0.99844664, "positive": 0.00059859164, "neutral": 0.0009548578}, "highlights": [{"offset": 0, "length": 36}]}]}