{"document": {"sentiment": "negative", "confidence": {"negative": 99.97971, "positive": 0.0055118664, "neutral": 0.014775376}}, "sentences": [{"content": "\uc624\ub7ab\ub3d9\uc548 \ub123\uc5b4 \ub193\uc740 \ud380\ub4dc\uac00 \ub9c8\uc774\ub108\uc2a4\ub77c \uc2ec\ub780\ud574.", "offset": 0, "length": 25, "sentiment": "negative", "confidence": {"negative": 0.9986853, "positive": 0.00044132984, "neutral": 0.00087334367}, "highlights": [{"offset": 0, "length": 24}]}, {"content": " \uc624 \ub144\uc744 \uc801\ub9bd\ud588\ub294\ub370 \uc5b4\ucc0c \ub9c8\uc774\ub108\uc2a4\uac00 \ub420 \uc218 \uc788\ub294 \uac70\uc57c?", "offset": 25, "length": 31, "sentiment": "negative", "confidence": {"negative": 0.9988802, "positive": 0.00022009412, "neutral": 0.0008997014}, "highlights": [{"offset": 12, "length": 18}]}]}