{"document": {"sentiment": "negative", "confidence": {"negative": 99.99342, "positive": 0.0018534093, "neutral": 0.0047222516}}, "sentences": [{"content": "\uc624\ub298 \uc9d1\uc0ac\ub78c\uc774 \uc0c8\ub85c \uc0b0 \uc544\ud30c\ud2b8 \uc794\uae08\uc744 \uce58\ub974\ub294 \ub0a0\uc778\ub370 \uc798 \ud588\ub294\uc9c0 \uc5f0\ub77d\uc774 \uc548 \uc624\ub124.", "offset": 0, "length": 44, "sentiment": "negative", "confidence": {"negative": 0.9996055, "positive": 0.00011120456, "neutral": 0.0002833351}, "highlights": [{"offset": 35, "length": 8}]}]}