{"document": {"sentiment": "negative", "confidence": {"negative": 99.97658, "positive": 0.0037267245, "neutral": 0.019692754}}, "sentences": [{"content": "\uc774\ubc88\uc5d0 \uba74\uc811\uc744 \ubd24\ub294\ub370 \uc544\ubb34\ub798\ub3c4 \ubd80\uc815\uc774 \uc758\uc2ec\ub3fc\uc11c \uc2e0\uace0\ud558\uace0 \uc2f6\uc5b4.", "offset": 0, "length": 34, "sentiment": "negative", "confidence": {"negative": 0.9985948, "positive": 0.00022360348, "neutral": 0.0011815652}, "highlights": [{"offset": 17, "length": 9}]}]}