{"document": {"sentiment": "positive", "confidence": {"negative": 0.02105579, "positive": 99.97315, "neutral": 0.0057889447}}, "sentences": [{"content": "\uc774\ubc88 \uc2dc\ud5d8\uc5d0\uc11c \uc810\uc218\uac00 \uc798 \ub098\uc624\uc9c0\ub294 \uc54a\uc558\uc5b4\ub3c4 \uc5f4\uc2ec\ud788 \ucd5c\uc120\uc744 \ub2e4\ud574 \ub178\ub825\ud55c \ub0b4 \ubaa8\uc2b5\uc5d0 \ub9cc\uc871\ud574.", "offset": 0, "length": 49, "sentiment": "positive", "confidence": {"negative": 0.0012633473, "positive": 0.99838936, "neutral": 0.0003473367}, "highlights": [{"offset": 35, "length": 13}]}]}