{"document": {"sentiment": "negative", "confidence": {"negative": 99.97547, "positive": 0.0055138394, "neutral": 0.019011278}}, "sentences": [{"content": "\uc2e4\uc2b5\uc0dd \ud558\ub098 \ub2f4\ub2f9\ud558\uac8c \ub418\uc5c8\ub294\ub370 \uae30\uac04\uc774 \uaf64 \uae38\uc5b4\uc11c \uc2e0\uacbd \uc4f0\uc774\uace0 \uc131\uac00\uc2dc\ub124.", "offset": 0, "length": 39, "sentiment": "negative", "confidence": {"negative": 0.9985285, "positive": 0.00033083037, "neutral": 0.0011406767}, "highlights": [{"offset": 27, "length": 11}]}]}