{"document": {"sentiment": "negative", "confidence": {"negative": 99.984726, "positive": 0.005067311, "neutral": 0.010204836}}, "sentences": [{"content": "\uc544\ub0b4\ub294 \ub0b4\uac00 \uc544\ud508 \uac83\uc744 \ubed4\ud788 \uc54c\uba74\uc11c\ub3c4 \uac19\uc774 \uc548 \ub180\uc544\uc900\ub2e4\uace0 \ud654\ub97c \ub0b4.", "offset": 0, "length": 37, "sentiment": "negative", "confidence": {"negative": 0.99908364, "positive": 0.00030403867, "neutral": 0.00061229017}, "highlights": [{"offset": 0, "length": 36}]}]}