{"document": {"sentiment": "negative", "confidence": {"negative": 99.98536, "positive": 0.0065495437, "neutral": 0.008089467}}, "sentences": [{"content": "\ud68c\uc0ac \uac10\uc0ac\uc5d0\uc11c \ubd80\uc11c \uc9c0\uc801 \uc0ac\ud56d\uc774 \ub098\uc654\ub294\ub370 \uc5bc\ub9c8 \uc804 \ud1f4\uc0ac\ud55c \uc0ac\ub78c\uc758 \uc5c5\ubb34\ub97c \ub0b4\uac00 \uc9d5\uacc4 \ubc1b\uc73c\ub77c \ud574\uc11c \uc5b5\uc6b8\ud574.", "offset": 0, "length": 57, "sentiment": "negative", "confidence": {"negative": 0.9991217, "positive": 0.00039297264, "neutral": 0.00048536801}, "highlights": [{"offset": 23, "length": 33}]}]}