{"document": {"sentiment": "positive", "confidence": {"negative": 0.019506551, "positive": 99.9772, "neutral": 0.0032906588}}, "sentences": [{"content": "\uc885\uc591\uc774 \uc545\uc131\uc774 \uc544\ub2c8\ub77c \ub108\ubb34 \uae30\ubd84\uc774 \uc88b\uc544.", "offset": 0, "length": 22, "sentiment": "positive", "confidence": {"negative": 0.0011703931, "positive": 0.99863213, "neutral": 0.00019743953}, "highlights": [{"offset": 0, "length": 21}]}]}