{"document": {"sentiment": "negative", "confidence": {"negative": 99.983574, "positive": 0.0061309454, "neutral": 0.0102984}}, "sentences": [{"content": "\ucde8\uc5c5 \ubabb \ud558\ub294 \uce5c\uad6c\ub4e4\uc744 \ube44\ud558\ud558\ub294 \uc0ac\ub78c\uc774 \uc788\ub294\ub370 \ub354 \uc774\uc0c1 \uce5c\uad6c\ub85c\ub294 \uc9c0\ub0bc \uc218 \uc5c6\uc744 \uac83 \uac19\uc544.", "offset": 0, "length": 49, "sentiment": "negative", "confidence": {"negative": 0.99901426, "positive": 0.00036785673, "neutral": 0.000617904}, "highlights": [{"offset": 8, "length": 18}]}]}