{"document": {"sentiment": "negative", "confidence": {"negative": 99.92298, "positive": 0.0062805135, "neutral": 0.07073521}}, "sentences": [{"content": "\uce5c\uad6c\ub4e4\uc774 \uac11\uc791\uc2a4\ub7fd\uac8c \ub098\ub97c \ub530\ub3cc\ub824 \ub108\ubb34 \ub2f9\ud669\ud574\uc11c \ub530\uc9c8 \uc0dd\uac01\ub3c4 \ud574\ubcf4\uc9c0 \ubabb\ud588\uc5b4.", "offset": 0, "length": 41, "sentiment": "negative", "confidence": {"negative": 0.9953791, "positive": 0.0003768308, "neutral": 0.0042441124}, "highlights": [{"offset": 18, "length": 22}]}]}