{"document": {"sentiment": "negative", "confidence": {"negative": 99.99007, "positive": 0.00300249, "neutral": 0.0069286367}}, "sentences": [{"content": "\ub0a8\ud3b8\uacfc \uc1fc\ud551\ud558\ub2e4\uac00 \ub9d8\uc5d0 \ub4dc\ub294 \uc637\uc774 \uc788\uc5b4\uc11c \uc785\uc5b4\ubd24\ub294\ub370 \uc2dc\uac04\uc774 \uc9c0\uccb4\ub418\uc790 \ub0a8\ud3b8\uc774 \uc9dc\uc99d\uc744 \ub0c8\uc5b4.", "offset": 0, "length": 49, "sentiment": "negative", "confidence": {"negative": 0.9994042, "positive": 0.00018014939, "neutral": 0.0004157182}, "highlights": [{"offset": 29, "length": 19}]}]}