{"document": {"sentiment": "negative", "confidence": {"negative": 99.91599, "positive": 0.015163839, "neutral": 0.068846986}}, "sentences": [{"content": "\ub0b4 \ub0a8\ud3b8\uc740 \ucc38 \ub2e4\uc815\ud55c \uc0ac\ub78c\uc778\ub370 \uac11\uc790\uae30 \uc300\uc300\ub9de\uc544\uc84c\uc5b4.", "offset": 0, "length": 28, "sentiment": "negative", "confidence": {"negative": 0.99495935, "positive": 0.0009098303, "neutral": 0.0041308193}, "highlights": [{"offset": 8, "length": 19}]}]}