{"document": {"sentiment": "negative", "confidence": {"negative": 99.972466, "positive": 0.014762903, "neutral": 0.012768998}}, "sentences": [{"content": "\uc55e\uc73c\ub85c\uc758 \uc9c4\ub85c\uac00 \ub108\ubb34 \uac71\uc815\ub418\uc5b4 \uc7a0\uc774 \uc548 \uc640.", "offset": 0, "length": 24, "sentiment": "negative", "confidence": {"negative": 0.9983481, "positive": 0.00088577415, "neutral": 0.0007661399}, "highlights": [{"offset": 0, "length": 17}]}]}