{"document": {"sentiment": "negative", "confidence": {"negative": 99.98023, "positive": 0.006934211, "neutral": 0.012831741}}, "sentences": [{"content": "\uc77c\uba74\uc2dd\uc774 \uc788\ub294 \ub0a8\uc790\uac00 \ub098\ub97c \uc2a4\ud1a0\ud0b9 \ud558\ub294 \uac83 \uac19\uc544 \ucd5c\uadfc\uc5d0\ub294 \uc5c4\uccad \ubd88\uc548\ud574.", "offset": 0, "length": 39, "sentiment": "negative", "confidence": {"negative": 0.9988141, "positive": 0.00041605267, "neutral": 0.00076990447}, "highlights": [{"offset": 0, "length": 38}]}]}