{"document": {"sentiment": "negative", "confidence": {"negative": 99.97654, "positive": 0.00261753, "neutral": 0.020839216}}, "sentences": [{"content": "\ub0b4\uac00 \uc88b\uc544\ud558\ub294 \uce5c\uad6c\uac00 \uc788\ub294\ub370 \ub098\ub294 \uc655\ub530\ub77c\uc11c \ub108\ubb34 \ubd80\ub044\ub7ec\uc6cc.", "offset": 0, "length": 32, "sentiment": "negative", "confidence": {"negative": 0.99859256, "positive": 0.0001570518, "neutral": 0.001250353}, "highlights": [{"offset": 16, "length": 15}]}]}