{"document": {"sentiment": "negative", "confidence": {"negative": 99.991776, "positive": 0.0039585624, "neutral": 0.0042647477}}, "sentences": [{"content": "\uc694\uc998 \uac00\uc2b4\uc774 \ub450\uadfc\uac70\ub9ac\ub294\ub370 \uac74\uac15\uc774 \ub9ce\uc774 \uc548 \uc88b\uc544\uc9c4 \uac83 \uac19\uc544 \uc2ac\ud37c.", "offset": 0, "length": 35, "sentiment": "negative", "confidence": {"negative": 0.9995066, "positive": 0.00023751376, "neutral": 0.00025588486}, "highlights": [{"offset": 14, "length": 20}]}]}