{"document": {"sentiment": "negative", "confidence": {"negative": 99.980385, "positive": 0.00915602, "neutral": 0.010460548}}, "sentences": [{"content": "\ube68\ub9ac \ucde8\uc5c5\uc744 \ud574\uc57c \ud559\uc790\uae08 \ub300\ucd9c\uc744 \uac1a\uc744 \ud150\ub370 \ucde8\uc5c5\uc774 \uc548 \ub3fc\uc11c \uc18d\uc0c1\ud558\uace0 \ubd88\uc548\ud574.", "offset": 0, "length": 42, "sentiment": "negative", "confidence": {"negative": 0.998823, "positive": 0.0005493612, "neutral": 0.0006276329}, "highlights": [{"offset": 24, "length": 17}]}]}