{"document": {"sentiment": "negative", "confidence": {"negative": 99.98975, "positive": 0.0031899342, "neutral": 0.007057181}}, "sentences": [{"content": "\uac19\uc774 \uc870\ubcc4 \uacfc\uc81c\ud558\uae30\ub85c \uc57d\uc18d\ud55c \uc0ac\ub78c\ub4e4\uc774 \ub3c4\ucc29\ud558\uc9c0 \uc54a\uc544 \ub2f9\ud669\uc2a4\ub7ec\uc6cc.", "offset": 0, "length": 35, "sentiment": "negative", "confidence": {"negative": 0.9993851, "positive": 0.00019139604, "neutral": 0.00042343087}, "highlights": [{"offset": 0, "length": 34}]}]}