{"document": {"sentiment": "negative", "confidence": {"negative": 99.95735, "positive": 0.0030391612, "neutral": 0.039607625}}, "sentences": [{"content": "\uce5c\uad6c\uac00 \uc218\uc5c5 \uc911\uc5d0 \ud578\ub4dc\ud3f0\uc744 \ud558\ub2e4\uac00 \uc120\uc0dd\ub2d8\uaed8 \ud63c\ub0ac\ub294\ub370 \uce5c\uad6c\uac00 \uac11\uc790\uae30 \ud578\ub4dc\ud3f0\uc744 \ubc14\ub2e5\uc5d0 \ub358\uc838\uc11c \ub2f9\ud669\ud588\uc5b4.", "offset": 0, "length": 55, "sentiment": "negative", "confidence": {"negative": 0.9974412, "positive": 0.00018234967, "neutral": 0.0023764574}, "highlights": [{"offset": 37, "length": 17}]}]}