{"document": {"sentiment": "negative", "confidence": {"negative": 99.978165, "positive": 0.006238124, "neutral": 0.015599482}}, "sentences": [{"content": "\uc774\ubc88 \ud504\ub85c\uc81d\ud2b8 \ub54c\ubb38\uc5d0 \uc5c5\ubb34\uc801\uc73c\ub85c \uc2a4\ud2b8\ub808\uc2a4\ub97c \ubc1b\uc744 \uc815\ub3c4\ub85c \uc5f4\uc2ec\ud788 \ud588\ub294\ub370 \uadf8\uac8c \ubb34\uc0b0\uc774 \ub42c\uc5b4.", "offset": 0, "length": 49, "sentiment": "negative", "confidence": {"negative": 0.9986897, "positive": 0.00037428743, "neutral": 0.0009359689}, "highlights": [{"offset": 39, "length": 9}]}]}