{"document": {"sentiment": "negative", "confidence": {"negative": 99.98234, "positive": 0.007396555, "neutral": 0.010263073}}, "sentences": [{"content": "\ubc18\uc5d0\uc11c \ub530\ub3cc\ub9bc\uc744 \ub2f9\ud558\uace0 \uc788\uc5b4\uc11c \uc774\uc820 \uac00\ub9cc\ud788 \uc788\uc5b4\ub3c4 \ub208\ubb3c\uc774 \ub098.", "offset": 0, "length": 34, "sentiment": "negative", "confidence": {"negative": 0.9989404, "positive": 0.0004437933, "neutral": 0.0006157844}, "highlights": [{"offset": 0, "length": 13}]}]}