{"document": {"sentiment": "negative", "confidence": {"negative": 99.999504, "positive": 0.00024065642, "neutral": 0.0002561198}}, "sentences": [{"content": "\uc544\ub0b4\uac00 \ud654\uc7a5\uc2e4\uc5d0 \ub2e4\ub140\uc624\uba74 \ucc98\ub9ac\ub97c \uc548 \ud574\uc11c \ub2f9\ud669\uc2a4\ub7ec\uc6cc.", "offset": 0, "length": 29, "sentiment": "negative", "confidence": {"negative": 0.9999702, "positive": 1.4439385e-05, "neutral": 1.5367188e-05}, "highlights": [{"offset": 14, "length": 14}]}]}