{"document": {"sentiment": "neutral", "confidence": {"negative": 0.27538157, "positive": 0.05565687, "neutral": 99.66896}}, "sentences": [{"content": "\ub530\ub85c \uc0b4\uac8c \ub41c \uc544\ube60\uc758 \uc9d1\uc5d0 \ubab0\ub798 \ucc3e\uc544\uac14\uc744 \ub54c \uba39\uc744 \uac70\ub77c\uace4 \ub77c\uba74 \ud558\ub098\uac00 \uc804\ubd80\uc600\uc5b4.", "offset": 0, "length": 44, "sentiment": "neutral", "confidence": {"negative": 0.0027538158, "positive": 0.00055656873, "neutral": 0.9966897}, "highlights": [{"offset": 25, "length": 18}]}]}