{"document": {"sentiment": "negative", "confidence": {"negative": 99.9743, "positive": 0.008667869, "neutral": 0.017033352}}, "sentences": [{"content": "\ud68c\uc758\uc5d0\uc11c \ub0b4\uac00 \ub0b8 \uc544\uc774\ub514\uc5b4\uac00 \uc0c1\uc0ac\uc758 \uc544\uc774\ub514\uc5b4\ub85c \ub454\uac11\uc774 \ub418\uc5b4\uc11c \uc2ac\ud37c.", "offset": 0, "length": 37, "sentiment": "negative", "confidence": {"negative": 0.998458, "positive": 0.0005200721, "neutral": 0.0010220011}, "highlights": [{"offset": 10, "length": 26}]}]}