{"document": {"sentiment": "negative", "confidence": {"negative": 99.956314, "positive": 0.006972845, "neutral": 0.03671552}}, "sentences": [{"content": "\uc120\uc0dd\ub2d8\uacfc \uc9c4\ub85c \uc0c1\ub2f4\uc744 \ud588\ub294\ub370 \ud615\uc2dd\uc801\uc778 \ub300\ud654\ub9cc \ud558\uace0 \uc18d\ub9c8\uc74c\uc740 \uc798 \uc598\uae30\ud558\uc9c0 \uc54a\uc558\uc5b4.", "offset": 0, "length": 44, "sentiment": "negative", "confidence": {"negative": 0.9973787, "positive": 0.0004183707, "neutral": 0.002202931}, "highlights": [{"offset": 35, "length": 8}]}]}