{"document": {"sentiment": "negative", "confidence": {"negative": 99.98033, "positive": 0.0046718167, "neutral": 0.014999465}}, "sentences": [{"content": "\uce5c\uad6c\ub4e4\uc774 \ub098\ub97c \ub530\ub3cc\ub824\uc11c \uc120\uc0dd\ub2d8\uaed8 \ub9d0\uc500\ub4dc\ub838\ub354\ub2c8 \ub0b4\uac00 \uc798\ubabb\ud55c \uac70\ub798.", "offset": 0, "length": 35, "sentiment": "negative", "confidence": {"negative": 0.99881977, "positive": 0.000280309, "neutral": 0.0008999679}, "highlights": [{"offset": 13, "length": 12}]}]}