{"document": {"sentiment": "negative", "confidence": {"negative": 99.99666, "positive": 0.0013047587, "neutral": 0.00203328}}, "sentences": [{"content": "\ub098\uc774\uac00 \ub4e4\uc5b4\uc120\uc9c0 \uc870\uae08\uc774\ub77c\ub3c4 \ucc2c \uac83\uc744 \uba39\uc73c\uba74 \uc787\ubab8\uc774 \uc2dc\ub824\uc11c \ubd88\uc548\ud574.", "offset": 0, "length": 36, "sentiment": "negative", "confidence": {"negative": 0.99979967, "positive": 7.828552e-05, "neutral": 0.000121996796}, "highlights": [{"offset": 24, "length": 11}]}]}