{"document": {"sentiment": "negative", "confidence": {"negative": 85.71345, "positive": 0.0067499443, "neutral": 14.279802}}, "sentences": [{"content": "\ud615\uc774\ub791 \uc7a5\ub09c\uc744 \uce58\ub2e4\uac00 \uc5c4\ub9c8\uac00 \uc544\ub07c\ub294 \ud654\ubd84\uc744 \uae68\ub728\ub838\uc5b4.", "offset": 0, "length": 29, "sentiment": "neutral", "confidence": {"negative": 0.0006667063, "positive": 0.00025324873, "neutral": 0.99908006}, "highlights": [{"offset": 12, "length": 16}]}, {"content": " \uc5c4\uccad\ub098\uac8c \ud63c\ub0a0 \uac83 \uac19\uc544.", "offset": 29, "length": 14, "sentiment": "negative", "confidence": {"negative": 0.9992747, "positive": 0.00021924736, "neutral": 0.00050607}, "highlights": [{"offset": 1, "length": 12}]}]}