{"document": {"sentiment": "negative", "confidence": {"negative": 99.97301, "positive": 0.0047685592, "neutral": 0.022227146}}, "sentences": [{"content": "\ub098\ub97c \uad34\ub86d\ud788\ub294 \uc560\ub4e4\uc774 \ub0b4\uac00 \uc2eb\uc5b4\ud558\ub294 \uc57c\ucc44\ub97c \uc5b5\uc9c0\ub85c \uba39\uc600\uc5b4.", "offset": 0, "length": 32, "sentiment": "negative", "confidence": {"negative": 0.99724567, "positive": 0.00038501085, "neutral": 0.0023693335}, "highlights": [{"offset": 0, "length": 31}]}, {"content": " \ube44\uc704\uac00 \uc0c1\ud588\uc5b4.", "offset": 32, "length": 9, "sentiment": "negative", "confidence": {"negative": 0.99951494, "positive": 0.00018721627, "neutral": 0.00029792398}, "highlights": [{"offset": 1, "length": 7}]}]}