{"document": {"sentiment": "negative", "confidence": {"negative": 99.883354, "positive": 0.008302891, "neutral": 0.10834357}}, "sentences": [{"content": "\uc694\uc998 \uc790\uafb8 \ubd88\uc548\ud574\uc11c \uc7a0\uc5d0\uc11c \uae68\ub294 \uc77c\uc774 \ub9ce\uc544.", "offset": 0, "length": 24, "sentiment": "negative", "confidence": {"negative": 0.99300134, "positive": 0.00049817347, "neutral": 0.0065006143}, "highlights": [{"offset": 6, "length": 17}]}]}