{"document": {"sentiment": "negative", "confidence": {"negative": 99.96126, "positive": 0.014929737, "neutral": 0.023809625}}, "sentences": [{"content": "\uc544\ubb34\ub9ac \uc5f4\uc2ec\ud788 \ud574\ub3c4 \ub098\ubcf4\ub2e4 \uc5c5\ubb34 \uc2dc\uac04\uc744 \uc801\uac8c \ud22c\uc790\ud588\uc9c0\ub9cc \uacb0\uacfc\uac00 \ub354 \uc88b\uc740 \ub3d9\uae30\ub97c \ub530\ub77c\uc7a1\uc744 \uc218 \uc5c6\uc5b4.", "offset": 0, "length": 54, "sentiment": "negative", "confidence": {"negative": 0.9976756, "positive": 0.00089578424, "neutral": 0.0014285775}, "highlights": [{"offset": 25, "length": 28}]}]}