{"document": {"sentiment": "neutral", "confidence": {"negative": 0.004474998, "positive": 0.0030554957, "neutral": 99.99247}}, "sentences": [{"content": "\ub09c \uc774\ubbf8 \ucd9c\uadfc \uc911\uc778\ub370 \ub2a6\uc7a0 \uc794 \uc544\ub0b4\uac00 \ub370\ub824\uc640 \ub2ec\ub77c\uace0 \uc804\ud654\ub97c \ud588\uc5b4.", "offset": 0, "length": 36, "sentiment": "neutral", "confidence": {"negative": 4.4749984e-05, "positive": 3.055496e-05, "neutral": 0.9999248}, "highlights": [{"offset": 5, "length": 24}]}]}