{"document": {"sentiment": "negative", "confidence": {"negative": 99.979195, "positive": 0.0065030786, "neutral": 0.014304215}}, "sentences": [{"content": "\uc624\ub298 \uc2dc\ud5d8\uc744 \ucce4\ub294\ub370 \ub354 \uacf5\ubd80\ub97c \uc5f4\uc2ec\ud788 \ud560 \uac78 \ud558\uace0 \ud6c4\ud68c\uac00 \ub3fc.", "offset": 0, "length": 34, "sentiment": "negative", "confidence": {"negative": 0.9987515, "positive": 0.00039018472, "neutral": 0.0008582529}, "highlights": [{"offset": 11, "length": 22}]}]}