{"document": {"sentiment": "negative", "confidence": {"negative": 99.96963, "positive": 0.0048822407, "neutral": 0.025492366}}, "sentences": [{"content": "\ub300\ucc45 \uc5c6\uc774 \uacc4\uc18d \ubb3c\uac74\uc744 \uc0ac\ub4e4\uc774\ub294 \uc544\ub0b4 \ub54c\ubb38\uc5d0 \ub9e4\uc77c \ub9d0\ub2e4\ud23c\ud55c\ub2e4\ub2c8\uae4c.", "offset": 0, "length": 36, "sentiment": "negative", "confidence": {"negative": 0.9981775, "positive": 0.00029293445, "neutral": 0.001529542}, "highlights": [{"offset": 9, "length": 26}]}]}