{"document": {"sentiment": "negative", "confidence": {"negative": 99.912506, "positive": 0.0040049255, "neutral": 0.08348535}}, "sentences": [{"content": "\uc5c4\ub9c8\uac00 \uc601\uc5b4 \uc810\uc218\uac00 \uce60\uc2ed \uc810 \uc774\ud558\ub77c\uace0 \ud53c\uc790\ub97c \uc548\uc2dc\ucf1c\uc8fc\uc2e0\ub300.", "offset": 0, "length": 32, "sentiment": "negative", "confidence": {"negative": 0.9947507, "positive": 0.00024029554, "neutral": 0.0050091213}, "highlights": [{"offset": 0, "length": 31}]}]}