{"document": {"sentiment": "negative", "confidence": {"negative": 99.60016, "positive": 0.010265677, "neutral": 0.38957906}}, "sentences": [{"content": "\ud504\ub9ac\ub79c\uc11c \uc791\uac00\ub85c \uc77c\ud558\uace0 \uc788\ub294\ub370 \uc694\uc998 \uc77c\uc774 \ub4e4\uc5b4\uc624\uc9c0 \uc54a\uc544.", "offset": 0, "length": 31, "sentiment": "negative", "confidence": {"negative": 0.97600937, "positive": 0.00061594066, "neutral": 0.023374744}, "highlights": [{"offset": 17, "length": 13}]}]}