{"document": {"sentiment": "negative", "confidence": {"negative": 99.95254, "positive": 0.0036824334, "neutral": 0.043779243}}, "sentences": [{"content": "\uc644\uc804 \uc5b4\uc774\uac00 \uc5c6\ub2e4.", "offset": 0, "length": 10, "sentiment": "negative", "confidence": {"negative": 0.9995289, "positive": 0.00022447271, "neutral": 0.00024665875}, "highlights": [{"offset": 0, "length": 9}]}, {"content": " \ub9e4\uc77c \uac19\uc774 \ub180\uc544 \ub193\uace0 \ub4a4\uc5d0\uc120 \ub2e4\ub978 \uc0ac\ub78c\ub4e4\ud55c\ud14c \ub0b4 \ud749\uc744 \ubcf4\uace0 \ub2e4\ub2c8\ub294 \uac70 \uc788\uc9c0?", "offset": 10, "length": 43, "sentiment": "negative", "confidence": {"negative": 0.9947758, "positive": 0.00021741929, "neutral": 0.00500685}, "highlights": [{"offset": 20, "length": 14}]}]}