{"document": {"sentiment": "positive", "confidence": {"negative": 0.027591133, "positive": 99.96289, "neutral": 0.009517025}}, "sentences": [{"content": "\uadf8\ub3d9\uc548 \uc77c \uc5f4\uc2ec\ud788 \ud558\uace0 \uc804\uc6d0 \uc8fc\ud0dd\uc5d0\uc11c \uc0b4\uace0 \uc788\ub294\ub370 \uc790\uc5f0 \uc18d\uc5d0\uc11c \uc0ac\ub2c8 \ub108\ubb34 \ub098\ub978\ud558\uace0 \uc88b\ub2e4.", "offset": 0, "length": 49, "sentiment": "positive", "confidence": {"negative": 0.001655468, "positive": 0.99777347, "neutral": 0.0005710215}, "highlights": [{"offset": 28, "length": 18}]}]}