{"document": {"sentiment": "negative", "confidence": {"negative": 99.98103, "positive": 0.006223701, "neutral": 0.012742815}}, "sentences": [{"content": "\ub530\ub3cc\ub9bc\uc73c\ub85c \ub9e4\uc77c \uc6b8\ub2e4\ubcf4\ub2c8 \uc774\uc81c\ub294 \uac10\uc815\ub4e4\uc774 \ub9c8\ube44\ub41c \ub290\ub08c\uc774\uc57c.", "offset": 0, "length": 32, "sentiment": "negative", "confidence": {"negative": 0.998862, "positive": 0.00037342205, "neutral": 0.00076456886}, "highlights": [{"offset": 14, "length": 17}]}]}