{"document": {"sentiment": "negative", "confidence": {"negative": 99.98181, "positive": 0.0056840642, "neutral": 0.01250291}}, "sentences": [{"content": "\ud68c\uc0ac\uc5d0 \uc9c0\uac01\ud574\uc11c \uae09\ud574 \uc8fd\uaca0\ub294\ub370 \uae38\uc5d0\uc11c \ub9c8\uc8fc\uce5c \uc0ac\ub78c\uc774 \ub3c4\ub97c \uc544\ub0d0\uba70 \uc790\uafb8\ub9cc \ubd99\uc7a1\uc544\uc11c \ud654\uac00 \ub098.", "offset": 0, "length": 50, "sentiment": "negative", "confidence": {"negative": 0.99890876, "positive": 0.00034104387, "neutral": 0.0007501746}, "highlights": [{"offset": 25, "length": 24}]}]}