{"document": {"sentiment": "neutral", "confidence": {"negative": 17.861841, "positive": 0.19741465, "neutral": 81.94074}}, "sentences": [{"content": "\ub0b4 \uce5c\uad6c\uac00 \ub3d9\uc131\uc560\uc790\uc778 \uac78 \uc6b0\uc5f0\ud788 \uc54c\uac8c \ub410\uc5b4. \ub0b4\uac00 \uc54c\uace0 \uc788\ub2e4\ub294 \uac78 \uc774\uc57c\uae30\ud574 \uc8fc\uc5b4\uc57c \ud560\uc9c0 \uc798 \ubaa8\ub974\uaca0\uc5b4.", "offset": 0, "length": 56, "sentiment": "neutral", "confidence": {"negative": 0.1786184, "positive": 0.0019741463, "neutral": 0.8194074}, "highlights": [{"offset": 31, "length": 24}]}]}