{"document": {"sentiment": "negative", "confidence": {"negative": 99.981606, "positive": 0.008609094, "neutral": 0.00978655}}, "sentences": [{"content": "\uacb0\ud63c\uc744 \uc900\ube44 \uc911\uc778\ub370 \uc804\uc138\uc790\uae08 \ub300\ucd9c\uc744 \ubabb \ubc1b\uc744 \uc218 \uc788\uc744 \uac83 \uac19\uc544 \ubd88\uc548\ud574.", "offset": 0, "length": 39, "sentiment": "negative", "confidence": {"negative": 0.99889624, "positive": 0.0005165456, "neutral": 0.000587193}, "highlights": [{"offset": 11, "length": 27}]}]}