{"document": {"sentiment": "negative", "confidence": {"negative": 98.89657, "positive": 0.0059443205, "neutral": 1.0974876}}, "sentences": [{"content": "\ub0b4\uac00 \uc554\uc5d0 \uac78\ub838\ub2e4\uace0 \ud558\ub354\uad70.", "offset": 0, "length": 15, "sentiment": "negative", "confidence": {"negative": 0.9930901, "positive": 0.0002884218, "neutral": 0.006621553}, "highlights": [{"offset": 0, "length": 14}]}, {"content": " \ub354 \uc790\uc138\ud55c \uac80\uc0ac\ub97c \uc704\ud574 \uc785\uc6d0\ud558\ub77c\ub294\ub370 \uc544\ub0b4\uc640 \uc544\uc774\uc5d0\uac8c \uc5b4\ub5bb\uac8c \ub9d0\ud574\uc57c \ud560\uc9c0 \ubaa8\ub974\uaca0\uc5b4.", "offset": 15, "length": 46, "sentiment": "negative", "confidence": {"negative": 0.8744982, "positive": 0.00042489663, "neutral": 0.12507695}, "highlights": [{"offset": 14, "length": 31}]}]}