{"document": {"sentiment": "negative", "confidence": {"negative": 99.96402, "positive": 0.006118036, "neutral": 0.029865408}}, "sentences": [{"content": "\uc9c1\uc7a5 \ub3d9\ub8cc\ub4e4\uc774 \ub0b4\uac00 \ub3d9\uc131\uc560\uc790\ub77c\ub294 \uac78 \uc54c \uac83 \uac19\uc544\uc11c \ud56d\uc0c1 \ub450\ub824\uc6cc.", "offset": 0, "length": 35, "sentiment": "negative", "confidence": {"negative": 0.997841, "positive": 0.00036708216, "neutral": 0.0017919245}, "highlights": [{"offset": 0, "length": 34}]}]}