{"document": {"sentiment": "negative", "confidence": {"negative": 99.99938, "positive": 0.00017268467, "neutral": 0.00044523415}}, "sentences": [{"content": "\ub0b4\uac00 \ud558\ub824\ub294 \uc77c\uc774 \uc694\uc998 \uc804\ub9dd\uc774 \uc548 \uc88b\uc544\uc11c \uac71\uc815\uc774 \ub9ce\uc544\uc84c\uc5b4.", "offset": 0, "length": 32, "sentiment": "negative", "confidence": {"negative": 0.9999629, "positive": 1.036108e-05, "neutral": 2.671405e-05}, "highlights": [{"offset": 0, "length": 23}]}]}