{"document": {"sentiment": "negative", "confidence": {"negative": 99.989395, "positive": 0.0068099108, "neutral": 0.0037913597}}, "sentences": [{"content": "\uc2a4\ud2b8\ub808\uc2a4\ub97c \ubc1b\uc73c\ub2c8 \uac74\uac15\uc774 \ub354 \uc548 \uc88b\uc544\uc9c0\ub294 \uac83 \uac19\uc544.", "offset": 0, "length": 28, "sentiment": "negative", "confidence": {"negative": 0.99936396, "positive": 0.00040859464, "neutral": 0.00022748158}, "highlights": [{"offset": 0, "length": 10}]}]}