{"document": {"sentiment": "negative", "confidence": {"negative": 99.97385, "positive": 0.0063978783, "neutral": 0.019753307}}, "sentences": [{"content": "\uc131\uaca9\uc740 \uc88b\uc740 \uce5c\uad6c\uac00 \uc2ec\ud55c \uc695\uc124\uc774 \uc11e\uc778 \ub9d0\uc744 \ud560 \ub54c\uba74 \uae30\ubd84\uc774 \uc88b\uc9c0 \uc54a\uc544.", "offset": 0, "length": 39, "sentiment": "negative", "confidence": {"negative": 0.9984309, "positive": 0.00038387268, "neutral": 0.0011851984}, "highlights": [{"offset": 29, "length": 9}]}]}