{"document": {"sentiment": "negative", "confidence": {"negative": 99.96983, "positive": 0.005398282, "neutral": 0.024765685}}, "sentences": [{"content": "\ud559\uc6d0\uc744 \ud558\ub8e8\ub77c\ub3c4 \ube60\uc9c0\uba74 \uc5c4\ub9c8\uac00 \ucad3\uc544\uc62c \uac83 \uac19\uc740 \ub290\ub08c\uc774 \ub4e4\uc5b4.", "offset": 0, "length": 33, "sentiment": "negative", "confidence": {"negative": 0.9981901, "positive": 0.0003238969, "neutral": 0.0014859411}, "highlights": [{"offset": 0, "length": 32}]}]}