{"document": {"sentiment": "negative", "confidence": {"negative": 99.97255, "positive": 0.006058355, "neutral": 0.021390855}}, "sentences": [{"content": "\uc9c0\uae08\uc758 \uc774 \uc2dc\ub300\ub294 \ubd80\ubaa8\uac00 \uc790\ub140\ub4e4\uacfc \ub300\ud654\ub97c \ud558\ub294 \uac8c \ub108\ubb34 \uc5b4\ub835\ub2e4\uace0 \uc0dd\uac01\ud574.", "offset": 0, "length": 40, "sentiment": "negative", "confidence": {"negative": 0.9986639, "positive": 0.00036355102, "neutral": 0.00097254047}, "highlights": [{"offset": 0, "length": 36}]}, {"content": " \ubd80\ubaa8\uc758 \uc0dd\uac01\uacfc \uc790\ub140\uc758 \uc0dd\uac01\uc774 \ub108\ubb34 \ucc28\uc774\uac00 \ud06c\uac8c \ub098\ub294 \uac83 \uac19\ub124.", "offset": 40, "length": 35, "sentiment": "negative", "confidence": {"negative": 0.9974226, "positive": 0.0003184555, "neutral": 0.002258977}, "highlights": [{"offset": 1, "length": 33}]}, {"content": " \uc5b4\ub5a4 \uac83\uc774 \ucd5c\uc120\uc778\uc9c0 \ub2f5\ub2f5\ud55c \uc0c1\ud669\uc774\uc57c.", "offset": 75, "length": 21, "sentiment": "negative", "confidence": {"negative": 0.99897265, "positive": 0.00040849735, "neutral": 0.0006188365}, "highlights": [{"offset": 7, "length": 13}]}]}