{"document": {"sentiment": "negative", "confidence": {"negative": 99.9857, "positive": 0.009059355, "neutral": 0.005235138}}, "sentences": [{"content": "\uc544\uc774\ub4e4\uc744 \uc131\uc801 \ub300\uc0c1\uc73c\ub85c \uc0dd\uac01\ud558\ub294 \uc0ac\ub78c\ub4e4\uc774 \uc788\ub2e4\ub2c8 \ub108\ubb34 \ud610\uc624\uc2a4\ub7ec\uc6cc.", "offset": 0, "length": 36, "sentiment": "negative", "confidence": {"negative": 0.9991423, "positive": 0.0005435613, "neutral": 0.00031410827}, "highlights": [{"offset": 0, "length": 35}]}]}