{"document": {"sentiment": "negative", "confidence": {"negative": 99.98118, "positive": 0.0050947005, "neutral": 0.013730409}}, "sentences": [{"content": "\uc740\ud1f4\ub97c \uc55e\ub450\uace0 \uc788\ub294\ub370 \ud68c\uc0ac\uc5d0\uc11c \uae30\uc874\uc758 \ud1f4\uc9c1\uc5d0 \ub300\ud55c \ud61c\ud0dd\uc744 \uc904 \uc218 \uc5c6\ub2e4\uace0 \ud574\uc11c \ub2f9\ud669\uc2a4\ub7ec\uc6cc.", "offset": 0, "length": 49, "sentiment": "negative", "confidence": {"negative": 0.99887043, "positive": 0.000305682, "neutral": 0.0008238245}, "highlights": [{"offset": 28, "length": 20}]}]}