{"document": {"sentiment": "negative", "confidence": {"negative": 99.98064, "positive": 0.008003055, "neutral": 0.011361602}}, "sentences": [{"content": "\uc624\ub298 \uce5c\ud55c \uce5c\uad6c\uac00 \ub4a4\uc5d0\uc11c \ub0b4 \uc695\uc744 \ud55c \uac78 \uc804\ud574 \ub4e4\uc5b4\uc11c \ub9c8\uc74c\uc774 \ub108\ubb34 \uc544\ud504\ub2e4.", "offset": 0, "length": 41, "sentiment": "negative", "confidence": {"negative": 0.9988381, "positive": 0.0004801833, "neutral": 0.0006816961}, "highlights": [{"offset": 30, "length": 10}]}]}