{"document": {"sentiment": "negative", "confidence": {"negative": 99.95659, "positive": 0.020930959, "neutral": 0.02248235}}, "sentences": [{"content": "\ub0b4\uac00 \ubaa8\ub4e0 \ub178\ub825\uc744 \ud22c\uc790\ud55c \uc5c5\ubb34\uac00 \ubb34\uc758\ubbf8\ud574\uc838 \ubc84\ub824\uc11c \ub108\ubb34 \uc2ac\ud37c.", "offset": 0, "length": 34, "sentiment": "negative", "confidence": {"negative": 0.9973953, "positive": 0.0012558575, "neutral": 0.001348941}, "highlights": [{"offset": 0, "length": 33}]}]}