{"document": {"sentiment": "negative", "confidence": {"negative": 99.983826, "positive": 0.0074503487, "neutral": 0.008724225}}, "sentences": [{"content": "\uc9c0\ubc29\uc5d0 \uc788\ub294 \ub300\ud559\uc744 \ub2e4\ub2c8\uba74 \ube44\uc6c3\ub294 \uce5c\uad6c\uc5d0\uac8c \ud658\uba78\uc774 \ub098.", "offset": 0, "length": 30, "sentiment": "negative", "confidence": {"negative": 0.9990295, "positive": 0.00044702092, "neutral": 0.00052345346}, "highlights": [{"offset": 15, "length": 14}]}]}