{"document": {"sentiment": "neutral", "confidence": {"negative": 0.008398493, "positive": 0.021432705, "neutral": 99.97017}}, "sentences": [{"content": "\ucd95\uc81c \ub54c \uc804\uc2dc\ud560 \uadf8\ub9bc\uc744 \ub098\ub294 \ud55c \ub2ec \ub0b4\ub0b4 \uc900\ube44\ud588\ub294\ub370 \uce5c\uad6c\ub294 \uaca8\uc6b0 \uc774\ud2c0 \ub9cc\uc5d0 \ub05d\ub0c8\ub2e4\ub124.", "offset": 0, "length": 47, "sentiment": "neutral", "confidence": {"negative": 8.398492e-05, "positive": 0.00021432705, "neutral": 0.9997017}, "highlights": [{"offset": 36, "length": 10}]}]}