{"document": {"sentiment": "negative", "confidence": {"negative": 99.98907, "positive": 0.004026236, "neutral": 0.006909559}}, "sentences": [{"content": "\uc9c1\uc7a5 \ub3d9\ub8cc\uac00 \ud504\ub9b0\ud2b8 \uc6a9\uc9c0\ub97c \uc790\uafb8 \uc9d1\uc5d0 \uac00\uc838 \uac00. \uce5c\ud55c \ub3d9\ub8cc\uc600\ub294\ub370 \ub108\ubb34 \uc2e4\ub9dd\uc2a4\ub7ec\uc6cc.", "offset": 0, "length": 45, "sentiment": "negative", "confidence": {"negative": 0.9993438, "positive": 0.00024157415, "neutral": 0.00041457353}, "highlights": [{"offset": 36, "length": 8}]}]}