{"document": {"sentiment": "neutral", "confidence": {"negative": 0.104435936, "positive": 0.045643546, "neutral": 99.84992}}, "sentences": [{"content": "\ubaa9\ud45c\ub97c \uc704\ud574 \uc5f4\uc2ec\ud788 \uacf5\ubd80\ud558\ub294 \ub098\ud55c\ud14c \uce5c\uad6c\uac00 \uadf8\ub807\uac8c \ud558\uba74 \ubb50\uac00 \ub2ec\ub77c\uc9c0\ub0d0\uace0 \ud55c\ub2e4.", "offset": 0, "length": 43, "sentiment": "neutral", "confidence": {"negative": 0.0010443593, "positive": 0.00045643543, "neutral": 0.99849916}, "highlights": [{"offset": 31, "length": 9}]}]}