{"document": {"sentiment": "negative", "confidence": {"negative": 99.997604, "positive": 0.00078067806, "neutral": 0.0016172524}}, "sentences": [{"content": "\ub098\ub294 \uc9c1\uc6d0\ub4e4\uc744 \uc0dd\uac01\ud558\ub294 \ub9c8\uc74c\uc5d0 \uc5f4\uc2ec\ud788 \uc0dd\uac01\ud574\uc11c \uc870\uc5b8\uc744 \ud574\uc8fc\ub294\ub370 \ub4e3\uae30 \uc2eb\uc5b4\ud574.", "offset": 0, "length": 42, "sentiment": "negative", "confidence": {"negative": 0.9998561, "positive": 4.6840683e-05, "neutral": 9.703514e-05}, "highlights": [{"offset": 35, "length": 6}]}]}