{"document": {"sentiment": "negative", "confidence": {"negative": 99.999435, "positive": 0.0003013672, "neutral": 0.00026200796}}, "sentences": [{"content": "\ub098\ub984 \ub3c8\uc744 \uc5f4\uc2ec\ud788 \ubaa8\uc558\uc9c0\ub9cc \ub178\ud6c4 \uc900\ube44\uc5d0 \ud131\ub3c4 \uc5c6\ub294\uac78 \uc54c\uc544\uc11c \ub2f9\ud639\uc2a4\ub7ec\uc6cc.", "offset": 0, "length": 39, "sentiment": "negative", "confidence": {"negative": 0.99996614, "positive": 1.8082032e-05, "neutral": 1.5720478e-05}, "highlights": [{"offset": 15, "length": 23}]}]}