{"document": {"sentiment": "negative", "confidence": {"negative": 99.92433, "positive": 0.005108833, "neutral": 0.07055614}}, "sentences": [{"content": "\uc544\ub0b4\ub294 \ub3c8 \uad00\ub9ac\uc5d0 \ub300\ud55c \uac1c\ub150\ub3c4 \ubaa8\ub974\ub294\ub370 \uacc4\uc18d\ud558\ub294 \uc774\uc0c1 \ub3c8\uc744 \ub9ce\uc774 \ubaa8\uc744 \uc218 \uc5c6\uc744 \uac70\uc57c.", "offset": 0, "length": 47, "sentiment": "negative", "confidence": {"negative": 0.9954601, "positive": 0.00030652998, "neutral": 0.0042333687}, "highlights": [{"offset": 22, "length": 24}]}]}