{"document": {"sentiment": "negative", "confidence": {"negative": 99.98487, "positive": 0.0050060637, "neutral": 0.010124797}}, "sentences": [{"content": "\ub538\uc774 \ub0a8\ud3b8\uacfc \uc2f8\uc6b0\uace0 \ubc29\uc5d0 \ud2c0\uc5b4\ubc15\ud600 \ub098\uc62c \uc0dd\uac01\uc744 \uc548 \ud574\uc11c \ub2f5\ub2f5\ud574.", "offset": 0, "length": 35, "sentiment": "negative", "confidence": {"negative": 0.9990921, "positive": 0.0003003638, "neutral": 0.0006074878}, "highlights": [{"offset": 19, "length": 15}]}]}