{"document": {"sentiment": "negative", "confidence": {"negative": 99.99865, "positive": 0.0006323485, "neutral": 0.0007201482}}, "sentences": [{"content": "\uac19\uc774 \ub2e4\ub2c8\ub294 \uce5c\uad6c\uac00 \uc5b4\uc81c \uc74c\uc2dd\uc744 \uc804\ubd80 \uc11e\uc5b4\ub193\uace0 \ub098\ubcf4\uace0 \uba39\uc73c\ub77c\uace0 \ud558\ub354\ub77c. \uc815\ub9d0 \uc5ed\uaca8\uc6e0\uc5b4.", "offset": 0, "length": 48, "sentiment": "negative", "confidence": {"negative": 0.99991894, "positive": 3.7940914e-05, "neutral": 4.3208893e-05}, "highlights": [{"offset": 40, "length": 7}]}]}