{"document": {"sentiment": "negative", "confidence": {"negative": 85.69059, "positive": 0.0058378186, "neutral": 14.303573}}, "sentences": [{"content": "\uc544\ub0b4\uc640 \uc5b8\uc131\uc744 \ub192\uc5ec \uc2f8\uc6b0\ub2e4\uac00 \uc544\uc774\ub4e4\uc774 \uc7a0\uc5d0\uc11c \uae68\uc11c \ubc29\uc5d0\uc11c \ub098\uc624\ub294 \uac83\uc744 \ubcf4\uace0 \ub9d0\uc744 \uc544\uaf08\uc5b4.", "offset": 0, "length": 49, "sentiment": "negative", "confidence": {"negative": 0.9959544, "positive": 0.00021060558, "neutral": 0.003835045}, "highlights": [{"offset": 0, "length": 28}]}, {"content": " \uc560\ub4e4\uc774 \uc5b4\ub5bb\uac8c \uc0dd\uac01\ud560\uae4c?", "offset": 49, "length": 14, "sentiment": "neutral", "confidence": {"negative": 0.002386866, "positive": 0.00019804171, "neutral": 0.99741507}, "highlights": [{"offset": 1, "length": 12}]}]}