{"document": {"sentiment": "negative", "confidence": {"negative": 85.72626, "positive": 0.0202361, "neutral": 14.2535095}}, "sentences": [{"content": "\ub0a8\ud3b8\uc774 \uc5f0\ud558\ub77c\ub294 \uac8c \uc2e0\uacbd\uc774 \uc4f0\uc5ec.", "offset": 0, "length": 18, "sentiment": "neutral", "confidence": {"negative": 0.0017969161, "positive": 0.0010253221, "neutral": 0.99717784}, "highlights": [{"offset": 11, "length": 6}]}, {"content": " \uc774\uc81c \ub0a8\ud3b8\ubcf4\ub2e4 \ub0b4\uac00 \ub354 \ub299\uc5b4 \ubcf4\uc774\ub294 \uac83 \uac19\uc544\uc11c \uc790\uc2e0\uac10\uc774 \ub5a8\uc5b4\uc838.", "offset": 18, "length": 36, "sentiment": "negative", "confidence": {"negative": 0.9990409, "positive": 0.00039120484, "neutral": 0.00056781573}, "highlights": [{"offset": 27, "length": 8}]}]}