{"document": {"sentiment": "negative", "confidence": {"negative": 99.99903, "positive": 0.00022574642, "neutral": 0.00074432156}}, "sentences": [{"content": "\uc790\uae30\uac00 \uac80\uc0c9\ud558\uba74 \ub420 \uac83\uc744 \ub9e4\ubc88 \ub098\ud55c\ud14c \ubb3c\uc5b4\ubcf4\ub294 \uc560\uac00 \uc788\uc5b4\uc11c \uadc0\ucc2e\uc544.", "offset": 0, "length": 37, "sentiment": "negative", "confidence": {"negative": 0.9999417, "positive": 1.3544785e-05, "neutral": 4.4659293e-05}, "highlights": [{"offset": 17, "length": 19}]}]}