{"document": {"sentiment": "negative", "confidence": {"negative": 99.985886, "positive": 0.0059672454, "neutral": 0.008146641}}, "sentences": [{"content": "\ub098\ub294 \uc808\uc57d\ud558\uace0 \uc800\ucd95\ud558\ub294\ub370 \uc544\ub0b4\ub294 \uc790\uafb8 \ub3c8\uc744 \uac00\uc838\ub2e4 \uc368\uc11c \ud654\uac00 \ub098.", "offset": 0, "length": 36, "sentiment": "negative", "confidence": {"negative": 0.99915314, "positive": 0.0003580347, "neutral": 0.0004887984}, "highlights": [{"offset": 21, "length": 14}]}]}