{"document": {"sentiment": "positive", "confidence": {"negative": 0.033671297, "positive": 99.96026, "neutral": 0.006067718}}, "sentences": [{"content": "\uc2e0\ubb38\uc744 \ubcf4\ub2c8 \ub2e4\ub978 \uc9d1\uc740 \ub9ce\uc774 \ub2e4\ud22c\ub098\ubcf8\ub370 \uc6b0\ub9ac \uc9d1\uc740 \uc0ac\uc774\uc88b\uace0 \ud654\ubaa9\ud574\uc11c \ucc38 \uc88b\uc544.", "offset": 0, "length": 43, "sentiment": "positive", "confidence": {"negative": 0.0020202778, "positive": 0.9976157, "neutral": 0.00036406307}, "highlights": [{"offset": 22, "length": 16}]}]}