{"document": {"sentiment": "positive", "confidence": {"negative": 0.05862222, "positive": 99.88341, "neutral": 0.057968825}}, "sentences": [{"content": "\uc9c0\uae08 \ud1f4\uc9c1\ud574\uc11c \ub180\uace0 \uc788\ub294\ub370 \uc5c4\ub9c8\uac00 \uc774\ubc88 \uc5f0\ub3c4\uae4c\uc9c0 \ud479 \uc26c\ub77c \ud574\uc11c \uc548\ub3c4\uac10\uc5d0 \uae30\ubed0.", "offset": 0, "length": 43, "sentiment": "positive", "confidence": {"negative": 0.0035173332, "positive": 0.9930045, "neutral": 0.0034781294}, "highlights": [{"offset": 35, "length": 7}]}]}