{"document": {"sentiment": "neutral", "confidence": {"negative": 0.110418834, "positive": 0.36808014, "neutral": 99.5215}}, "sentences": [{"content": "\uc5b4\uc81c \ud798\ub4e0 \uc77c\uc774 \uc788\uc5c8\ub294\ub370 \uc5c4\ub9c8\uac00 \ub0b4 \ub9d0\uc744 \ub2e4 \ub4e4\uc5b4\uc92c\uc5b4.", "offset": 0, "length": 30, "sentiment": "neutral", "confidence": {"negative": 0.0011041884, "positive": 0.0036808017, "neutral": 0.99521506}, "highlights": [{"offset": 0, "length": 14}]}]}