{"document": {"sentiment": "negative", "confidence": {"negative": 99.97792, "positive": 0.007861599, "neutral": 0.014219412}}, "sentences": [{"content": "\uc77c\uc774 \uc798 \ub418\uba74 \ud68c\uc0ac \ub355\ubd84\uc774\uc9c0\ub9cc \ubc18\ub300\uc758 \uacbd\uc6b0\uc5d4 \ub0b4\uac00 \uc9c8\ud0c0\ub97c \ubc1b\uc544.", "offset": 0, "length": 35, "sentiment": "negative", "confidence": {"negative": 0.99867517, "positive": 0.00047169597, "neutral": 0.0008531647}, "highlights": [{"offset": 17, "length": 17}]}]}