{"document": {"sentiment": "negative", "confidence": {"negative": 99.94673, "positive": 0.015059733, "neutral": 0.038205937}}, "sentences": [{"content": "\uc5f0\uc560\ud558\uba74\uc11c \uc9c0\uae08\ucc98\ub7fc \ub9c8\uc74c\uc774 \ud3b8\ud588\ub358 \uc801\uc774 \uc5c6\ub294 \uac70 \uac19\uc544.", "offset": 0, "length": 30, "sentiment": "negative", "confidence": {"negative": 0.9968041, "positive": 0.000903584, "neutral": 0.0022923562}, "highlights": [{"offset": 0, "length": 29}]}]}