{"document": {"sentiment": "negative", "confidence": {"negative": 99.974556, "positive": 0.006356131, "neutral": 0.0190883}}, "sentences": [{"content": "\uc624\ub298 \ud559\uad50\uc5d0\uc11c \uc218\uc5c5 \ub05d\ub098\uace0 \ud559\uc2dd \uba39\uc73c\ub7ec \uac00\ub294\ub370 \uc880 \uc5b4\uc774\uc5c6\uc5c8\uc5b4.", "offset": 0, "length": 34, "sentiment": "negative", "confidence": {"negative": 0.99847335, "positive": 0.00038136786, "neutral": 0.001145298}, "highlights": [{"offset": 26, "length": 7}]}]}