{"document": {"sentiment": "negative", "confidence": {"negative": 99.979065, "positive": 0.006033109, "neutral": 0.014904685}}, "sentences": [{"content": "\ucd5c\uadfc \uc778\uc0ac \uc774\ub3d9\uc774 \uc788\uc5c8\ub294\ub370 \ub098\uc640 \uc804\ud600 \uad00\ub828 \uc5c6\ub294 \ubd80\uc11c\ub85c \ubc1c\ub839 \ub098\uc11c \ub108\ubb34 \ub2f9\ud669\uc2a4\ub7ec\uc6cc.", "offset": 0, "length": 46, "sentiment": "negative", "confidence": {"negative": 0.99874383, "positive": 0.00036198655, "neutral": 0.00089428114}, "highlights": [{"offset": 21, "length": 24}]}]}