{"document": {"sentiment": "negative", "confidence": {"negative": 99.937874, "positive": 0.0066367323, "neutral": 0.05548686}}, "sentences": [{"content": "\uc9d1\uc5d0\uc11c\ub294 \ub9d0 \uc548 \ub4e3\ub294 \ub3d9\uc0dd\uc774 \ud559\uad50\uc5d0\uc11c\ub294 \ubaa8\ubc94\uc0dd\uc778 \ucc99\ud574\uc11c \ub2f9\ud669\uc2a4\ub7ec\uc6cc.", "offset": 0, "length": 37, "sentiment": "negative", "confidence": {"negative": 0.99627256, "positive": 0.00039820393, "neutral": 0.0033292116}, "highlights": [{"offset": 0, "length": 36}]}]}