{"document": {"sentiment": "negative", "confidence": {"negative": 46.360287, "positive": 46.10466, "neutral": 7.5350513}}, "sentences": [{"content": "\ub2e4\uc74c \ub2ec\uc5d0 \uacb0\ud63c\ud558\uac8c \ub3fc\uc11c \uac00\uc871\ub4e4\uacfc \ub5a8\uc5b4\uc838 \uc0b4\uc544\uc57c \ud574.", "offset": 0, "length": 29, "sentiment": "negative", "confidence": {"negative": 0.99812895, "positive": 0.00037637766, "neutral": 0.0014947515}, "highlights": [{"offset": 14, "length": 14}]}, {"content": " \uadf8\ub3d9\uc548 \ubd80\ubaa8\ub2d8\uaed8 \ud6a8\ub3c4\ud55c \uac8c \uc5c6\ub294\ub370 \uc788\uc744 \ub54c \uc880 \ub354 \uc798\ud574\ub4dc\ub9b4\uac78.", "offset": 29, "length": 35, "sentiment": "positive", "confidence": {"negative": 0.0018385682, "positive": 0.9924758, "neutral": 0.0056856773}, "highlights": [{"offset": 25, "length": 9}]}, {"content": " \uacb0\ud63c\uc744 \uc880 \ub354 \ub098\uc911\uc73c\ub85c \ubbf8\ub904 \ud560 \uac78 \uadf8\ub7ac\uc5b4.", "offset": 64, "length": 25, "sentiment": "neutral", "confidence": {"negative": 0.026870055, "positive": 0.0007537025, "neutral": 0.9723762}, "highlights": [{"offset": 7, "length": 17}]}]}