{"document": {"sentiment": "neutral", "confidence": {"negative": 0.00264949, "positive": 0.0014816001, "neutral": 99.99587}}, "sentences": [{"content": "\uc790\uace0 \uc788\ub294\ub370 \uc220 \ub9c8\uc2dc\uace0 \ub4e4\uc5b4\uc628 \uc544\ube60\uac00 \uc220 \ub0c4\uc0c8 \ud480\ud480 \ud48d\uae30\uba70 \ub0a0 \uc790\uafb8 \uae68\uc6cc.", "offset": 0, "length": 41, "sentiment": "neutral", "confidence": {"negative": 2.6494901e-05, "positive": 1.4816002e-05, "neutral": 0.99995875}, "highlights": [{"offset": 33, "length": 7}]}]}