{"document": {"sentiment": "negative", "confidence": {"negative": 99.98072, "positive": 0.00523875, "neutral": 0.014039115}}, "sentences": [{"content": "\uce5c\uad6c\uac00 \ub098\ud55c\ud14c \uc131\uc801\uc774 \ub0ae\ub2e4\uace0 \ub9d0\ud574\uc11c \uc790\uc874\uc2ec\uc774 \uc0c1\ud558\uace0 \uae30\ubd84\uc774 \uc88b\uc9c0 \uc54a\uc544.", "offset": 0, "length": 39, "sentiment": "negative", "confidence": {"negative": 0.9988433, "positive": 0.000314325, "neutral": 0.0008423469}, "highlights": [{"offset": 29, "length": 9}]}]}