{"document": {"sentiment": "negative", "confidence": {"negative": 99.98093, "positive": 0.004382297, "neutral": 0.014690754}}, "sentences": [{"content": "\ub0b4\uac00 \uc5c4\ub9c8 \ub3c8\uc744 \uc548 \ud6d4\ucce4\ub294\ub370 \uac00\uc871\ub4e4\uc774 \uc790\uafb8 \ub0a0 \uc758\uc2ec\ud574.", "offset": 0, "length": 30, "sentiment": "negative", "confidence": {"negative": 0.9988556, "positive": 0.00026293783, "neutral": 0.00088144524}, "highlights": [{"offset": 24, "length": 5}]}]}