{"document": {"sentiment": "negative", "confidence": {"negative": 99.94914, "positive": 0.013534514, "neutral": 0.037320703}}, "sentences": [{"content": "\ub098\ub294 \ub354 \uc774\uc0c1 \uce5c\uad6c\ub97c \uc0ac\uadc8 \uc218 \uc5c6\uc744\uac83 \uac19\uc544 \uc9d1\uc5d0\ub9cc \uc788\uac8c\ub418\uc5b4 \uc2ac\ud37c.", "offset": 0, "length": 36, "sentiment": "negative", "confidence": {"negative": 0.99694866, "positive": 0.00081207085, "neutral": 0.0022392422}, "highlights": [{"offset": 21, "length": 14}]}]}