{"document": {"sentiment": "neutral", "confidence": {"negative": 0.09632117, "positive": 0.46079132, "neutral": 99.44289}}, "sentences": [{"content": "\ub2e4\uc74c \ub2ec\uc5d0 \ub300\uae30\uc5c5 \uba74\uc811\uc744 \ubcf4\ub294\ub370 \ubd99\uc744 \uc218 \uc788\uc744 \uac83 \uac19\uc544.", "offset": 0, "length": 31, "sentiment": "neutral", "confidence": {"negative": 0.00096321176, "positive": 0.004607913, "neutral": 0.9944289}, "highlights": [{"offset": 18, "length": 12}]}]}