{"document": {"sentiment": "negative", "confidence": {"negative": 99.9873, "positive": 0.00591558, "neutral": 0.0067887586}}, "sentences": [{"content": "\uc694\uc998 \uc80a\uc740 \uc0ac\ub78c\ub4e4\uc758 \uc0dd\uac01\uc740 \uc815\ub9d0 \uc774\ud574\uac00 \uc548 \uac00!", "offset": 0, "length": 26, "sentiment": "negative", "confidence": {"negative": 0.99923766, "positive": 0.00035493477, "neutral": 0.0004073255}, "highlights": [{"offset": 0, "length": 25}]}]}