{"document": {"sentiment": "negative", "confidence": {"negative": 99.980934, "positive": 0.0090703545, "neutral": 0.009998569}}, "sentences": [{"content": "\uacb0\ud63c\ud574\uc11c \uc790\uc720\ub86d\uc9c0 \ubabb\ud558\ub2e4 \ubcf4\ub2c8 \ubb54\uac00 \uc6b0\uc6b8\ud55c \uac10\uc815\uc744 \ub290\ub07c\ub294 \uac83 \uac19\uc544.", "offset": 0, "length": 37, "sentiment": "negative", "confidence": {"negative": 0.99885595, "positive": 0.00054422126, "neutral": 0.0005999142}, "highlights": [{"offset": 0, "length": 36}]}]}