{"document": {"sentiment": "positive", "confidence": {"negative": 0.023134612, "positive": 99.93906, "neutral": 0.03781047}}, "sentences": [{"content": "\ub0b4\uac00 \uad34\ub86d\ud614\ub358 \uce5c\uad6c\uac00 \ubc14\ub85c \uc6a9\uc11c\ub97c \ud574 \uc8fc\uaca0\ub2e4\uace0 \ub9d0\ud574\uc11c \uc548\ub3c4\uac00 \ub418\ub294 \uac83 \uac19\uc544.", "offset": 0, "length": 42, "sentiment": "positive", "confidence": {"negative": 0.0013880767, "positive": 0.9963433, "neutral": 0.0022686282}, "highlights": [{"offset": 15, "length": 26}]}]}