{"document": {"sentiment": "negative", "confidence": {"negative": 99.98627, "positive": 0.0039902497, "neutral": 0.009744127}}, "sentences": [{"content": "\uc77c\uc774 \ub9ce\uc774 \ubc00\ub838\ub294\ub370 \ub9c8\uac10\uc2dc\uac04\uae4c\uc9c0 \uc77c\uc744 \ub05d\ub0bc \uc218 \uc788\uc744\uc9c0 \uac71\uc815\uc774\uc57c.", "offset": 0, "length": 35, "sentiment": "negative", "confidence": {"negative": 0.99917597, "positive": 0.00023941499, "neutral": 0.00058464764}, "highlights": [{"offset": 11, "length": 23}]}]}