{"document": {"sentiment": "negative", "confidence": {"negative": 99.76952, "positive": 0.01296743, "neutral": 0.21750756}}, "sentences": [{"content": "\uc8fc\ubcc0 \uce5c\uad6c\ub4e4\uc774 \ub0a8\uc790\uce5c\uad6c\ud55c\ud14c \ubc1b\uc740 \uc120\ubb3c\ub4e4\uc744 \uc790\ub791\ud560 \ub54c\uba74 \ub098\ub3c4 \uadf8\ub7ec\uace0 \uc2f6\uc9c0 \uc54a\uc9c0\ub9cc \uad1c\ud788 \uc9c8\ud22c\uac00 \ub098.", "offset": 0, "length": 53, "sentiment": "negative", "confidence": {"negative": 0.98617154, "positive": 0.0007780458, "neutral": 0.013050454}, "highlights": [{"offset": 44, "length": 8}]}]}