{"document": {"sentiment": "negative", "confidence": {"negative": 99.97964, "positive": 0.006498701, "neutral": 0.013866922}}, "sentences": [{"content": "\uc870\uae08\uc774\ub77c\ub3c4 \uc5c5\ubb34 \uc2e4\uc218\ub97c \ud558\uba74 \uc5b8\uc81c\ub4e0 \uc0c1\uc0ac\uc5d0\uac8c \uafb8\uc9c0\ub78c\uc744 \ub4e3\uac8c \ub420\uae4c \ubd88\uc548\ud574.", "offset": 0, "length": 40, "sentiment": "negative", "confidence": {"negative": 0.99877805, "positive": 0.00038992206, "neutral": 0.0008320153}, "highlights": [{"offset": 20, "length": 19}]}]}