{"document": {"sentiment": "neutral", "confidence": {"negative": 0.1818953, "positive": 0.06662663, "neutral": 99.75148}}, "sentences": [{"content": "\uc0ac\uc5c5\uc774 \uc5b4\ub824\uc6cc\uc838\uc11c \uc544\ub0b4\uac00 \uc544\uc774\ub4e4\uc744 \uc704\ud55c \uc801\uae08\uc744 \uae68\uc11c \uc92c\uc5b4.", "offset": 0, "length": 32, "sentiment": "neutral", "confidence": {"negative": 0.0018189531, "positive": 0.00066626637, "neutral": 0.99751484}, "highlights": [{"offset": 22, "length": 7}]}]}