{"document": {"sentiment": "positive", "confidence": {"negative": 0.0014328132, "positive": 99.9959, "neutral": 0.0026614221}}, "sentences": [{"content": "\uc6b0\ub9ac \uc544\ub4e4\ub538\uc740 \uc544\uc8fc \uc608\uc758 \ubc14\ub974\ub2e4\uace0 \ub3d9\ub124\uc5d0 \uce6d\ucc2c\uc774 \uc790\uc790\ud574\uc11c \ub0b4\uac00 \ub108\ubb34 \uae30\ubd84\uc774 \uc88b\uc544.", "offset": 0, "length": 45, "sentiment": "positive", "confidence": {"negative": 8.596879e-05, "positive": 0.99975437, "neutral": 0.00015968533}, "highlights": [{"offset": 19, "length": 13}]}]}