{"document": {"sentiment": "negative", "confidence": {"negative": 99.99592, "positive": 0.001646466, "neutral": 0.002433379}}, "sentences": [{"content": "\ub09c \ub0a8\ud3b8\uc774 \ub0b4\uac8c \uac70\uc9d3\ub9d0\ud560 \ub54c\ub294 \uc18d\uc5d0\uc11c \ubb50\uac00 \uc62c\ub77c\uc640 \ud1a0\ud560 \uac83 \uac19\uc544\uc838.", "offset": 0, "length": 37, "sentiment": "negative", "confidence": {"negative": 0.9997552, "positive": 9.878796e-05, "neutral": 0.00014600274}, "highlights": [{"offset": 17, "length": 19}]}]}