{"document": {"sentiment": "negative", "confidence": {"negative": 99.98742, "positive": 0.0056522666, "neutral": 0.0069277505}}, "sentences": [{"content": "\ub2e4\ub4e4 \uc77c\uc744 \ub108\ubb34 \ub300\ucda9 \ud558\ub294 \uac83 \uac19\uc544.", "offset": 0, "length": 20, "sentiment": "negative", "confidence": {"negative": 0.9992513, "positive": 0.00038742847, "neutral": 0.0003612925}, "highlights": [{"offset": 0, "length": 19}]}, {"content": " \ub098 \ud63c\uc790\ub9cc \ud574\uacb0\ud558\ub290\ub77c \uace0\uad70\ubd84\ud22c\ud574\uc11c \uc18d\uc0c1\ud574 \uc815\ub9d0.", "offset": 20, "length": 27, "sentiment": "negative", "confidence": {"negative": 0.9992391, "positive": 0.0002908435, "neutral": 0.00047003754}, "highlights": [{"offset": 1, "length": 25}]}]}