{"document": {"sentiment": "negative", "confidence": {"negative": 99.903366, "positive": 0.010409613, "neutral": 0.086221345}}, "sentences": [{"content": "\ub0b4\uc77c\uc774 \ucc44\uc6a9 \uc2dc\ud5d8 \ubc1c\ud45c\uc77c\uc778\ub370 \ub108\ubb34 \ub5a8\ub824\uc11c \uba70\uce60 \uc804\ubd80\ud130 \uc7a0\uc744 \uc798 \ubabb \uc790.", "offset": 0, "length": 39, "sentiment": "negative", "confidence": {"negative": 0.9942021, "positive": 0.00062457676, "neutral": 0.005173281}, "highlights": [{"offset": 23, "length": 15}]}]}