{"document": {"sentiment": "negative", "confidence": {"negative": 99.99861, "positive": 0.0006141409, "neutral": 0.0007770854}}, "sentences": [{"content": "\ub208\uc774 \uce68\uce68\ud574 \uc548\uacfc\uc5d0 \uac14\ub294\ub370 \uc2dc\ub825\uc774 \ub9ce\uc774 \uc548 \uc88b\uc544 \uc6b0\uc6b8\ud574.", "offset": 0, "length": 31, "sentiment": "negative", "confidence": {"negative": 0.99991655, "positive": 3.6848454e-05, "neutral": 4.6625126e-05}, "highlights": [{"offset": 15, "length": 15}]}]}