{"document": {"sentiment": "neutral", "confidence": {"negative": 3.793445, "positive": 0.050648976, "neutral": 96.15591}}, "sentences": [{"content": "\ub0b4\uac00 \uc774 \uc9c1\uc7a5\uc5d0\uc11c \ub2e4\ub978 \uc9c1\uc7a5\uc73c\ub85c \uc5b8\uc81c \uc774\uc9c1\uc744 \ud574\uc57c \ud560\uc9c0 \uc798 \ubaa8\ub974\uaca0\uc5b4.", "offset": 0, "length": 38, "sentiment": "neutral", "confidence": {"negative": 0.03793445, "positive": 0.0005064897, "neutral": 0.961559}, "highlights": [{"offset": 13, "length": 24}]}]}