{"document": {"sentiment": "negative", "confidence": {"negative": 99.980446, "positive": 0.0067032473, "neutral": 0.012850873}}, "sentences": [{"content": "\uc774\ubc88 \ud559\uad50 \ud3ed\ub825 \uc704\uc6d0\ud68c\uc5d0\uc11c \uac00\ud574\uc790\ub4e4\uc774 \uc9d5\uacc4\ub97c \ud06c\uac8c \ubc1b\uac8c \ub410\uc5b4.", "offset": 0, "length": 34, "sentiment": "negative", "confidence": {"negative": 0.9988267, "positive": 0.00040219483, "neutral": 0.0007710524}, "highlights": [{"offset": 0, "length": 33}]}]}