{"document": {"sentiment": "negative", "confidence": {"negative": 99.980034, "positive": 0.007162557, "neutral": 0.012806785}}, "sentences": [{"content": "\uc544\ube60\uc758 \uc0ac\uc5c5\uc774 \ub9dd\ud558\uc154\uc11c \uacf5\ubd80\ub97c \uc704\ud55c \uc720\ud559\uc740 \ubabb \uac00\uac8c \ub418\uc5c8\uc5b4.", "offset": 0, "length": 33, "sentiment": "negative", "confidence": {"negative": 0.9988018, "positive": 0.00042975342, "neutral": 0.00076840713}, "highlights": [{"offset": 20, "length": 12}]}]}