{"document": {"sentiment": "positive", "confidence": {"negative": 0.02708557, "positive": 85.69093, "neutral": 14.281983}}, "sentences": [{"content": "\uc694\ubc88\uc5d0 \ud68c\uc0ac\uc5d0\uc11c \ud558\ub294 \uc0c8\ub85c\uc6b4 \ud504\ub85c\uc81d\ud2b8\uc5d0 \ub0b4\uac00 \ub0b8 \uc758\uacac\uc774 \ucc44\ud0dd\ub410\uc5b4.", "offset": 0, "length": 36, "sentiment": "neutral", "confidence": {"negative": 0.00012543521, "positive": 0.00053936924, "neutral": 0.9993351}, "highlights": [{"offset": 0, "length": 35}]}, {"content": " \uc624\ub298 \ud300\uc7a5\ub2d8\uaed8 \uce6d\ucc2c\uae4c\uc9c0 \ubc1b\uc544\uc11c \uc544\uc8fc \uae30\ubd84\uc774 \uc88b\uc544.", "offset": 36, "length": 28, "sentiment": "positive", "confidence": {"negative": 0.0017705547, "positive": 0.9978257, "neutral": 0.00040370587}, "highlights": [{"offset": 21, "length": 6}]}]}