{"document": {"sentiment": "negative", "confidence": {"negative": 99.999405, "positive": 0.00023427229, "neutral": 0.00036146858}}, "sentences": [{"content": "\uc544\ube60\ub294 \ub0b4 \uc774\uc57c\uae30\ub97c \ub4e4\uc73c\ub824 \ud558\uc9c0 \uc54a\uc544. \uc815\ub9d0 \ud654\uac00\ub098.", "offset": 0, "length": 29, "sentiment": "negative", "confidence": {"negative": 0.99996424, "positive": 1.4056337e-05, "neutral": 2.1688114e-05}, "highlights": [{"offset": 22, "length": 6}]}]}