{"document": {"sentiment": "negative", "confidence": {"negative": 85.68228, "positive": 0.009027762, "neutral": 14.308692}}, "sentences": [{"content": "\uc9d1\uc5d0\uc11c \uae08\ubc18\uc9c0 \ud558\ub098\uac00 \uc0ac\ub77c\uc84c\uac70\ub4e0?", "offset": 0, "length": 18, "sentiment": "neutral", "confidence": {"negative": 0.00092760444, "positive": 0.00040158245, "neutral": 0.9986708}, "highlights": [{"offset": 0, "length": 17}]}, {"content": " \uadfc\ub370 \uadf8 \uc2dc\uac04\uc5d0 \ub098\ub9cc \uc9d1\uc5d0 \uc788\uc5c8\ub2e4\ub294 \uc774\uc720\ub85c \uc790\uafb8 \ub098\ub97c \ubc94\uc778\uc73c\ub85c \ubab0\uc544\uac00\uace0 \uc788\uc5b4.", "offset": 18, "length": 44, "sentiment": "negative", "confidence": {"negative": 0.99683195, "positive": 0.0002303609, "neutral": 0.0029376128}, "highlights": [{"offset": 28, "length": 13}]}]}