{"document": {"sentiment": "negative", "confidence": {"negative": 99.983185, "positive": 0.005691883, "neutral": 0.011122888}}, "sentences": [{"content": "\uc5b4\ub838\uc744 \ub54c \ubd80\ubaa8\ub2d8 \uc774\ud63c\uc73c\ub85c \uc5bc\uad74\ub3c4 \uae30\uc5b5 \uc548\ub098\ub294 \uc5c4\ub9c8\uac00 \ub0a0 \ucc3e\uc544\uc654\ub294\ub370 \uc880 \ud63c\ub780\uc2a4\ub7ec\uc6cc.", "offset": 0, "length": 46, "sentiment": "negative", "confidence": {"negative": 0.9989911, "positive": 0.000341513, "neutral": 0.0006673733}, "highlights": [{"offset": 38, "length": 7}]}]}