{"document": {"sentiment": "negative", "confidence": {"negative": 99.93006, "positive": 0.0054860627, "neutral": 0.064455144}}, "sentences": [{"content": "\uc798 \ub098\uac00\ub294 \ub3d9\uae30\ub97c \uc9c8\ud22c\ud558\ub294 \ub9d0\uc744 \uc0c1\uc0ac\uc5d0\uac8c \ud574 \ubc84\ub838\uc5b4.", "offset": 0, "length": 29, "sentiment": "negative", "confidence": {"negative": 0.9958534, "positive": 0.00031193288, "neutral": 0.0038346252}, "highlights": [{"offset": 2, "length": 26}]}, {"content": " \uadf8 \ub3d9\uae30\uc758 \uadc0\uc5d0\ub3c4 \ub4e4\uc5b4\uac08\uae4c \ub450\ub824\uc6cc.", "offset": 29, "length": 20, "sentiment": "negative", "confidence": {"negative": 0.99575365, "positive": 0.00034639463, "neutral": 0.0038999922}, "highlights": [{"offset": 1, "length": 18}]}]}