{"document": {"sentiment": "neutral", "confidence": {"negative": 0.3005202, "positive": 0.023033258, "neutral": 99.676445}}, "sentences": [{"content": "\ub0a8\uc790\uce5c\uad6c\uc640 \uacb0\ud63c\uc744 \ud558\uace0 \uc2f6\uc740\ub370 \ubd80\ubaa8\ub2d8\uc774 \ud5c8\ub77d\ud558\uc2e4\uc9c0 \ubaa8\ub974\uaca0\uc5b4.", "offset": 0, "length": 33, "sentiment": "neutral", "confidence": {"negative": 0.0030052024, "positive": 0.00023033259, "neutral": 0.99676454}, "highlights": [{"offset": 17, "length": 15}]}]}