{"document": {"sentiment": "negative", "confidence": {"negative": 99.9992, "positive": 0.00035755563, "neutral": 0.0004421771}}, "sentences": [{"content": "\ub9c8\uac10\uc77c\uae4c\uc9c0 \uc5bc\ub9c8 \ub0a8\uc9c0 \uc54a\uc558\ub294\ub370 \ud560 \uc77c\uc774 \ub108\ubb34 \ub9ce\uc774 \ub0a8\uc544\uc11c \ucd08\uc870\ud574.", "offset": 0, "length": 36, "sentiment": "negative", "confidence": {"negative": 0.99995196, "positive": 2.1453337e-05, "neutral": 2.6530624e-05}, "highlights": [{"offset": 17, "length": 18}]}]}