{"document": {"sentiment": "negative", "confidence": {"negative": 99.97137, "positive": 0.0042146617, "neutral": 0.024419172}}, "sentences": [{"content": "\ud68c\uc0ac\uc5d0\uc11c \uc911\uc694\ud55c \uc11c\ub958\uac00 \uc5c6\uc5b4\uc84c\ub294\ub370 \ub0b4\uac00 \uc624\ud574\ubc1b\uace0 \uc788\uc5b4.", "offset": 0, "length": 30, "sentiment": "negative", "confidence": {"negative": 0.99828196, "positive": 0.0002528797, "neutral": 0.0014651503}, "highlights": [{"offset": 19, "length": 8}]}]}