{"document": {"sentiment": "positive", "confidence": {"negative": 0.05479414, "positive": 85.68228, "neutral": 14.262927}}, "sentences": [{"content": "\uc624\ub298 \uc77c\uc774 \ub9ce\uc558\ub294\ub370 \ucd5c\ub300\ud55c \uc9d1\uc911\ud574\uc11c \ud1f4\uadfc \uc804\uc5d0 \uc804\ubd80 \ub2e4 \ub05d\ub0b4\uace0 \uc815\uc2dc\uc5d0 \ud1f4\uadfc\ud588\uc5b4.", "offset": 0, "length": 44, "sentiment": "neutral", "confidence": {"negative": 0.0016492293, "positive": 0.0008351737, "neutral": 0.9975157}, "highlights": [{"offset": 35, "length": 8}]}, {"content": " \ub9c8\uc74c\uc774 \ud3b8\uc548\ud558\ub2e4.", "offset": 44, "length": 10, "sentiment": "positive", "confidence": {"negative": 0.0021863605, "positive": 0.99692434, "neutral": 0.0008892304}, "highlights": [{"offset": 1, "length": 8}]}]}