{"document": {"sentiment": "negative", "confidence": {"negative": 99.98109, "positive": 0.009750984, "neutral": 0.009164475}}, "sentences": [{"content": "\uc774\ubc88 \uc2dc\ud5d8 \uacb0\uacfc \ubc18\uc5d0\uc11c \ub298 \uc0c1\uc704\uad8c\uc774\uc5c8\ub294\ub370 \uc131\uc801\uc774 \ub5a8\uc5b4\uc838 \ucda9\uaca9\ubc1b\uc558\uc5b4.", "offset": 0, "length": 37, "sentiment": "negative", "confidence": {"negative": 0.9988651, "positive": 0.00058505905, "neutral": 0.0005498685}, "highlights": [{"offset": 23, "length": 13}]}]}