{"document": {"sentiment": "negative", "confidence": {"negative": 99.98947, "positive": 0.004215862, "neutral": 0.006312303}}, "sentences": [{"content": "\uc0c8\ub85c\uc6b4 \ud300\uc5d0 \ud569\ub958\ud558\uac8c \ub418\uc5c8\ub294\ub370 \ud3c9\uc18c\uc5d0 \uaebc\ub9ac\ub358 \uc0ac\ub78c\ub3c4 \uac19\uc740 \ud300\uc774\uc5b4\uc11c \ubd88\ud3b8\ud574.", "offset": 0, "length": 41, "sentiment": "negative", "confidence": {"negative": 0.99936837, "positive": 0.00025295172, "neutral": 0.00037873816}, "highlights": [{"offset": 25, "length": 15}]}]}