{"document": {"sentiment": "negative", "confidence": {"negative": 99.98051, "positive": 0.008364305, "neutral": 0.011127556}}, "sentences": [{"content": "\uac00\ud574\uc790\uc5d0 \ub300\ud55c \ucc98\ubd84\uc774 \uc81c\ub300\ub85c \uc774\ub8e8\uc5b4\uc9c0\uc9c0 \uc54a\uc544 \uc2a4\ud2b8\ub808\uc2a4 \ubc1b\uc544.", "offset": 0, "length": 33, "sentiment": "negative", "confidence": {"negative": 0.9988305, "positive": 0.0005018583, "neutral": 0.00066765334}, "highlights": [{"offset": 8, "length": 24}]}]}