{"document": {"sentiment": "negative", "confidence": {"negative": 99.97212, "positive": 0.007955138, "neutral": 0.01992383}}, "sentences": [{"content": "\ud68c\uc0ac \ub3d9\ub8cc\uac00 \uad00\uacf5\uc11c \uc785\ucc30 \ub54c\ubb38\uc5d0 \ub098\uc5d0\uac8c \uce5c\ubd84 \uc788\ub294 \uacf5\ubb34\uc6d0\uc744 \uc18c\uac1c\ud574 \ub2ec\ub77c\uace0 \uadf8\ub7ec\ub294\ub370 \uc131\uac00\uc2dc\ub124.", "offset": 0, "length": 51, "sentiment": "negative", "confidence": {"negative": 0.9983272, "positive": 0.00047730826, "neutral": 0.0011954298}, "highlights": [{"offset": 46, "length": 4}]}]}