{"document": {"sentiment": "negative", "confidence": {"negative": 99.645905, "positive": 0.006373778, "neutral": 0.34772182}}, "sentences": [{"content": "\uc544\ub4e4\uc774 \uc2e4\uc5c5\uacc4 \uace0\ub4f1\ud559\uad50\ub97c \uac00\uc11c \ube68\ub9ac \ucde8\uc5c5\ud558\uace0 \uc2f6\ub2e4\uace0 \ud588\ub294\ub370 \uadf8\ub807\uac8c \ud558\ub77c\uace0 \ud560 \uac78 \uadf8\ub7ac\uc5b4.", "offset": 0, "length": 49, "sentiment": "negative", "confidence": {"negative": 0.9787542, "positive": 0.0003824267, "neutral": 0.02086331}, "highlights": [{"offset": 33, "length": 15}]}]}