{"document": {"sentiment": "neutral", "confidence": {"negative": 0.046883285, "positive": 0.051889647, "neutral": 99.90123}}, "sentences": [{"content": "\uc774\uc81c \uc5b4\ub290 \uc815\ub3c4 \uc9c1\uc7a5\uc5d0\uc11c \uc790\ub9ac\ub97c \uc7a1\uace0 \ub098\ub2c8 \ubc29\uc5b4\uc801\uc73c\ub85c \uc5c5\ubb34\ub97c \ud558\ub294 \uac83 \uac19\uc544.", "offset": 0, "length": 42, "sentiment": "neutral", "confidence": {"negative": 0.00046883282, "positive": 0.00051889644, "neutral": 0.99901223}, "highlights": [{"offset": 3, "length": 38}]}]}