{"document": {"sentiment": "negative", "confidence": {"negative": 99.89734, "positive": 0.0045373235, "neutral": 0.098120116}}, "sentences": [{"content": "\uc544\ub0b4\uac00 \uc77c\ubd80\ub7ec \uc545\uc758\uc801\uc778 \uac10\uc815\uc73c\ub85c \uadf8\ub7f0 \uac8c \uc544\ub2c8\uace0\uc11c\uc57c \ub098\ud55c\ud14c \uc774\ub7f4 \uc218 \uc788\uc744\uae4c?", "offset": 0, "length": 42, "sentiment": "negative", "confidence": {"negative": 0.99384046, "positive": 0.0002722394, "neutral": 0.0058872066}, "highlights": [{"offset": 13, "length": 28}]}]}