{"document": {"sentiment": "negative", "confidence": {"negative": 99.982124, "positive": 0.00414926, "neutral": 0.013724889}}, "sentences": [{"content": "\uc9d1 \ub300\ucd9c\uae08\uc774 \uc5f0\uccb4\ub410\ub294\ub370 \ub0a8\ud3b8\uc774 \uc2e0\uacbd\uc744 \uc548 \uc368\uc11c \ud654\ub098.", "offset": 0, "length": 29, "sentiment": "negative", "confidence": {"negative": 0.99892753, "positive": 0.0002489556, "neutral": 0.0008234933}, "highlights": [{"offset": 0, "length": 28}]}]}