{"document": {"sentiment": "negative", "confidence": {"negative": 99.99614, "positive": 0.0010944487, "neutral": 0.0027623463}}, "sentences": [{"content": "\ucc45\uc744 \uc548 \uac00\uc9c0\uace0 \uc640\ubc84\ub838\ub294\ub370 \uc5b4\ub5bb\uac8c \ud574\uc57c \ud560\uc9c0 \ubaa8\ub974\uaca0\uace0 \ub2f9\ud669\uc2a4\ub7ec\uc6cc.", "offset": 0, "length": 36, "sentiment": "negative", "confidence": {"negative": 0.99976856, "positive": 6.566692e-05, "neutral": 0.00016574077}, "highlights": [{"offset": 15, "length": 20}]}]}