{"document": {"sentiment": "negative", "confidence": {"negative": 99.99073, "positive": 0.0040816325, "neutral": 0.0051898686}}, "sentences": [{"content": "\ub538\uc744 \uc784\uc2e0\ud588\ub294\ub370 \ub0a8\ud3b8\uc774 \uc790\uafb8 \uc544\ub4e4\ub9cc \uc6d0\ud574\uc11c \uae30\ubd84\uc774 \ub098\ube60.", "offset": 0, "length": 31, "sentiment": "negative", "confidence": {"negative": 0.9994437, "positive": 0.00024489794, "neutral": 0.00031139213}, "highlights": [{"offset": 24, "length": 6}]}]}