{"document": {"sentiment": "negative", "confidence": {"negative": 99.98381, "positive": 0.0069226483, "neutral": 0.009268087}}, "sentences": [{"content": "\ud68c\uc0ac\uc5d0\uc11c \uce5c\ud558\ub2e4\uace0 \uc0dd\uac01\ud55c \ud6c4\ubc30\ud55c\ud14c \uc6b0\ub9ac \ud300\uc7a5 \uc695\uc744 \ud588\ub294\ub370 \uc544\ubb34\ub798\ub3c4 \ubd88\uc548\ud558\ub124.", "offset": 0, "length": 42, "sentiment": "negative", "confidence": {"negative": 0.99902856, "positive": 0.0004153589, "neutral": 0.00055608526}, "highlights": [{"offset": 32, "length": 9}]}]}