{"document": {"sentiment": "negative", "confidence": {"negative": 99.99949, "positive": 0.00028527513, "neutral": 0.00022780371}}, "sentences": [{"content": "\uc774\ubc88 \uc8fc\ub9d0\uc5d0 \ub0a8\uc790\uce5c\uad6c\ub791 \uc5ec\ud589 \uac00\uae30\ub85c \ud588\ub294\ub370 \uc900\ube44\ud560 \uc0dd\uac01\uc744 \uc548 \ud574\uc11c \uc9dc\uc99d \ub098.", "offset": 0, "length": 42, "sentiment": "negative", "confidence": {"negative": 0.9999691, "positive": 1.7116508e-05, "neutral": 1.3668223e-05}, "highlights": [{"offset": 24, "length": 17}]}]}