{"document": {"sentiment": "negative", "confidence": {"negative": 99.9817, "positive": 0.007027689, "neutral": 0.011274185}}, "sentences": [{"content": "\ub098\ub294 \uc694\uc998 \uce5c\uad6c\uac00 \ubb34\uc2a8 \ub9d0\uc744 \ud558\uae30\ub9cc \ud558\uba74 \uce5c\uad6c\uc5d0\uac8c \uc545\uc758\uc801\uc778 \ube44\ub09c\uc744 \ud37c\ubd93\uac8c \ub3fc.", "offset": 0, "length": 43, "sentiment": "negative", "confidence": {"negative": 0.99890184, "positive": 0.00042166133, "neutral": 0.0006764511}, "highlights": [{"offset": 23, "length": 19}]}]}