{"document": {"sentiment": "negative", "confidence": {"negative": 99.97858, "positive": 0.009016698, "neutral": 0.01240566}}, "sentences": [{"content": "\ub098\ub791 \ub9de\uc9c0 \uc54a\ub294 \uc0ac\ub78c\uc744 \ub9cc\ub098\ub294 \uac83\uc740 \uc815\ub9d0 \ud798\ub4e0 \uc77c\uc774\uc57c.", "offset": 0, "length": 30, "sentiment": "negative", "confidence": {"negative": 0.9987147, "positive": 0.0005410019, "neutral": 0.0007443396}, "highlights": [{"offset": 6, "length": 23}]}]}