{"document": {"sentiment": "negative", "confidence": {"negative": 99.97428, "positive": 0.012279319, "neutral": 0.013439215}}, "sentences": [{"content": "\uc784\uc2e0\ud55c \uc544\ub0b4\uac00 \uac74\uac15\ud558\uac8c \ucd9c\uc0b0\uc744 \ud560 \uc218 \uc788\uc744\uc9c0 \uac71\uc815\uc774\uc57c", "offset": 0, "length": 29, "sentiment": "negative", "confidence": {"negative": 0.99845684, "positive": 0.0007367591, "neutral": 0.0008063529}, "highlights": [{"offset": 0, "length": 29}]}]}