{"document": {"sentiment": "negative", "confidence": {"negative": 99.94046, "positive": 0.010594909, "neutral": 0.04894709}}, "sentences": [{"content": "\uc624\ub298 \uacb0\ud63c\uc2dd\uc7a5\uc5d0\uc11c \ubd80\ubaa8\ub2d8\uc774\ub791 \uc778\uc0ac\ub97c \ud558\ub294\ub370 \ub208\ubb3c\uc774 \ub0ac\uc5b4.", "offset": 0, "length": 31, "sentiment": "negative", "confidence": {"negative": 0.9964275, "positive": 0.00063569454, "neutral": 0.0029368254}, "highlights": [{"offset": 24, "length": 6}]}]}