{"document": {"sentiment": "negative", "confidence": {"negative": 99.93642, "positive": 0.005232248, "neutral": 0.058348548}}, "sentences": [{"content": "\ubcd1\uc6d0\uc5d0\uc11c \uc544\ub4e4\uc774 \ub098\ucc98\ub7fc \ud0c8\ubaa8\uac00 \uc9c4\ud589\ub420 \uac70\ub77c\uace0 \ud574\uc11c \ub2f9\ud669\ud588\uc5b4.", "offset": 0, "length": 33, "sentiment": "negative", "confidence": {"negative": 0.9961851, "positive": 0.00031393487, "neutral": 0.0035009128}, "highlights": [{"offset": 0, "length": 32}]}]}