{"document": {"sentiment": "neutral", "confidence": {"negative": 0.010684375, "positive": 0.016105147, "neutral": 99.97321}}, "sentences": [{"content": "\uc5c4\ub9c8 \uc0dd\uc2e0\uc774\uc5b4\uc11c \uc544\uce68\uc744 \ucc28\ub824\ub4dc\ub838\ub294\ub370 \uc5c4\ub9c8\uac00 \uc74c\uc2dd\uc744 \ubc84\ub9ac\uace0 \uc788\ub294 \uac78 \ubd24\uc5b4.", "offset": 0, "length": 40, "sentiment": "neutral", "confidence": {"negative": 0.00010684375, "positive": 0.00016105147, "neutral": 0.9997321}, "highlights": [{"offset": 20, "length": 12}]}]}