{"document": {"sentiment": "neutral", "confidence": {"negative": 0.824266, "positive": 1.1942074, "neutral": 97.98153}}, "sentences": [{"content": "\ud63c\uc790 \uad50\uc2e4\uc5d0 \ub0a8\uc544\uc11c \ud130\uc838 \ub098\uc624\ub294 \ub208\ubb3c\uc744 \ucc38\uae30 \uc704\ud574 \ub178\ub825\ud588\uc5b4.", "offset": 0, "length": 33, "sentiment": "neutral", "confidence": {"negative": 0.00824266, "positive": 0.011942075, "neutral": 0.97981524}, "highlights": [{"offset": 14, "length": 18}]}]}