{"document": {"sentiment": "negative", "confidence": {"negative": 99.99123, "positive": 0.0033700094, "neutral": 0.005404192}}, "sentences": [{"content": "\ub178\ud6c4\ub300\ube44\uac00 \uc2dc\uae09\ud55c\ub370 \ubaa8\uc544\ub454 \ub3c8\uc774 \ub108\ubb34 \uc801\uc5b4\uc11c \ud070\uc77c\uc774\uc57c.", "offset": 0, "length": 30, "sentiment": "negative", "confidence": {"negative": 0.99947363, "positive": 0.00020220056, "neutral": 0.00032425154}, "highlights": [{"offset": 15, "length": 14}]}]}