{"document": {"sentiment": "negative", "confidence": {"negative": 99.98062, "positive": 0.0096172625, "neutral": 0.009763078}}, "sentences": [{"content": "\ub098\uc774\ub3c4 \ub9ce\uc740\ub370 \uc88b\uc740 \uc77c\uc790\ub9ac\uc5d0 \ucde8\uc5c5\uc774 \ub420\uae4c \uac71\uc815\uc774\uc57c.", "offset": 0, "length": 28, "sentiment": "negative", "confidence": {"negative": 0.9988372, "positive": 0.00057703577, "neutral": 0.00058578467}, "highlights": [{"offset": 8, "length": 19}]}]}