{"document": {"sentiment": "negative", "confidence": {"negative": 85.57407, "positive": 0.025616817, "neutral": 14.40031}}, "sentences": [{"content": "\uc624\ub298 \uc0c1\ub2f4\uc744 \ubc1b\uc73c\ub7ec \uc628 \uc544\uc774\uac00 \uc788\uc5c8\uc5b4.", "offset": 0, "length": 21, "sentiment": "neutral", "confidence": {"negative": 0.00012096609, "positive": 0.00018017863, "neutral": 0.9996989}, "highlights": [{"offset": 3, "length": 17}]}, {"content": " \ubd88\uc548\ud574 \ubcf4\uc5ec\uc11c \ucd5c\ub300\ud55c \ub2e4\uc815\ud558\uac8c \ub300\ud654\ub97c \ub098\ub204\uc5c8\uc5b4.", "offset": 21, "length": 27, "sentiment": "negative", "confidence": {"negative": 0.9900642, "positive": 0.0016129985, "neutral": 0.008322789}, "highlights": [{"offset": 9, "length": 17}]}]}