{"document": {"sentiment": "negative", "confidence": {"negative": 99.9531, "positive": 0.0069695865, "neutral": 0.039931502}}, "sentences": [{"content": "\uc544\ub0b4\uac00 \uc778\uacf5\uc218\uc815 \uc2dc\uc220 \ub54c\ubb38\uc5d0 \uc5bc\ub9c8\ub098 \ud798\ub4e4\uc5c8\ub294\ub370 \ub610 \uc720\uc0b0\uc774 \ub410\uc5b4.", "offset": 0, "length": 35, "sentiment": "negative", "confidence": {"negative": 0.9971859, "positive": 0.0004181752, "neutral": 0.0023958902}, "highlights": [{"offset": 26, "length": 8}]}]}