{"document": {"sentiment": "negative", "confidence": {"negative": 99.908966, "positive": 0.0051869093, "neutral": 0.08584714}}, "sentences": [{"content": "\uc790\uafb8 \uac70\uc9d3\ub9d0\uc774 \uc55e\uc11c\ub294 \uce5c\uad6c\ub4e4\uc744 \ubcf4\uace0 \uc788\uc790\uba74 \uc548\ud0c0\uae4c\uc6b4 \ub9c8\uc74c\uc774 \ub4e4\uc5b4.", "offset": 0, "length": 36, "sentiment": "negative", "confidence": {"negative": 0.99848396, "positive": 0.0003876075, "neutral": 0.0011285343}, "highlights": [{"offset": 3, "length": 32}]}, {"content": " \ub3c4\ub300\uccb4 \uc65c \uc800\ub7ec\ub098 \ud558\uace0 \ub9d0\uc774\uc57c.", "offset": 36, "length": 18, "sentiment": "negative", "confidence": {"negative": 0.99059194, "positive": 0.00023482161, "neutral": 0.009173122}, "highlights": [{"offset": 1, "length": 13}]}]}