{"document": {"sentiment": "positive", "confidence": {"negative": 0.0025321112, "positive": 99.994965, "neutral": 0.0025068107}}, "sentences": [{"content": "\uce5c\uad6c\ub4e4\uc774 \uc790\uafb8 \uc18c\uc18c\ud558\uac8c \uc120\ubb3c\uc744 \ucc59\uaca8\uc8fc\ub294\ub370 \uae30\ubd84\uc774 \uc88b\uc544.", "offset": 0, "length": 30, "sentiment": "positive", "confidence": {"negative": 0.00015192668, "positive": 0.9996977, "neutral": 0.00015040864}, "highlights": [{"offset": 23, "length": 6}]}]}