{"document": {"sentiment": "negative", "confidence": {"negative": 99.999344, "positive": 0.00033291985, "neutral": 0.00032293555}}, "sentences": [{"content": "\ubc18\uc5d0\uc11c \uc218\ud559\uc5ec\ud589 \ub54c \uc7a5\uae30\uc790\ub791\uc744 \ud560 \ud300\uc744 \ubf51\uc558\ub294\ub370 \ub0b4\uac00 \ub418\uc5c8\uc5b4. \ub108\ubb34 \ub2f9\ud669\uc2a4\ub7ec\uc6cc.", "offset": 0, "length": 44, "sentiment": "negative", "confidence": {"negative": 0.99996054, "positive": 1.997519e-05, "neutral": 1.9376133e-05}, "highlights": [{"offset": 35, "length": 8}]}]}