{"document": {"sentiment": "negative", "confidence": {"negative": 99.96148, "positive": 0.020489326, "neutral": 0.018031692}}, "sentences": [{"content": "\ub0b4\uac00 \ud558\ub294 \ub178\ud6c4\uc900\ube44\ub294 \uc8fd\uc744 \ub54c\uae4c\uc9c0 \ub05d\uc774 \ub098\uc9c0 \uc54a\uc744 \uac83 \uac19\uc544 \uc2ac\ud504\ub124.", "offset": 0, "length": 37, "sentiment": "negative", "confidence": {"negative": 0.99768865, "positive": 0.0012293595, "neutral": 0.0010819015}, "highlights": [{"offset": 19, "length": 17}]}]}