{"document": {"sentiment": "neutral", "confidence": {"negative": 0.22097772, "positive": 0.038144074, "neutral": 99.740875}}, "sentences": [{"content": "\uc544\ub0b4\uc640 \uc544\uc774\ub4e4\uc774 \uc798 \ud560 \uc218 \uc788\uc744\uc9c0 \ubaa8\ub974\uaca0\ub124.", "offset": 0, "length": 24, "sentiment": "neutral", "confidence": {"negative": 0.0022097772, "positive": 0.00038144077, "neutral": 0.9974088}, "highlights": [{"offset": 0, "length": 23}]}]}