{"document": {"sentiment": "negative", "confidence": {"negative": 99.94432, "positive": 0.0042123455, "neutral": 0.05146382}}, "sentences": [{"content": "\uc0c1\uc0ac\uc5d0\uac8c \ud2b8\uc9d1\uc744 \uc7a1\ud600 \ud55c \ubc88 \ud63c\ucb50\uc774 \ub09c \ub4a4\ub85c \uc6ec\ub9cc\ud574\uc11c\ub294 \uc5ee\uc774\uc9c0 \uc54a\uc73c\ub824 \ud574.", "offset": 0, "length": 41, "sentiment": "negative", "confidence": {"negative": 0.9966595, "positive": 0.00025274072, "neutral": 0.0030878293}, "highlights": [{"offset": 0, "length": 29}]}]}