{"document": {"sentiment": "negative", "confidence": {"negative": 99.96093, "positive": 0.0017089442, "neutral": 0.03736082}}, "sentences": [{"content": "\uc5c4\ub9c8\ub791 \uc544\ube60\ub294 \ub610 \uc2f8\uc6b0\uace0 \uc5b8\ub2c8\ub791 \ub098\ub294 \ub208\uce58\ub9cc \ubcf4\uace0 \uc788\uc5b4.", "offset": 0, "length": 31, "sentiment": "negative", "confidence": {"negative": 0.99765587, "positive": 0.00010253665, "neutral": 0.0022416492}, "highlights": [{"offset": 14, "length": 14}]}]}