{"document": {"sentiment": "negative", "confidence": {"negative": 99.9611, "positive": 0.0077898093, "neutral": 0.0311125}}, "sentences": [{"content": "\uc6b0\ub9ac\ubc18\uc5d0 \uc5b4\ub5a4\uc560\uac00 \ubaa8\ubc94\uc0dd\uc778 \uc544\uc774\ub97c \uad34\ub86d\ud788\ub294\ub370 \ub9d0\ub9ac\uace0\ub294 \uc2f6\uc740\ub370 \ub098\ub3c4 \ub530\ub3cc\ub9bc \ub2f9\ud560\uae4c\ubd10 \uc870\uc2ec\uc2a4\ub7ec\uc6cc.", "offset": 0, "length": 52, "sentiment": "negative", "confidence": {"negative": 0.9976659, "positive": 0.00046738857, "neutral": 0.00186675}, "highlights": [{"offset": 25, "length": 9}]}]}