{"document": {"sentiment": "neutral", "confidence": {"negative": 0.3907655, "positive": 0.11615337, "neutral": 99.49308}}, "sentences": [{"content": "\uacb0\ud63c\ud55c \uc9c0 \uc0ac \ub144\uc9f8 \uc544\uc774 \uc5c6\ub294 \uc0b6\uc744 \uc0b4\uace0 \uc788\ub294\ub370 \uc774\uc81c \uc544\uae30\ub97c \uac00\uc9c8\uae4c \uc870\uc2ec\uc2a4\ub7fd\uac8c \uc0dd\uac01 \uc911\uc774\uc57c.", "offset": 0, "length": 51, "sentiment": "neutral", "confidence": {"negative": 0.003907655, "positive": 0.0011615336, "neutral": 0.9949308}, "highlights": [{"offset": 30, "length": 20}]}]}