{"document": {"sentiment": "negative", "confidence": {"negative": 99.985245, "positive": 0.005408375, "neutral": 0.009348513}}, "sentences": [{"content": "\ubc18\ud56d\uc2ec\uc5d0 \ub2f4\uc784\uc120\uc0dd\ub2d8\uaed8 \ub300\ub4e4\uc5c8\ub294\ub370 \uc9d1\uc5d0 \ub3cc\uc544\uc640\uc11c \uc0dd\uac01\ud574\ubcf4\ub2c8 \ub9c8\uc74c\uc5d0 \uac78\ub9ac\uace0 \ud6c4\ud68c\ub3fc.", "offset": 0, "length": 44, "sentiment": "negative", "confidence": {"negative": 0.9991146, "positive": 0.0003245025, "neutral": 0.00056091073}, "highlights": [{"offset": 26, "length": 17}]}]}