{"document": {"sentiment": "negative", "confidence": {"negative": 99.9443, "positive": 0.019710863, "neutral": 0.035990015}}, "sentences": [{"content": "\ub108\ubb34 \ubc14\uc058\uac8c \uc77c\ub9cc \ud558\ub2e4 \ubcf4\ub2c8 \ub0b4\uac00 \uc77c\ud558\uae30 \uc704\ud574 \ud0dc\uc5b4\ub09c \ub85c\ubd07\uc778\uac00\ub77c\ub294 \uc0dd\uac01\uc774 \ub4e4\uc5b4\uc11c \uc2ac\ud37c.", "offset": 0, "length": 48, "sentiment": "negative", "confidence": {"negative": 0.99665797, "positive": 0.0011826517, "neutral": 0.0021594008}, "highlights": [{"offset": 37, "length": 10}]}]}