{"document": {"sentiment": "negative", "confidence": {"negative": 99.98358, "positive": 0.006511775, "neutral": 0.0099098785}}, "sentences": [{"content": "\uce5c\uad6c\ub4e4\uc740 \ucde8\uc5c5\uc774 \ub418\uc5c8\ub294\ub370 \ub098\ub9cc \ucde8\uc5c5\uc774 \uc548 \ub3fc\uc11c \ub108\ubb34 \ubd88\uc548\ud574.", "offset": 0, "length": 33, "sentiment": "negative", "confidence": {"negative": 0.9990146, "positive": 0.0003907065, "neutral": 0.0005945927}, "highlights": [{"offset": 14, "length": 18}]}]}