{"document": {"sentiment": "negative", "confidence": {"negative": 99.986145, "positive": 0.006588067, "neutral": 0.0072661256}}, "sentences": [{"content": "\ubc18\uc5d0\uc11c \ub530\ub3cc\ub9bc\ub2f9\ud558\ub294 \ub370 \uc120\uc0dd\ub2d8\uc774 \ub3c4\uc640\uc900\ub2e4\ub354\ub2c8 \uac54\ub124 \ubd80\ubaa8\ub2d8\ud55c\ud14c \ub3c8 \ubc1b\uace0\ub294 \ub0b4 \uc798\ubabb\uc774\ub798 \uc5ed\uaca8\uc6cc.", "offset": 0, "length": 51, "sentiment": "negative", "confidence": {"negative": 0.99916875, "positive": 0.000395284, "neutral": 0.00043596755}, "highlights": [{"offset": 40, "length": 10}]}]}