{"document": {"sentiment": "negative", "confidence": {"negative": 99.953995, "positive": 0.0062550716, "neutral": 0.039748702}}, "sentences": [{"content": "\ud300\uc6d0\ub4e4\uc758 \uc5c5\ubb34\ubd84\ubc30\ub85c \uc778\ud55c \uc624\ud574\uac00 \ud480\ub838\uc5b4.", "offset": 0, "length": 22, "sentiment": "negative", "confidence": {"negative": 0.9972397, "positive": 0.00037530428, "neutral": 0.002384922}, "highlights": [{"offset": 0, "length": 21}]}]}