{"document": {"sentiment": "negative", "confidence": {"negative": 99.981445, "positive": 0.008710759, "neutral": 0.009841941}}, "sentences": [{"content": "\uc62c\ud574 \ub4e4\uc5b4 \ub530\ub3cc\ub9bc\uc744 \ub2f9\ud558\uace0 \uc788\ub294\ub370 \uc0bc \ub144 \ub0b4\ub0b4 \ub530\ub3cc\ub9bc \ub2f9\ud560\uae4c \ubd10 \ubb34\uc11c\uc6cc.", "offset": 0, "length": 40, "sentiment": "negative", "confidence": {"negative": 0.9988869, "positive": 0.00052264554, "neutral": 0.0005905165}, "highlights": [{"offset": 26, "length": 13}]}]}