{"document": {"sentiment": "positive", "confidence": {"negative": 0.020203926, "positive": 99.93575, "neutral": 0.04404083}}, "sentences": [{"content": "\ub9c8\uac10\uae30\ud55c \ub0b4\uc5d0 \uc77c\uc744 \ub05d\ub0bc \uc218 \uc788\uc744\uae4c \uac71\uc815\ud588\ub294\ub370 \uae30\ud55c\uc774 \ub298\uc5b4\ub098\uc11c \ub2e4\ud589\uc774\uc57c.", "offset": 0, "length": 40, "sentiment": "positive", "confidence": {"negative": 0.0012122355, "positive": 0.99614525, "neutral": 0.0026424497}, "highlights": [{"offset": 20, "length": 19}]}]}