{"document": {"sentiment": "negative", "confidence": {"negative": 99.96731, "positive": 0.006751682, "neutral": 0.025936477}}, "sentences": [{"content": "\uce5c\uad6c\uac00 \ub9ce\uc774 \uc544\ud504\ub2e4\uace0 \ud574\uc11c \ud559\uc6d0\uc744 \uc548 \uac00\uace0 \uce5c\uad6c \ubcd1\ubb38\uc548\uc744 \uac14\ub294\ub370 \uc5c4\ub9c8\uac00 \ud654\ub97c \ub0c8\uc5b4.", "offset": 0, "length": 46, "sentiment": "negative", "confidence": {"negative": 0.9980387, "positive": 0.00040510093, "neutral": 0.0015561886}, "highlights": [{"offset": 36, "length": 9}]}]}