{"document": {"sentiment": "negative", "confidence": {"negative": 99.98654, "positive": 0.008100793, "neutral": 0.0053597125}}, "sentences": [{"content": "\uc9c1\uc704\ub97c \ub0a8\uc6a9\ud574\uc11c \uc9c1\uc6d0\ub4e4\uc744 \uc81c\uba4b\ub300\ub85c \ubd80\ub824\uba39\ub294 \uc0c1\uc0ac\ub97c \ubcf4\uace0 \uc788\uc790\ub2c8 \uad6c\uc5ed\uc9c8\uc774 \ub098.", "offset": 0, "length": 42, "sentiment": "negative", "confidence": {"negative": 0.9991923, "positive": 0.00048604756, "neutral": 0.00032158275}, "highlights": [{"offset": 19, "length": 22}]}]}