{"document": {"sentiment": "negative", "confidence": {"negative": 99.97798, "positive": 0.009517354, "neutral": 0.012497401}}, "sentences": [{"content": "\uc624\ub798 \uac00\ub974\uce5c \uacfc\uc678 \ud559\uc0dd\uc758 \uc131\uc801\uc774 \uc624\ub974\uc9c0 \uc54a\uace0 \uc788\uc5b4.", "offset": 0, "length": 28, "sentiment": "negative", "confidence": {"negative": 0.9986791, "positive": 0.00057104125, "neutral": 0.00074984407}, "highlights": [{"offset": 7, "length": 18}]}]}