{"document": {"sentiment": "negative", "confidence": {"negative": 99.9907, "positive": 0.002713188, "neutral": 0.0065834536}}, "sentences": [{"content": "\uc544\ube60\uac00 \ub098\ub97c \ubd80\ub974\ub354\ub2c8 \uc544\ubb34\ub7f0 \ub9d0\uc500\ub3c4 \uc5c6\uc774 \ud68c\ucd08\ub9ac\ub97c \uaebc\ub0b4\uc154\uc11c \ubd88\uc548\ud588\uc5b4.", "offset": 0, "length": 38, "sentiment": "negative", "confidence": {"negative": 0.9994423, "positive": 0.00016279129, "neutral": 0.00039500723}, "highlights": [{"offset": 0, "length": 37}]}]}