{"document": {"sentiment": "negative", "confidence": {"negative": 85.73568, "positive": 0.02122173, "neutral": 14.243098}}, "sentences": [{"content": "\ub098\uc774 \ucc28\uc774\uac00 \ud06c\uac8c \ub098\ub294 \ub0a8\uc790\uce5c\uad6c\uac00 \uc790\uafb8 \uacb0\ud63c\ud558\uc790\uace0 \uc870\ub974\ub294\ub370 \ub108\ubb34 \ubd80\ub2f4\uc2a4\ub7ec\uc6cc.", "offset": 0, "length": 42, "sentiment": "negative", "confidence": {"negative": 0.999201, "positive": 0.00018537791, "neutral": 0.00061364996}, "highlights": [{"offset": 33, "length": 8}]}, {"content": " \ub098\ub294 \uc544\uc9c1 \uacb0\ud63c\ud558\uace0 \uc2f6\uc740 \ub9c8\uc74c\ub3c4 \uc5c6\uace0 \ud558\uace0 \uc2f6\uc740 \uc77c\ub3c4 \ub9ce\uc740\ub370 \ub9d0\uc774\uc57c.", "offset": 42, "length": 39, "sentiment": "neutral", "confidence": {"negative": 0.0022966051, "positive": 0.0013001433, "neutral": 0.9964032}, "highlights": [{"offset": 7, "length": 15}]}]}