{"document": {"sentiment": "negative", "confidence": {"negative": 99.74773, "positive": 0.008326954, "neutral": 0.24394457}}, "sentences": [{"content": "\uc218\uc5c5 \ub4e3\ub294\ub370 \ub0b4\uac00 \ub9c8\uc2dc\ub358 \uc74c\ub8cc\uc218\ub97c \uce5c\uad6c\uac00 \uc785\ub300\uace0 \ub9c8\uc154\uc11c \ub2f9\ud669\ud588\uc5b4.", "offset": 0, "length": 36, "sentiment": "negative", "confidence": {"negative": 0.9848637, "positive": 0.00049961725, "neutral": 0.014636674}, "highlights": [{"offset": 14, "length": 21}]}]}