{"document": {"sentiment": "positive", "confidence": {"negative": 0.009670107, "positive": 99.89474, "neutral": 0.09559342}}, "sentences": [{"content": "\ub098\ub294 \uc774 \uacb0\ud63c\uc2dd\uc744 \uc815\ub9d0 \uc798 \uce58\ub97c \uc218 \uc788\uc744 \uac83 \uac19\uc544.", "offset": 0, "length": 28, "sentiment": "positive", "confidence": {"negative": 0.0005802064, "positive": 0.9936841, "neutral": 0.0057356055}, "highlights": [{"offset": 0, "length": 27}]}]}