{"document": {"sentiment": "negative", "confidence": {"negative": 99.93683, "positive": 0.009584622, "neutral": 0.053585015}}, "sentences": [{"content": "\ub3d9\uc0dd\uc740 \uacf5\ubd80\ub97c \uc798\ud574\uc11c \ub9e4\uc77c \uce6d\ucc2c\ubc1b\ub294\ub370 \ub098\ub294 \uacf5\ubd80\ub97c \ubabb\ud574\uc11c \ud56d\uc0c1 \uafb8\uc911\ub9cc \ub4e4\uc5b4.", "offset": 0, "length": 42, "sentiment": "negative", "confidence": {"negative": 0.99620986, "positive": 0.00057507737, "neutral": 0.0032151008}, "highlights": [{"offset": 21, "length": 20}]}]}