{"document": {"sentiment": "negative", "confidence": {"negative": 99.80617, "positive": 0.0074080937, "neutral": 0.18642144}}, "sentences": [{"content": "\uc88b\uc544\ud558\ub294 \uc5ec\uc790\uc560\ud55c\ud14c \uace0\ubc31\ud3b8\uc9c0\ub97c \uc4f0\ub294\ub370 \ud615\uc774 \ube8f\uc5b4\uac14\uc5b4.", "offset": 0, "length": 29, "sentiment": "negative", "confidence": {"negative": 0.9883703, "positive": 0.00044448563, "neutral": 0.011185287}, "highlights": [{"offset": 21, "length": 5}]}]}