{"document": {"sentiment": "neutral", "confidence": {"negative": 0.04126642, "positive": 0.03796592, "neutral": 99.92077}}, "sentences": [{"content": "\uae38\uac70\ub9ac\uc5d0\uc11c \uc544\ub0b4\uc640 \uc2f8\uc6e0\ub294\ub370 \uc0ac\ub78c\ub4e4\uc774 \uc218\uad70\uac70\ub9ac\uae38\ub798 \uc790\ub9ac\ub97c \ub5b4\uc5b4.", "offset": 0, "length": 34, "sentiment": "neutral", "confidence": {"negative": 0.00041266423, "positive": 0.00037965924, "neutral": 0.9992078}, "highlights": [{"offset": 27, "length": 6}]}]}