{"document": {"sentiment": "negative", "confidence": {"negative": 99.95711, "positive": 0.00568684, "neutral": 0.037204303}}, "sentences": [{"content": "\ud559\uad50\uc5d0\uc11c \uc655\ub530\ub97c \ub2f9\ud558\uace0 \uc788\ub2e4\uace0 \ub9d0\ud588\uc9c0\ub9cc \uac00\uc871\ub4e4\uc740 \ubcc4\ub85c \uad00\uc2ec\uc774 \uc5c6\uc5b4.", "offset": 0, "length": 37, "sentiment": "negative", "confidence": {"negative": 0.99742645, "positive": 0.0003412104, "neutral": 0.0022322582}, "highlights": [{"offset": 0, "length": 13}]}]}