{"document": {"sentiment": "negative", "confidence": {"negative": 85.73187, "positive": 0.05171007, "neutral": 14.216414}}, "sentences": [{"content": "\uc784\uc2e0\ud558\ub824\uba74 \uac74\uac15\ud55c \ubab8\uc744 \ub9cc\ub4e4\uc5b4\uc57c \ud558\uac70\ub4e0.", "offset": 0, "length": 22, "sentiment": "neutral", "confidence": {"negative": 0.0019834505, "positive": 0.003211725, "neutral": 0.9948048}, "highlights": [{"offset": 0, "length": 21}]}, {"content": " \uadfc\ub370 \uc6b4\ub3d9\ub3c4 \uc548 \ud558\uace0 \uba39\uae30\ub9cc \ud558\ub294 \ub098 \uc790\uc2e0\uc774 \ub108\ubb34 \ud55c\uc2ec\ud574.", "offset": 22, "length": 33, "sentiment": "negative", "confidence": {"negative": 0.99924785, "positive": 0.0004079797, "neutral": 0.00034418254}, "highlights": [{"offset": 17, "length": 15}]}]}