{"document": {"sentiment": "positive", "confidence": {"negative": 5.5455265, "positive": 91.10342, "neutral": 3.3510609}}, "sentences": [{"content": "\ud559\uad50\ud3ed\ub825\uc704\uc6d0\ud68c\uc5d0\uc11c \ub0b4\ub9b0 \uaca9\ub9ac \uacb0\uc815\uc73c\ub85c \ub354 \uc774\uc0c1 \uac00\ud574\uc790\ub97c \ubcfc \uc77c\uc774 \uc5c6\uc5b4 \ub9c8\uc74c\uc774 \ud3b8\ud574.", "offset": 0, "length": 46, "sentiment": "positive", "confidence": {"negative": 0.33273157, "positive": 0.46620473, "neutral": 0.20106365}, "highlights": [{"offset": 13, "length": 32}]}]}