{"document": {"sentiment": "negative", "confidence": {"negative": 99.98853, "positive": 0.0038186633, "neutral": 0.0076516196}}, "sentences": [{"content": "\ud68c\uc0ac \uc0c1\uc0ac\ub2d8\uc774 \ubc25\uc744 \uac19\uc774 \uba39\uc744 \ub54c\ub9c8\ub2e4 \ucf54\ub97c \ud478\uc154\uc11c \ub9c8\uc8fc \ubcf4\uace0 \uba39\ub294\ub370 \ube44\uc704\uac00 \uc0c1\ud574.", "offset": 0, "length": 45, "sentiment": "negative", "confidence": {"negative": 0.9993118, "positive": 0.0002291198, "neutral": 0.00045909718}, "highlights": [{"offset": 38, "length": 6}]}]}