{"document": {"sentiment": "negative", "confidence": {"negative": 99.98533, "positive": 0.00598319, "neutral": 0.008687277}}, "sentences": [{"content": "\ub2e4\ub2c8\ub358 \uc9c1\uc7a5\uc744 \uc740\ud1f4\ud558\uace0 \ud63c\uc790 \uc9c0\ub0b4\ub824\uba74 \ubb34\ub825\uac10\uc774 \uc5c4\uccad\ub0a0 \uac83 \uac19\ub2e4.", "offset": 0, "length": 35, "sentiment": "negative", "confidence": {"negative": 0.9991198, "positive": 0.0003589914, "neutral": 0.0005212366}, "highlights": [{"offset": 4, "length": 30}]}]}