{"document": {"sentiment": "negative", "confidence": {"negative": 99.98395, "positive": 0.009069745, "neutral": 0.0069804033}}, "sentences": [{"content": "\ub0b4\uac00 \uae30\ub300\ud55c \ud68c\uc0ac\uc640 \ud604\uc2e4\uc758 \ud68c\uc0ac\uac00 \ub2e4\ub974\ub2c8 \uc0c1\ub2f9\ud788 \ud658\uba78\uc774 \ub09c\ub2e4.", "offset": 0, "length": 34, "sentiment": "negative", "confidence": {"negative": 0.999037, "positive": 0.0005441847, "neutral": 0.0004188242}, "highlights": [{"offset": 0, "length": 33}]}]}