{"document": {"sentiment": "positive", "confidence": {"negative": 0.017255291, "positive": 99.971924, "neutral": 0.010820932}}, "sentences": [{"content": "\ub0b4\uac00 \uc815\ud574\ub193\uc740 \uc624\ub298\uc758 \uacf5\ubd80 \ubd84\ub7c9\uc744 \ubaa8\ub450 \ub05d\ub0b4\uc11c \ub108\ubb34 \uae30\ubed0.", "offset": 0, "length": 32, "sentiment": "positive", "confidence": {"negative": 0.0010353174, "positive": 0.99831545, "neutral": 0.00064925593}, "highlights": [{"offset": 5, "length": 26}]}]}