{"document": {"sentiment": "negative", "confidence": {"negative": 99.98544, "positive": 0.0067595625, "neutral": 0.0078005353}}, "sentences": [{"content": "\ub2f4\ubc30\ub97c \ub04a\uc5c8\ub294\ub370 \uac74\uac15\uc774 \ub354 \ub098\ube60\uc838\uc11c \ubc30\uc2e0\ub2f9\ud55c \uae30\ubd84\uc774\uc57c.", "offset": 0, "length": 30, "sentiment": "negative", "confidence": {"negative": 0.9991264, "positive": 0.00040557375, "neutral": 0.0004680321}, "highlights": [{"offset": 20, "length": 9}]}]}