{"document": {"sentiment": "negative", "confidence": {"negative": 99.987175, "positive": 0.0047535584, "neutral": 0.00806967}}, "sentences": [{"content": "\ubc11\uc5d0 \uc9c1\uc6d0\uc774 \uc77c\uc740 \uc81c\ub300\ub85c \ud558\uc9c0\ub3c4 \ubabb\ud558\uba74\uc11c \uc790\uafb8 \uc77c\uc740 \uc5b4\ub514\uc11c \uac00\uc9c0\uace0 \uc628\ub2e4\ub2c8\uae4c.", "offset": 0, "length": 42, "sentiment": "negative", "confidence": {"negative": 0.9992306, "positive": 0.0002852135, "neutral": 0.0004841802}, "highlights": [{"offset": 0, "length": 23}]}]}