{"document": {"sentiment": "positive", "confidence": {"negative": 0.0023005735, "positive": 99.99556, "neutral": 0.002140129}}, "sentences": [{"content": "\ucd5c\uadfc\uc5d0 \ub3c5\uc11c \ubaa8\uc784\uc5d0 \uc0c8\ub85c \uac00\uc785\ud588\ub294\ub370 \uc0ac\ub78c\ub4e4\uc774 \ub108\ubb34 \uc88b\uc544\uc11c \ub9cc\uc871\uc2a4\ub7ec\uc6cc.", "offset": 0, "length": 38, "sentiment": "positive", "confidence": {"negative": 0.0001380344, "positive": 0.9997335, "neutral": 0.00012840774}, "highlights": [{"offset": 14, "length": 23}]}]}