{"document": {"sentiment": "negative", "confidence": {"negative": 99.98199, "positive": 0.00979715, "neutral": 0.008217151}}, "sentences": [{"content": "\uc815\ub144\uc774 \uc5bc\ub9c8 \ub0a8\uc9c0 \uc54a\uc558\ub294\ub370 \ud68c\uc0ac \uadf8\ub9cc\ub450\uace0 \ub098\uba74 \uc5b4\ub5bb\uac8c \uba39\uace0\uc0b4\uc9c0 \ub9c9\ub9c9\ud558\ub124.", "offset": 0, "length": 40, "sentiment": "negative", "confidence": {"negative": 0.99891925, "positive": 0.00058782904, "neutral": 0.0004930291}, "highlights": [{"offset": 15, "length": 24}]}]}