{"document": {"sentiment": "negative", "confidence": {"negative": 99.98042, "positive": 0.005592791, "neutral": 0.013984545}}, "sentences": [{"content": "\ubd80\ubaa8\ub2d8\uc774 \uc774\ud63c\ud558\uc154\uc11c \uc5c4\ub9c8\ub791\ub9cc \uc0b4\uace0 \uc788\ub294\uac78 \ub2e4\ub978 \uc560\ub4e4\uc774 \ub208\uce58\ucc4c\uae4c \ubd10 \uac71\uc815\ub3fc.", "offset": 0, "length": 41, "sentiment": "negative", "confidence": {"negative": 0.9988254, "positive": 0.00033556746, "neutral": 0.0008390727}, "highlights": [{"offset": 19, "length": 21}]}]}