{"document": {"sentiment": "neutral", "confidence": {"negative": 0.059203163, "positive": 0.043446176, "neutral": 99.897354}}, "sentences": [{"content": "\uc694\uc998 \ub098\uc774\uac00 \ub4e4\uc5b4\uc11c \uadf8\ub7f0\uc9c0 \ub2e4\ub9ac\uac00 \uc548 \uc88b\uc740\ub370 \uc6b4\ub3d9 \ubb50\uac00 \uc88b\uc744\uae4c?", "offset": 0, "length": 35, "sentiment": "neutral", "confidence": {"negative": 0.0005920317, "positive": 0.0004344618, "neutral": 0.9989736}, "highlights": [{"offset": 25, "length": 9}]}]}