{"document": {"sentiment": "negative", "confidence": {"negative": 99.96359, "positive": 0.0048955977, "neutral": 0.031511832}}, "sentences": [{"content": "\ubd80\uc7a5\ub2d8\uaed8\uc11c \uc77c\uc8fc\uc77c \uc804\uc5d0 \ubd80\ud0c1\ud558\uc2e0 \uc77c\uc774 \uc788\uc5c8\ub294\ub370 \uc78a\uc5b4\uba39\uace0 \uc788\ub2e4\uac00 \uc774\uc81c\uc57c \uc0dd\uac01\uc774 \ub098\uc11c \ub108\ubb34 \ub2f9\ud639\uc2a4\ub7ec\uc6cc.", "offset": 0, "length": 55, "sentiment": "negative", "confidence": {"negative": 0.9978156, "positive": 0.00029373585, "neutral": 0.0018907099}, "highlights": [{"offset": 39, "length": 15}]}]}