{"document": {"sentiment": "negative", "confidence": {"negative": 99.99141, "positive": 0.002776877, "neutral": 0.0058117677}}, "sentences": [{"content": "\uc5c4\ub9c8\uac00 \uaca8\uc6b8\uc5d0\ub3c4 \uc785\uc744 \uc637\uc774 \uc5c6\uc73c\uc154\uc11c \uc5ec\ub984\uc637\uc744 \uacb9\uacb9\uc774 \uc785\uc73c\uc2dc\ub294\ub370 \ub108\ubb34 \uc18d\uc0c1\ud574.", "offset": 0, "length": 42, "sentiment": "negative", "confidence": {"negative": 0.99948466, "positive": 0.00016661262, "neutral": 0.00034870606}, "highlights": [{"offset": 35, "length": 6}]}]}