{"document": {"sentiment": "negative", "confidence": {"negative": 99.98434, "positive": 0.0060896478, "neutral": 0.009576534}}, "sentences": [{"content": "\uc798\ubabb\ub41c \uc885\ub958\uc758 \ube75\uc744 \uc0ac \uac00\uc11c \ud3ed\ub825\uc744 \ub2f9\ud558\ub294 \ubaa8\uc2b5\uc744 \uc88b\uc544\ud558\ub358 \uc544\uc774\ud55c\ud14c \ub4e4\ucf30\uc5b4.", "offset": 0, "length": 42, "sentiment": "negative", "confidence": {"negative": 0.99906, "positive": 0.00036537886, "neutral": 0.00057459204}, "highlights": [{"offset": 33, "length": 8}]}]}