{"document": {"sentiment": "negative", "confidence": {"negative": 99.98706, "positive": 0.0060661584, "neutral": 0.0068750614}}, "sentences": [{"content": "\ub098\ub294 \uc815\ub9d0 \ub9ce\uc774 \ub178\ub825\ud558\ub294\ub370 \ub0b4 \uc8fc\ubcc0\uc5d4 \uc544\ubb34\ub3c4 \uc5c6\uc5b4\uc11c \ud798\ub4e4\uc5b4.", "offset": 0, "length": 33, "sentiment": "negative", "confidence": {"negative": 0.9992235, "positive": 0.0003639695, "neutral": 0.0004125037}, "highlights": [{"offset": 6, "length": 26}]}]}