{"document": {"sentiment": "negative", "confidence": {"negative": 99.990654, "positive": 0.0033471137, "neutral": 0.006000209}}, "sentences": [{"content": "\uc624\ub298 \ub180\ub2e4 \ub4e4\uc5b4\uac04\ub2e4\uace0 \uc5c4\ub9c8\ud55c\ud14c \uc5f0\ub77d \ud588\ub294\ub370 \uc539\ud614\uc5b4. \ud55c \ubc88\uc529 \uadf8\ub7f4 \ub54c\ub9c8\ub2e4 \ub108\ubb34 \uc18d\uc0c1\ud574.", "offset": 0, "length": 48, "sentiment": "negative", "confidence": {"negative": 0.99943906, "positive": 0.00020082682, "neutral": 0.00036001255}, "highlights": [{"offset": 41, "length": 6}]}]}