{"document": {"sentiment": "negative", "confidence": {"negative": 99.99052, "positive": 0.0027291542, "neutral": 0.006752506}}, "sentences": [{"content": "\uc6b4\ub3d9\uc758 \uae30\ubcf8\uc774 \ub048\uae30\uc640 \uc778\ub0b4\uc778\ub370 \ub098\ub294 \uadf8\uac83\uc774 \ubd80\uc871\ud55c \uac70 \uac19\uc544.", "offset": 0, "length": 33, "sentiment": "negative", "confidence": {"negative": 0.9994311, "positive": 0.00016374925, "neutral": 0.00040515035}, "highlights": [{"offset": 17, "length": 15}]}]}