{"document": {"sentiment": "neutral", "confidence": {"negative": 1.1615062, "positive": 0.102695964, "neutral": 98.735794}}, "sentences": [{"content": "\uc2ac\uc2ac \uc800\ucd95\uc744 \uc2dc\uc791\ud560 \ub54c\uac00 \ub410\ub294\ub370 \uc790\uc2dd\ub4e4\uc774 \uc544\uc9c1 \ud559\uc0dd\uc774\uc5ec\uc11c \ud559\ube44\uac00 \ub9ce\uc774\ub4e4\uc5b4\uac00.", "offset": 0, "length": 42, "sentiment": "neutral", "confidence": {"negative": 0.011615062, "positive": 0.0010269596, "neutral": 0.987358}, "highlights": [{"offset": 32, "length": 9}]}]}