{"document": {"sentiment": "negative", "confidence": {"negative": 99.96746, "positive": 0.011540415, "neutral": 0.020999659}}, "sentences": [{"content": "\uc694\uc998 \uc544\ub0b4 \uc131\ud654\uc5d0 \ubabb \uc774\uaca8 \ud568\uaed8 \ub450 \uc2dc\uac04\uc529 \ube68\ub9ac \uac77\uae30 \uc6b4\ub3d9\ud558\ub294\ub370 \ub108\ubb34 \uc131\uac00\uc154.", "offset": 0, "length": 43, "sentiment": "negative", "confidence": {"negative": 0.9980476, "positive": 0.0006924249, "neutral": 0.0012599796}, "highlights": [{"offset": 36, "length": 6}]}]}