{"document": {"sentiment": "negative", "confidence": {"negative": 99.664566, "positive": 0.0059387423, "neutral": 0.32949463}}, "sentences": [{"content": "\ud68c\uc0ac \uba74\uc811 \ub54c \ub098\uc628 \uc9c8\ubb38\uc774 \ub0b4 \uac00\uce58\uad00\uc744 \ubb3b\ub294 \uc9c8\ubb38\uc774\uc5c8\ub294\ub370 \uc798 \ub300\ub2f5\ud55c \uac74\uc9c0 \ubaa8\ub974\uaca0\uc5b4.", "offset": 0, "length": 46, "sentiment": "negative", "confidence": {"negative": 0.9609003, "positive": 0.0003399064, "neutral": 0.03875985}, "highlights": [{"offset": 34, "length": 11}]}, {"content": " \ubd88\uc548\ud574.", "offset": 46, "length": 5, "sentiment": "negative", "confidence": {"negative": 0.99884784, "positive": 0.0003727427, "neutral": 0.0007795042}, "highlights": [{"offset": 1, "length": 3}]}]}