{"document": {"sentiment": "negative", "confidence": {"negative": 99.994225, "positive": 0.0020830797, "neutral": 0.003694251}}, "sentences": [{"content": "\uc544\uc8fc \ud070 \ud504\ub85c\uc81d\ud2b8\uac00 \uc788\ub294\ub370 \ud300\uc6d0\ub4e4\uc774 \uc18d\ub3c4\uac00 \ub354\ub38c\uc11c \ucd08\uc870\ud558\ub124.", "offset": 0, "length": 33, "sentiment": "negative", "confidence": {"negative": 0.99965334, "positive": 0.00012498478, "neutral": 0.00022165505}, "highlights": [{"offset": 15, "length": 17}]}]}