{"document": {"sentiment": "neutral", "confidence": {"negative": 0.16846533, "positive": 0.11554836, "neutral": 99.71599}}, "sentences": [{"content": "\ub0b4\uac00 \uc2eb\uc5b4\ud558\ub358 \uc120\ubc30 \uc695\uc744 \ud558\uace0 \uc788\uc5c8\ub294\ub370 \uc120\ubc30\uac00 \uadf8\uac78 \uc6b0\uc5f0\ud788 \ub4e3\uac8c \ub418\uc5c8\uc5b4.", "offset": 0, "length": 40, "sentiment": "neutral", "confidence": {"negative": 0.0016846532, "positive": 0.0011554835, "neutral": 0.99715984}, "highlights": [{"offset": 22, "length": 17}]}]}