{"document": {"sentiment": "negative", "confidence": {"negative": 99.96224, "positive": 0.0061618886, "neutral": 0.031596564}}, "sentences": [{"content": "\ub0b4\uac00 \ucde8\uc5c5 \uc900\ube44 \uc2a4\ud130\ub514\ub97c \uac19\uc774\ud558\ub294 \ud300\uc774 \uc788\ub294\ub370 \uc131\uac00\uc2e0 \uc560\uac00 \ud55c \uba85 \uc788\uc5b4.", "offset": 0, "length": 40, "sentiment": "negative", "confidence": {"negative": 0.99773455, "positive": 0.00036971332, "neutral": 0.0018957938}, "highlights": [{"offset": 26, "length": 13}]}]}