{"document": {"sentiment": "negative", "confidence": {"negative": 99.95754, "positive": 0.0070614875, "neutral": 0.03539275}}, "sentences": [{"content": "\uccb4\uc721\uc2dc\uac04\uc5d0 \ub098\uc640 \uc9dd\uc774 \ub418\ub294 \uce5c\uad6c\ub4e4\uc740 \ub0b4\uac00 \ubcf4\ub294 \uc55e\uc5d0\uc11c \uc2eb\uc5b4\ud558\ub294 \ud2f0\ub97c \ub0b4\uc11c \uc0c1\ucc98\ubc1b\uc558\uc5b4.", "offset": 0, "length": 47, "sentiment": "negative", "confidence": {"negative": 0.9974528, "positive": 0.00042368926, "neutral": 0.002123565}, "highlights": [{"offset": 0, "length": 46}]}]}