{"document": {"sentiment": "negative", "confidence": {"negative": 99.95421, "positive": 0.0037556943, "neutral": 0.042033892}}, "sentences": [{"content": "\uc694\uc998 \uc9d1\uc5d0\ub9cc \uc788\uc73c\ub2c8 \uc0ac\ub78c\ub4e4\uc744 \ub9cc\ub0a0 \uae30\ud68c\uac00 \uc5c6\ub294\ub370 \uc5f0\uc560\ub294 \uc5b4\ub5bb\uac8c \ud574?", "offset": 0, "length": 37, "sentiment": "negative", "confidence": {"negative": 0.9972525, "positive": 0.00022534165, "neutral": 0.0025220334}, "highlights": [{"offset": 0, "length": 11}]}]}