{"document": {"sentiment": "negative", "confidence": {"negative": 99.990944, "positive": 0.0034002883, "neutral": 0.0056559057}}, "sentences": [{"content": "\uc2dc\ud5d8\uacf5\ubd80\ub97c \uc5f4\uc2ec\ud788 \ud588\ub294\ub370 \uc2dc\ud5d8 \uc810\uc218\uac00 \ubabb \ub098\uc640\uc11c \uc5b5\uc6b8\ud574.", "offset": 0, "length": 31, "sentiment": "negative", "confidence": {"negative": 0.9994567, "positive": 0.0002040173, "neutral": 0.00033935436}, "highlights": [{"offset": 14, "length": 16}]}]}