{"document": {"sentiment": "negative", "confidence": {"negative": 99.986916, "positive": 0.004962442, "neutral": 0.008123829}}, "sentences": [{"content": "\uce5c\uad6c\uac00 \ub180\ub7ec \uac00\uc790\uace0 \ud588\ub294\ub370 \uacf5\ubd80 \ub54c\ubb38\uc5d0 \uc5b4\uca54 \uc218 \uc5c6\uc774 \uac70\uc808\ud558\uace0 \ub9d0\uc558\uc5b4.", "offset": 0, "length": 39, "sentiment": "negative", "confidence": {"negative": 0.99986935, "positive": 2.4421153e-05, "neutral": 0.00010617194}, "highlights": [{"offset": 25, "length": 13}]}, {"content": " \ub098\ub3c4 \ub180\uace0 \uc2f6\uc740\ub370 \uac70\uc808\ud574\uc57c\ub9cc \ud558\ub294 \ud604\uc2e4\uc774 \ub108\ubb34 \uc2eb\uc5b4.", "offset": 39, "length": 30, "sentiment": "negative", "confidence": {"negative": 0.99856025, "positive": 0.00057107187, "neutral": 0.0008686875}, "highlights": [{"offset": 11, "length": 18}]}]}