{"document": {"sentiment": "negative", "confidence": {"negative": 99.99948, "positive": 0.00027978033, "neutral": 0.00023671598}}, "sentences": [{"content": "\uc544\ubb34 \uc0dd\uac01 \uc5c6\uc774 \uc544\uc774 \ubc29\uc5d0 \ub4e4\uc5b4\uac14\ub294\ub370 \uc544\ub4e4\uc774 \ub178\ud06c\ub3c4 \uc5c6\uc774 \ub4e4\uc5b4\uc654\ub2e4\uba70 \ubd88\uac19\uc774 \ud654\ub97c \ub0b4\uc11c \ub2f9\ud669\uc2a4\ub7fd\ub124.", "offset": 0, "length": 54, "sentiment": "negative", "confidence": {"negative": 0.999969, "positive": 1.678682e-05, "neutral": 1.42029585e-05}, "highlights": [{"offset": 38, "length": 15}]}]}