{"document": {"sentiment": "negative", "confidence": {"negative": 99.986046, "positive": 0.00474658, "neutral": 0.009210915}}, "sentences": [{"content": "\ubc18\uc5d0\uc11c \ub5a0\ub4dc\ub294 \uba87 \uba85 \uc560\ub4e4 \ub54c\ubb38\uc5d0 \ub2e4 \uac19\uc774 \uc120\uc0dd\ub2d8\ud55c\ud14c \uc548 \uc88b\uc740 \uc18c\ub9ac\ub97c \ub4e4\uc5c8\uc5b4.", "offset": 0, "length": 43, "sentiment": "negative", "confidence": {"negative": 0.99916255, "positive": 0.0002847948, "neutral": 0.0005526549}, "highlights": [{"offset": 19, "length": 23}]}]}