{"document": {"sentiment": "negative", "confidence": {"negative": 99.99153, "positive": 0.003316172, "neutral": 0.0051536416}}, "sentences": [{"content": "\uc81c\uc77c \uce5c\ud55c \uce5c\uad6c\uc640 \uc0ac\uc774\uac00 \ub098\ube60\uc84c\uc5b4.", "offset": 0, "length": 19, "sentiment": "negative", "confidence": {"negative": 0.9990145, "positive": 0.00038183227, "neutral": 0.0006037061}, "highlights": [{"offset": 0, "length": 18}]}, {"content": " \ub3cc\uc544\uc624\ub294 \uc8fc\ub9d0\uc5d0 \uc57c\uad6c\uc7a5\uc744 \uc608\uc57d\ud588\ub294\ub370 \uc774\uc720 \uc5c6\uc774 \uc57d\uc18d\uc744 \ucde8\uc18c\ud574\uc11c \uc9dc\uc99d \ub098!", "offset": 19, "length": 41, "sentiment": "negative", "confidence": {"negative": 0.9999691, "positive": 1.6108359e-05, "neutral": 1.4730875e-05}, "highlights": [{"offset": 1, "length": 39}]}]}