{"document": {"sentiment": "negative", "confidence": {"negative": 99.981026, "positive": 0.012442036, "neutral": 0.0065344754}}, "sentences": [{"content": "\ub108\ubb34 \uac74\uac15\ub9cc \uc0dd\uac01\ud558\ub294 \uc0ac\ub78c\uc744 \ubcf4\uba74 \uc624\ud788\ub824 \ubcd1\ub0a0 \uac83 \uac19\uc544.", "offset": 0, "length": 31, "sentiment": "negative", "confidence": {"negative": 0.99886143, "positive": 0.00074652216, "neutral": 0.00039206853}, "highlights": [{"offset": 0, "length": 30}]}]}