{"document": {"sentiment": "positive", "confidence": {"negative": 0.00336687, "positive": 99.98095, "neutral": 0.015685333}}, "sentences": [{"content": "\ub2e4\ub9ac\uc5d0 \uae41\uc2a4\ud55c \uc544\ub4e4\uc744 \uc544\ub4e4\uc758 \uce5c\uad6c\ub4e4\uc774 \ub9ce\uc774 \ub3c4\uc640\uc900\ub2e4\uace0 \ud558\ub2c8 \uc548\uc2ec\uc774\uc57c.", "offset": 0, "length": 38, "sentiment": "positive", "confidence": {"negative": 0.0002020122, "positive": 0.9988569, "neutral": 0.00094112003}, "highlights": [{"offset": 8, "length": 29}]}]}