{"document": {"sentiment": "negative", "confidence": {"negative": 85.75033, "positive": 0.0096795205, "neutral": 14.239995}}, "sentences": [{"content": "\uc774\ubc88\uc5d0 \uc911\ub144\uc758 \uc2e0\uc785\uc774 \ub4e4\uc5b4\uc654\uc5b4.", "offset": 0, "length": 17, "sentiment": "neutral", "confidence": {"negative": 0.0028079236, "positive": 0.0005538584, "neutral": 0.9966382}, "highlights": [{"offset": 0, "length": 16}]}, {"content": " \uc911\ub144\uc758 \uc2e0\uc785\uc774\ub77c\uc11c \uc57d\uac04 \uc870\uc2ec\uc2a4\ub7fd\uace0 \ubd88\ud3b8\ud558\ub124.", "offset": 17, "length": 25, "sentiment": "negative", "confidence": {"negative": 0.9997148, "positive": 0.00012370803, "neutral": 0.00016149024}, "highlights": [{"offset": 14, "length": 10}]}]}