{"document": {"sentiment": "negative", "confidence": {"negative": 99.999054, "positive": 0.0002618281, "neutral": 0.00068480556}}, "sentences": [{"content": "\uce5c\uad6c\ub791 \ub0b4 \ub3d9\uc0dd\uc774\ub791 \uc0ac\uadc0\uace0 \uc788\ub294\ub370 \ub458\uc774 \ud06c\uac8c \uc2f8\uc6cc\uc11c \ucd08\uc870\ud574.", "offset": 0, "length": 33, "sentiment": "negative", "confidence": {"negative": 0.99994314, "positive": 1.5709686e-05, "neutral": 4.1088333e-05}, "highlights": [{"offset": 19, "length": 13}]}]}