{"document": {"sentiment": "neutral", "confidence": {"negative": 0.015678393, "positive": 0.6880127, "neutral": 99.29631}}, "sentences": [{"content": "\ub0a8\ud3b8\uc774 \ud68c\uc0ac\uc5d0\uc11c \ud2f0\ube0c\uc774\ub97c \ud0c0\uc654\ub294\ub370 \uc1a1\ub144\ud68c \uc77c\ub4f1 \uc0c1\ud488\uc774\ub77c\uace0 \ud558\ub124.", "offset": 0, "length": 35, "sentiment": "neutral", "confidence": {"negative": 0.00015678392, "positive": 0.0068801264, "neutral": 0.992963}, "highlights": [{"offset": 19, "length": 15}]}]}