{"document": {"sentiment": "negative", "confidence": {"negative": 99.96245, "positive": 0.0050002015, "neutral": 0.032550637}}, "sentences": [{"content": "\uc5b4\uc81c \ud53c\uac80\uc0ac \uacb0\uacfc \ubc1b\uc558\ub294\ub370 \ud608\ub2f9 \uc218\uce58\uac00 \ub192\uac8c \ub098\uc640\uc11c \ub2f9\ud669\uc2a4\ub7fd\ub354\ub77c\uace0.", "offset": 0, "length": 37, "sentiment": "negative", "confidence": {"negative": 0.997747, "positive": 0.0003000121, "neutral": 0.0019530382}, "highlights": [{"offset": 15, "length": 21}]}]}