{"document": {"sentiment": "negative", "confidence": {"negative": 99.98628, "positive": 0.0045054946, "neutral": 0.009208885}}, "sentences": [{"content": "\uc624\ub298 \ud559\uad50\uc5d0\uc11c \uacf5\ubd80\ub3c4 \ubabb\ud558\ub294 \uc8fc\uc81c\uc5d0 \uc544\ub294 \ucc99\ud558\uc9c0 \ub9d0\ub77c\ub294 \uc18c\ub9b4 \ub4e4\uc5c8\uc5b4.", "offset": 0, "length": 38, "sentiment": "negative", "confidence": {"negative": 0.99917704, "positive": 0.00027032968, "neutral": 0.0005525331}, "highlights": [{"offset": 3, "length": 34}]}]}