{"document": {"sentiment": "neutral", "confidence": {"negative": 0.035394974, "positive": 0.01994071, "neutral": 99.944664}}, "sentences": [{"content": "\uce5c\uad6c\uc640 \ub2e4\ub2d0 \ub54c \uce5c\uad6c\uac00 \ud070 \uc18c\ub9ac\ub85c \ub9d0\ud558\uba74 \ubaa8\ub974\ub294 \uc0ac\ub78c\uc778 \uac83\ucc98\ub7fc \ub5a8\uc5b4\uc838 \uac77\uac8c \ub418\ub354\ub77c\uace0.", "offset": 0, "length": 47, "sentiment": "neutral", "confidence": {"negative": 0.0003539497, "positive": 0.00019940709, "neutral": 0.9994466}, "highlights": [{"offset": 23, "length": 23}]}]}