{"document": {"sentiment": "negative", "confidence": {"negative": 99.98047, "positive": 0.0059346845, "neutral": 0.013597986}}, "sentences": [{"content": "\uc804 \ub0a8\uc790\uce5c\uad6c\uc5d0\uac8c \uc0c1\ucc98\ub97c \ub9ce\uc774 \ubc1b\uc544\uc11c \uc774\uc81c \uc5f0\uc560\ud558\ub294 \uac8c \ub450\ub824\uc6cc.", "offset": 0, "length": 34, "sentiment": "negative", "confidence": {"negative": 0.998828, "positive": 0.00035608106, "neutral": 0.00081587915}, "highlights": [{"offset": 0, "length": 20}]}]}