{"document": {"sentiment": "negative", "confidence": {"negative": 99.986244, "positive": 0.007502044, "neutral": 0.006251629}}, "sentences": [{"content": "\ud559\uad50\ud3ed\ub825\uc744 \ud574\uacb0\ud574 \uc904 \uac83\ub3c4 \uc544\ub2cc\ub370 \ub3c4\uc640\uc8fc\uaca0\ub2e4\uace0 \ub098\uc11c\ub294 \uc560\ub4e4 \ub54c\ubb38\uc5d0 \ub108\ubb34 \uc9dc\uc99d \ub098.", "offset": 0, "length": 45, "sentiment": "negative", "confidence": {"negative": 0.9991748, "positive": 0.00045012264, "neutral": 0.00037509773}, "highlights": [{"offset": 26, "length": 18}]}]}