{"document": {"sentiment": "negative", "confidence": {"negative": 99.949005, "positive": 0.015497455, "neutral": 0.03550012}}, "sentences": [{"content": "\uac19\uc740 \uc77c\uc744 \ubc30\uc6b0\ub294\ub370\ub3c4 \ub0b4 \ub3d9\uae30\ub294 \ud56d\uc0c1 \ub098\ubcf4\ub2e4 \ube68\ub77c\uc11c \uc6b0\uc6b8\ud574.", "offset": 0, "length": 33, "sentiment": "negative", "confidence": {"negative": 0.99694014, "positive": 0.0009298473, "neutral": 0.0021300071}, "highlights": [{"offset": 21, "length": 11}]}]}