{"document": {"sentiment": "neutral", "confidence": {"negative": 0.034256384, "positive": 0.039913952, "neutral": 99.92583}}, "sentences": [{"content": "\uc1fc\uc708\ub3c4\uc5d0 \ube44\uce5c \ub0b4 \uc5bc\uad74 \ubcf4\uace0 \ub180\ub77c\uace0 \ucd95 \ub298\uc5b4\uc9c4 \ub0b4 \ubc43\uc0b4 \ubcf4\uace0 \ub180\ub77c\uace0 \uc774\ub9ac\uc800\ub9ac \ub180\ub77c\uc6b4 \ud558\ub8e8\uc57c.", "offset": 0, "length": 51, "sentiment": "neutral", "confidence": {"negative": 0.0003425638, "positive": 0.00039913948, "neutral": 0.9992582}, "highlights": [{"offset": 26, "length": 12}]}]}