{"document": {"sentiment": "neutral", "confidence": {"negative": 0.36665007, "positive": 0.05872872, "neutral": 99.57462}}, "sentences": [{"content": "\uc758\uc0ac \uc120\uc0dd\ub2d8\uaed8 \uac74\uac15 \uc0c1\ud0dc\ub97c \ub4e4\uc5c8\ub294\ub370 \uc544\ub0b4\uc5d0\uac8c \ub9d0\uc744 \ud574\uc57c \ud560 \uac83 \uac19\uc544.", "offset": 0, "length": 38, "sentiment": "neutral", "confidence": {"negative": 0.0036665006, "positive": 0.0005872872, "neutral": 0.9957462}, "highlights": [{"offset": 0, "length": 20}]}]}