{"document": {"sentiment": "negative", "confidence": {"negative": 99.97763, "positive": 0.009484526, "neutral": 0.01288366}}, "sentences": [{"content": "\ub0b4\uac00 \uc784\uc2e0\uc774 \ub354 \uc774\uc0c1 \ubd88\uac00\ub2a5\ud558\ub2e4\ub294 \uc9c4\ub2e8\uc744 \ubc1b\uc544\uc11c \ub108\ubb34 \uc2ac\ud37c.", "offset": 0, "length": 33, "sentiment": "negative", "confidence": {"negative": 0.99865794, "positive": 0.00056907156, "neutral": 0.0007730196}, "highlights": [{"offset": 0, "length": 32}]}]}