{"document": {"sentiment": "negative", "confidence": {"negative": 99.98941, "positive": 0.0041600126, "neutral": 0.0064263577}}, "sentences": [{"content": "\ud0a4\uac00 \uc791\ub2e4\ub294 \uc774\uc720\ub9cc\uc73c\ub85c \uce5c\uad6c\ub4e4\uc5d0\uac8c \ub530\ub3cc\ub9bc\uc744 \ubc1b\uace0 \uc131\uaca9 \uc548 \uc88b\uc544\uc9c4 \uac83 \uac19\uc544.", "offset": 0, "length": 41, "sentiment": "negative", "confidence": {"negative": 0.9993648, "positive": 0.00024960077, "neutral": 0.00038558146}, "highlights": [{"offset": 27, "length": 13}]}]}