{"document": {"sentiment": "neutral", "confidence": {"negative": 0.058669392, "positive": 1.2108089, "neutral": 98.73052}}, "sentences": [{"content": "\uc88b\uc740 \ud68c\uc0ac\ub85c \uc774\uc9c1\ud588\ub294\ub370 \uc804\uc5d0 \uac19\uc774 \uace0\uc0dd\ud558\ub358 \ub3d9\ub8cc\ub4e4\uc5d0\uac8c \uc790\uc8fc \uc5f0\ub77d\uc774 \uc640.", "offset": 0, "length": 39, "sentiment": "neutral", "confidence": {"negative": 0.00058669393, "positive": 0.012108089, "neutral": 0.9873052}, "highlights": [{"offset": 0, "length": 13}]}]}