{"document": {"sentiment": "neutral", "confidence": {"negative": 0.01914034, "positive": 0.018385507, "neutral": 99.96247}}, "sentences": [{"content": "\uc544\ub0b4\uac00 \ud558\ub3c4 \uc794\uc18c\ub9ac\ub97c \ud574\uc11c \uc9d1\uc5d0 \uc624\uc790\ub9c8\uc790 \uc9c0\uae08 \ub204\uc6cc\uc788\uc5b4.", "offset": 0, "length": 31, "sentiment": "neutral", "confidence": {"negative": 0.0001914034, "positive": 0.00018385507, "neutral": 0.9996247}, "highlights": [{"offset": 0, "length": 15}]}]}