{"document": {"sentiment": "neutral", "confidence": {"negative": 0.022989053, "positive": 0.106871925, "neutral": 99.87014}}, "sentences": [{"content": "\uacb0\ud63c\ud55c \uc9c0 \uc5bc\ub9c8 \uc548 \ub410\ub294\ub370 \uce5c\uad6c\uac00 \ub0a8\ud3b8\uc774 \ubc14\ub78c\uc744 \ud540\ub2e4\ub294 \uc18c\ubb38\uc774 \uc788\ub2e4\ub294 \uac78 \uc54c\ub824\uc92c\uc5b4.", "offset": 0, "length": 46, "sentiment": "neutral", "confidence": {"negative": 0.00022989052, "positive": 0.0010687192, "neutral": 0.99870133}, "highlights": [{"offset": 15, "length": 30}]}]}