{"document": {"sentiment": "negative", "confidence": {"negative": 99.96826, "positive": 0.0060817003, "neutral": 0.025652798}}, "sentences": [{"content": "\ub0b4\uac00 \ub3d9\uc131\uc560\uc790\ub77c\ub294 \uac83 \ub54c\ubb38\uc5d0 \uba74\uc811\uc5d0 \ub5a8\uc5b4\uc9c8\uae4c \ub450\ub824\uc6cc.", "offset": 0, "length": 29, "sentiment": "negative", "confidence": {"negative": 0.9980959, "positive": 0.00036490202, "neutral": 0.0015391678}, "highlights": [{"offset": 16, "length": 12}]}]}