{"document": {"sentiment": "negative", "confidence": {"negative": 99.98154, "positive": 0.007303576, "neutral": 0.011162674}}, "sentences": [{"content": "\uc131\uc801\uc774 \uc790\uafb8 \ub5a8\uc5b4\uc84c\ub354\ub2c8 \uc120\uc0dd\ub2d8\uc774 \ub0b4 \uc9c8\ubb38\ub3c4 \uc798 \uc548 \ubc1b\uc544 \uc8fc\uc154\uc11c \uc18d\uc0c1\ud574.", "offset": 0, "length": 39, "sentiment": "negative", "confidence": {"negative": 0.998892, "positive": 0.00043821457, "neutral": 0.00066976045}, "highlights": [{"offset": 7, "length": 31}]}]}