{"document": {"sentiment": "negative", "confidence": {"negative": 99.18737, "positive": 0.038045008, "neutral": 0.7745828}}, "sentences": [{"content": "\uc740\ud1f4\ud558\uba74 \ud1f4\uc9c1\uae08 \ub098\uc624\ub294\ub370 \uadf8 \uc911 \uc77c\ubd80\ub294 \uc138\uacc4\uc5ec\ud589 \uac00\ub294\ub370 \uc368\uc57c\uaca0\uc5b4.", "offset": 0, "length": 36, "sentiment": "negative", "confidence": {"negative": 0.9512424, "positive": 0.0022827005, "neutral": 0.046474967}, "highlights": [{"offset": 0, "length": 14}]}]}