{"document": {"sentiment": "negative", "confidence": {"negative": 99.966354, "positive": 0.0045892503, "neutral": 0.029052846}}, "sentences": [{"content": "\ud3c9\uc18c\uc5d0 \ub098\ub97c \uad34\ub86d\ud788\ub294 \uc560\ub4e4\uc774 \ubb3c\uac74\uc744 \ud6d4\ucce4\ub294\ub370 \uadf8 \uc560\ub4e4\uc774 \ub0b4\uac00 \uadf8\ub7f0 \uac70\ub77c\uace0 \uc18c\ubb38\uc744 \ub0b4\uace0 \ub2e4\ub140.", "offset": 0, "length": 51, "sentiment": "negative", "confidence": {"negative": 0.9979814, "positive": 0.000275355, "neutral": 0.0017431708}, "highlights": [{"offset": 41, "length": 9}]}]}