{"document": {"sentiment": "negative", "confidence": {"negative": 99.98975, "positive": 0.004825324, "neutral": 0.0054214504}}, "sentences": [{"content": "\uc6b0\ub9ac \uc790\ub140\ub4e4\uc740 \ub0b4\uac00 \uc740\ud1f4\ud558\uba74 \uc7ac\uc815 \uc9c0\uc6d0\uc744 \uc548 \ud574\uc904 \uac70 \uac19\uc544\uc11c \uc9dc\uc99d\ub098.", "offset": 0, "length": 38, "sentiment": "negative", "confidence": {"negative": 0.99938524, "positive": 0.00028951943, "neutral": 0.00032528702}, "highlights": [{"offset": 0, "length": 37}]}]}