{"document": {"sentiment": "negative", "confidence": {"negative": 99.98321, "positive": 0.0059681693, "neutral": 0.010824218}}, "sentences": [{"content": "\uc774\ubc88 \ud504\ub85c\uc81d\ud2b8\uc5d0\uc11c \ub0b4\uac00 \ubc1c\ud45c \uc2e4\uc218\ub97c \ud574\uc11c \uc6b0\ub9ac \ud300\uc774 \uac10\uc810\uc744 \ubc1b\uc544\uc11c \ub108\ubb34 \ubbf8\uc548\ud574.", "offset": 0, "length": 44, "sentiment": "negative", "confidence": {"negative": 0.9989924, "positive": 0.00035809015, "neutral": 0.0006494531}, "highlights": [{"offset": 23, "length": 14}]}]}