{"document": {"sentiment": "positive", "confidence": {"negative": 1.2810558, "positive": 98.35393, "neutral": 0.3650166}}, "sentences": [{"content": "\uacb0\ud63c \uc804\uc5d0\ub294 \ub0a8\ud3b8\uc758 \uc644\ubcbd\uc8fc\uc758\uac00 \uc9c0\uc801\uc774\uace0 \uc2a4\ub9c8\ud2b8\ud574 \ubcf4\uc5ec\uc11c \uba4b\uc788\uace0 \uc88b\uc558\ub294\ub370 \uadf8\ub7f0 \uc810\uc774 \uc62c\uac00\ubbf8\uac00 \ub420 \uc904 \ubab0\ub790\uc5b4.", "offset": 0, "length": 59, "sentiment": "positive", "confidence": {"negative": 0.07686335, "positive": 0.9012357, "neutral": 0.021900997}, "highlights": [{"offset": 40, "length": 18}]}]}