{"document": {"sentiment": "negative", "confidence": {"negative": 99.99199, "positive": 0.0027157236, "neutral": 0.005292221}}, "sentences": [{"content": "\ud154\ub808\ube44\uc804 \uc544\uce68\ud504\ub85c\uadf8\ub7a8\uc5d0 \ub098\uc624\ub294 \uc804\ubb38\uac00\ub4e4\uc758 \uc774\uc57c\uae30\ub97c \ub4e3\ub2e4\uac00 \ubcf4\ub2c8 \ub098\ub294 \uc644\uc804 \ud55c\uc2ec\ud558\ub354\ub77c\uace0.", "offset": 0, "length": 48, "sentiment": "negative", "confidence": {"negative": 0.99927765, "positive": 0.00023362212, "neutral": 0.0004887191}, "highlights": [{"offset": 35, "length": 12}]}, {"content": " \uadf8\ub798\uc11c \uc624\ub298 \uae30\ubd84\uc774 \uc548 \uc88b\uc544.", "offset": 48, "length": 17, "sentiment": "negative", "confidence": {"negative": 0.9997614, "positive": 9.22647e-05, "neutral": 0.00014634743}, "highlights": [{"offset": 8, "length": 8}]}]}