{"document": {"sentiment": "positive", "confidence": {"negative": 0.027871057, "positive": 99.96188, "neutral": 0.010242873}}, "sentences": [{"content": "\ub0b4\uac00 \uc9c0\ucf1c\uc8fc\uace0 \ub3c4\uc640\uc900 \uce5c\uad6c\uac00 \ud559\uad50\ud3ed\ub825\uc744 \uc774\uaca8\ub0c8\ub2e4\uace0 \uc5f0\ub77d\uc774 \uc640\uc11c \uae30\ubd84\uc774 \uc815\ub9d0 \uc88b\uc544.", "offset": 0, "length": 45, "sentiment": "positive", "confidence": {"negative": 0.0016722635, "positive": 0.9977132, "neutral": 0.0006145724}, "highlights": [{"offset": 12, "length": 16}]}]}