{"document": {"sentiment": "negative", "confidence": {"negative": 99.999435, "positive": 0.000262317, "neutral": 0.00030245582}}, "sentences": [{"content": "\uc26c\ub294 \uc2dc\uac04\uc5d0 \ub9e4\uc810\uc5d0 \uac14\ub2e4\uac00 \ub3cc\uc544\uc624\ub2c8 \ub098\uc05c \uc560\ub4e4\uc774 \ub0b4 \uc0ac\ubb3c\ud568\uc744 \ub4a4\uc9c0\uace0 \uc788\uc5b4\uc11c \ud654\uac00 \ub0ac\uc5b4.", "offset": 0, "length": 48, "sentiment": "negative", "confidence": {"negative": 0.99996614, "positive": 1.5739019e-05, "neutral": 1.814735e-05}, "highlights": [{"offset": 15, "length": 32}]}]}