{"document": {"sentiment": "negative", "confidence": {"negative": 85.7754, "positive": 0.011428221, "neutral": 14.213175}}, "sentences": [{"content": "\uc774\ubc88\uc5d0 \uc911\ud559\uc0dd\uc5d0\uc11c \uace0\ub4f1\ud559\uc0dd\uc774 \ub410\ub294\ub370 \uc544\ub294 \uce5c\uad6c\uac00 \ud55c \uba85\ub3c4 \uc5c6\uc5b4.", "offset": 0, "length": 35, "sentiment": "neutral", "confidence": {"negative": 0.004859573, "positive": 0.0005919443, "neutral": 0.9945484}, "highlights": [{"offset": 20, "length": 14}]}, {"content": " \ub2e4\ub4e4 \ub098\ub9cc \ubcf4\uba74 \ube44\uc6c3\ub294 \uac83 \uac19\uc544\uc11c \ubb34\uc11c\uc6cc.", "offset": 35, "length": 24, "sentiment": "negative", "confidence": {"negative": 0.99941814, "positive": 0.00020803117, "neutral": 0.00037385558}, "highlights": [{"offset": 1, "length": 22}]}]}