{"document": {"sentiment": "negative", "confidence": {"negative": 99.99928, "positive": 0.00038704037, "neutral": 0.00033106928}}, "sentences": [{"content": "\ub0b4 \uc2e4\uc218 \ub54c\ubb38\uc5d0 \uce5c\uad6c\uac00 \ub098\ud55c\ud14c \ud654\uac00 \ub9ce\uc774 \ub0ac\ub358 \uac83 \uac19\uc544\uc11c \uc18d\uc0c1\ud558\uace0 \ubb34\uc11c\uc6cc.", "offset": 0, "length": 41, "sentiment": "negative", "confidence": {"negative": 0.99995685, "positive": 2.3222423e-05, "neutral": 1.9864157e-05}, "highlights": [{"offset": 9, "length": 23}]}]}