{"document": {"sentiment": "negative", "confidence": {"negative": 74.903046, "positive": 0.008483653, "neutral": 25.088469}}, "sentences": [{"content": "\uc774\ubc88 \uc0dd\uc77c\uc5d0\ub294 \uc544\ube60\uac00 \uacfc\uc5f0 \uc57d\uc18d\uc744 \uc9c0\ud0ac\uae4c?", "offset": 0, "length": 23, "sentiment": "neutral", "confidence": {"negative": 0.00034314275, "positive": 0.00013121661, "neutral": 0.99952567}, "highlights": [{"offset": 0, "length": 22}]}, {"content": " \uc544\uc6c3\ubc31\uc5d0 \uc678\uc2dd \ud558\ub7ec \uac00\uae30\ub85c \ud588\uac70\ub4e0.", "offset": 23, "length": 20, "sentiment": "neutral", "confidence": {"negative": 6.1865394e-05, "positive": 0.00022963808, "neutral": 0.9997085}, "highlights": [{"offset": 1, "length": 18}]}, {"content": " \uadf8\ub3d9\uc548 \uc544\ube60\uac00 \ud55c\ubc88\ub3c4 \uc57d\uc18d\uc744 \uc9c0\ud0a8\uc801\uc774 \uc5c6\uc5b4\uc11c \uc0ac\uc2e4 \ud070 \uae30\ub300\ub294 \uc548\ud558\uc9c0\ub9cc \ub9d0\uc774\uc57c.", "offset": 43, "length": 44, "sentiment": "negative", "confidence": {"negative": 0.99183875, "positive": 0.00031783755, "neutral": 0.007843418}, "highlights": [{"offset": 1, "length": 25}]}]}