{"document": {"sentiment": "negative", "confidence": {"negative": 99.964676, "positive": 0.012721139, "neutral": 0.022601707}}, "sentences": [{"content": "\uc774\uc81c \uc5bc\ub9c8 \uc548 \uc788\uc73c\uba74 \uc911\ud559\uad50\ub97c \uc878\uc5c5\ud558\uace0 \uace0\ub4f1\ud559\uad50\uc5d0 \uac00. \uce5c\uad6c\ub4e4\uc740 \ubaa8\ub450 \uc9c4\ub85c\ub97c \uc815\ud588\ub294\ub370 \ub098\ub9cc \uc544\uc9c1 \uafc8\uc774 \uc5c6\uc5b4\uc11c \uac71\uc815\uc774\uc57c.", "offset": 0, "length": 66, "sentiment": "negative", "confidence": {"negative": 0.9978807, "positive": 0.0007632683, "neutral": 0.0013561024}, "highlights": [{"offset": 54, "length": 11}]}]}