{"document": {"sentiment": "negative", "confidence": {"negative": 99.97157, "positive": 0.013694983, "neutral": 0.014731114}}, "sentences": [{"content": "\uadf8\ub140\uc640 \uacb0\ud63c\ud558\uace0 \uc2f6\uc740\ub370 \ub458 \ub2e4 \ucc98\uc9c0\uac00 \uac00\ub09c\ud574\uc11c \ud798\ub4e4 \uac83 \uac19\uc544.", "offset": 0, "length": 34, "sentiment": "negative", "confidence": {"negative": 0.9982944, "positive": 0.000821699, "neutral": 0.0008838668}, "highlights": [{"offset": 15, "length": 18}]}]}