{"document": {"sentiment": "negative", "confidence": {"negative": 99.987045, "positive": 0.0069848937, "neutral": 0.005972471}}, "sentences": [{"content": "\uc735\ud1b5\uc131\uc774 \uc5c6\ub294 \uc120\uc0dd\ub2d8\ub4e4 \uc218\uc5c5\uc744 \uacc4\uc18d \ub4e4\uc5b4\uc57c \ud558\ub294 \uac83\uc740 \ub108\ubb34 \ud610\uc624\uc2a4\ub7ec\uc6cc.", "offset": 0, "length": 39, "sentiment": "negative", "confidence": {"negative": 0.99922264, "positive": 0.00041909362, "neutral": 0.00035834828}, "highlights": [{"offset": 0, "length": 38}]}]}