{"document": {"sentiment": "negative", "confidence": {"negative": 99.780205, "positive": 0.018355023, "neutral": 0.20144339}}, "sentences": [{"content": "\ub0b4\uac00 \uc5bc\uad74 \ube44\ucd9c \uc77c\uc774 \ubcc4\ub85c \uc5c6\ub2e4\uace0 \ud574\ub3c4 \uc774 \ud68c\uc0ac\uc5d0\uc11c \uc77c\ud55c\uc9c0\uac00 \uba87 \ub144\uc778\ub370 \uc544\ubb34\ub3c4 \ubabb \uc54c\uc544\ubd24\uc5b4!", "offset": 0, "length": 51, "sentiment": "negative", "confidence": {"negative": 0.98681206, "positive": 0.0011013014, "neutral": 0.012086603}, "highlights": [{"offset": 0, "length": 19}]}]}