{"document": {"sentiment": "negative", "confidence": {"negative": 99.98685, "positive": 0.0034439515, "neutral": 0.009707047}}, "sentences": [{"content": "\uc694\uc998 \uc6b0\ub9ac \uc544\ub4e4 \uac71\uc815\uc774 \uc788\ub294 \uac83 \uac19\uc544 \ubcf4\uc5ec.", "offset": 0, "length": 24, "sentiment": "negative", "confidence": {"negative": 0.99921083, "positive": 0.00020663708, "neutral": 0.00058242277}, "highlights": [{"offset": 0, "length": 23}]}]}