{"document": {"sentiment": "negative", "confidence": {"negative": 99.99372, "positive": 0.0018318478, "neutral": 0.0044448725}}, "sentences": [{"content": "\uc624\ub298 \uc800\ub141\uc5d0 \uac00\uc871\ub07c\ub9ac \uc678\uc2dd\uc744 \ud558\ub824\uace0 \ud588\ub294\ub370 \uc544\ub4e4\uc774 \uac11\uc790\uae30 \uc548 \uac00\uaca0\ub2e4\uace0 \ud574\uc11c \ud654\uac00 \ub098.", "offset": 0, "length": 47, "sentiment": "negative", "confidence": {"negative": 0.9996234, "positive": 0.00010991087, "neutral": 0.00026669234}, "highlights": [{"offset": 24, "length": 22}]}]}