{"document": {"sentiment": "negative", "confidence": {"negative": 99.98312, "positive": 0.0050670304, "neutral": 0.011811646}}, "sentences": [{"content": "\ucde8\uc5c5\ud558\ub824 \ud558\ub294\ub370 \ucf54\ub85c\ub098 \uc2ed\uad6c \ub54c\ubb38\uc5d0 \ud68c\uc0ac\ub4e4\uc774 \uac11\uc790\uae30 \uc0ac\ub78c\uc744 \ubf51\uc9c0 \uc54a\uc544\uc11c \ud070\uc77c\uc774\uc57c.", "offset": 0, "length": 45, "sentiment": "negative", "confidence": {"negative": 0.99898726, "positive": 0.0003040218, "neutral": 0.00070869876}, "highlights": [{"offset": 29, "length": 15}]}]}