{"document": {"sentiment": "negative", "confidence": {"negative": 99.96069, "positive": 0.006670388, "neutral": 0.032633685}}, "sentences": [{"content": "\ubd80\ubaa8\ub2d8\uaed8 \ubc1b\uc740 \ud559\uc6d0 \ube44\ub97c \uc637 \uc0ac\ub294\ub370 \uc4f0\uace0 \ud559\uc6d0 \ub4f1\ub85d\uc744 \ud558\uc9c0 \uc54a\uc558\ub294\ub370 \uac78\ub9b4\uae4c\ubd10 \ubd88\uc548\ud574", "offset": 0, "length": 46, "sentiment": "negative", "confidence": {"negative": 0.9976418, "positive": 0.00040022327, "neutral": 0.0019580212}, "highlights": [{"offset": 38, "length": 8}]}]}