{"document": {"sentiment": "positive", "confidence": {"negative": 0.0005066285, "positive": 99.99779, "neutral": 0.0017059474}}, "sentences": [{"content": "\uc560\uc778\uacfc\uc758 \uc57d\uc18d\uc5d0\uc11c \ud55c \uc2dc\uac04\uc774\ub098 \ub2a6\uc5b4\uc11c \uae34\uc7a5\ud558\uace0 \uc654\ub294\ub370 \ud654\ub0b4\uc9c0 \uc54a\uc544\uc11c \uc815\ub9d0 \ub2e4\ud589\uc774\uc5c8\uc5b4.", "offset": 0, "length": 47, "sentiment": "positive", "confidence": {"negative": 3.0397709e-05, "positive": 0.9998672, "neutral": 0.00010235685}, "highlights": [{"offset": 30, "length": 16}]}]}