{"document": {"sentiment": "negative", "confidence": {"negative": 99.98376, "positive": 0.004531755, "neutral": 0.011709903}}, "sentences": [{"content": "\uc624\ub298 \uc544\ub0b4\uac00 \uc2dd\ub2f9\uc5d0\uc11c \uc678\uad6d\uc778\uc774\ub77c \ucc28\ubcc4\uc744 \ub2f9\ud588\ub300.", "offset": 0, "length": 26, "sentiment": "negative", "confidence": {"negative": 0.99902546, "positive": 0.0002719053, "neutral": 0.0007025942}, "highlights": [{"offset": 18, "length": 7}]}]}