{"document": {"sentiment": "negative", "confidence": {"negative": 99.987625, "positive": 0.004906057, "neutral": 0.007472234}}, "sentences": [{"content": "\uace7 \ub300\ud559 \uc2e4\uae30 \ub0a0\uc778\ub370 \ucee8\ub514\uc158\uc774 \uc88b\uc9c0 \uc54a\uc544\uc11c \uc5b4\ub5bb\uac8c \ub420\uc9c0 \ubaa8\ub974\uaca0\uc5b4.", "offset": 0, "length": 36, "sentiment": "negative", "confidence": {"negative": 0.99925727, "positive": 0.00029436342, "neutral": 0.00044833403}, "highlights": [{"offset": 12, "length": 12}]}]}