{"document": {"sentiment": "negative", "confidence": {"negative": 99.924576, "positive": 0.007968277, "neutral": 0.06745748}}, "sentences": [{"content": "\ub09c \ub0a8\uc790\uce5c\uad6c\uac00 \uc788\ub294\ub370 \uc120\ubc30\uac00 \uc0ac\uadc0\uc790\ub294 \ub9d0\uc5d0 \ud754\ub4e4\ub838\uc5b4.", "offset": 0, "length": 29, "sentiment": "negative", "confidence": {"negative": 0.9954744, "positive": 0.0004780966, "neutral": 0.0040474487}, "highlights": [{"offset": 12, "length": 16}]}]}