{"document": {"sentiment": "negative", "confidence": {"negative": 99.91939, "positive": 0.0070641157, "neutral": 0.07354757}}, "sentences": [{"content": "\uc774\ubc88 \uc2dc\ud5d8\uc5d0 \uc120\uc0dd\ub2d8\uc774 \ub9d0\uc500\ud558\uc2e0 \ubd80\ubd84\uc5d0\uc11c \ubb38\uc81c\uac00 \ub098\uc654\ub294\ub370 \uadf8 \ubd80\ubd84\uc744 \ud558\ub098\ub3c4 \uc548 \ub4e4\uc5c8\uc9c0 \ubb50\uc57c.", "offset": 0, "length": 50, "sentiment": "negative", "confidence": {"negative": 0.9951632, "positive": 0.00042384694, "neutral": 0.004412854}, "highlights": [{"offset": 31, "length": 18}]}]}