{"document": {"sentiment": "negative", "confidence": {"negative": 99.983345, "positive": 0.00558775, "neutral": 0.01106756}}, "sentences": [{"content": "\uc790\uc2e0\uac10\uc774 \uc5c6\uc5b4\uc11c \ubc1c\ud45c\ud560 \ub54c \uc791\uc740 \ubaa9\uc18c\ub9ac\ub85c \ud588\ub354\ub2c8 \uce5c\uad6c\uac00 \uc548 \ub4e4\ub9b0\ub2e4\uace0 \uc9dc\uc99d\ub0b4\uc11c \ub099\ub2f4\uc774 \ub3fc.", "offset": 0, "length": 49, "sentiment": "negative", "confidence": {"negative": 0.9990007, "positive": 0.000335265, "neutral": 0.0006640536}, "highlights": [{"offset": 38, "length": 10}]}]}