{"document": {"sentiment": "negative", "confidence": {"negative": 99.98436, "positive": 0.00712676, "neutral": 0.008512111}}, "sentences": [{"content": "\ubaa8\uc758\uace0\uc0ac \uc131\uc801\uc774 \ub098\uc654\ub294\ub370 \uacf5\ubd80 \ubbf8\ub9ac \uc548 \ud574\ub193\uc740 \uac78 \ud6c4\ud68c \uc911\uc774\uc57c.", "offset": 0, "length": 35, "sentiment": "negative", "confidence": {"negative": 0.99906176, "positive": 0.0004276056, "neutral": 0.0005107267}, "highlights": [{"offset": 14, "length": 20}]}]}