{"document": {"sentiment": "negative", "confidence": {"negative": 99.99832, "positive": 0.0005770397, "neutral": 0.0011035827}}, "sentences": [{"content": "\ub098\ub294 \uc545\uc758 \uc5c6\uc774 \uadf8\ub0e5 \ub9d0\ud588\ub294\ub370 \uadf8 \uce5c\uad6c\uac00 \ub098\ub97c \ubc1c\ub85c \ucc28\uc11c \ub108\ubb34 \ub2f9\ud669\uc2a4\ub7ec\uc6e0\uc5b4.", "offset": 0, "length": 42, "sentiment": "negative", "confidence": {"negative": 0.99989915, "positive": 3.4622382e-05, "neutral": 6.621496e-05}, "highlights": [{"offset": 17, "length": 24}]}]}