{"document": {"sentiment": "neutral", "confidence": {"negative": 0.040714353, "positive": 0.06659255, "neutral": 99.89269}}, "sentences": [{"content": "\ub538\uc774 \uc544\uce68\uc5d0 \ube44\uba85\uc744 \uc9c8\ub7ec \ub180\ub77c\uc11c \ub098\uac00\ubcf4\ub2c8 \uadf8\ub0e5 \ub098\ube44\uac00 \ub538 \ud314\uc704\uc5d0 \uc549\uc740 \uac83\uc774\ub77c \uc548\uc2ec\ud588\uc5b4.", "offset": 0, "length": 48, "sentiment": "neutral", "confidence": {"negative": 0.00040714353, "positive": 0.0006659255, "neutral": 0.99892694}, "highlights": [{"offset": 26, "length": 21}]}]}