{"document": {"sentiment": "neutral", "confidence": {"negative": 18.491188, "positive": 0.45898646, "neutral": 81.04983}}, "sentences": [{"content": "\uc740\ud1f4 \ud6c4\uc5d0 \ub0b4\uac00 \ubaa8\uc544\ub454 \ub3c8\uc73c\ub85c \ub178\ud6c4 \uc900\ube44\ub97c \ucda9\ubd84\ud788 \ud560 \uc218 \uc788\uc744\uc9c0 \ubaa8\ub974\uaca0\uc5b4.", "offset": 0, "length": 41, "sentiment": "neutral", "confidence": {"negative": 0.18491188, "positive": 0.0045898645, "neutral": 0.81049824}, "highlights": [{"offset": 13, "length": 27}]}]}