{"document": {"sentiment": "negative", "confidence": {"negative": 99.99818, "positive": 0.00076993206, "neutral": 0.0010505014}}, "sentences": [{"content": "\ud6c4\uc784\ud55c\ud14c \uc5c5\ubb34\ub97c \ube68\ub9ac \ucc98\ub9ac\ud574 \ub2ec\ub77c\uace0 \ud588\ub294\ub370 \uc81c\ub300\ub85c \uc548 \ud558\ub294 \uac70 \uac19\uc544\uc11c \ud654\uac00 \ub098.", "offset": 0, "length": 44, "sentiment": "negative", "confidence": {"negative": 0.9998907, "positive": 4.6195924e-05, "neutral": 6.303008e-05}, "highlights": [{"offset": 24, "length": 19}]}]}