{"document": {"sentiment": "positive", "confidence": {"negative": 0.007120867, "positive": 99.96494, "neutral": 0.02793332}}, "sentences": [{"content": "\ub9c8\uc74c\uc744 \ud138\uc5b4\ub193\uc744 \uc218 \uc788\ub294 \uce5c\uad6c\uac00 \uc788\uc5b4\uc11c \ub2e4\ud589\uc774\uc57c.", "offset": 0, "length": 27, "sentiment": "positive", "confidence": {"negative": 0.000427252, "positive": 0.9978967, "neutral": 0.0016759991}, "highlights": [{"offset": 0, "length": 26}]}]}