{"document": {"sentiment": "negative", "confidence": {"negative": 99.98389, "positive": 0.0065396028, "neutral": 0.009573917}}, "sentences": [{"content": "\uc0c8\ub86d\uac8c \ubd88\uc785\ud558\ub294 \uc800\ucd95 \uc5f0\uae08\uc774 \ub098\uc911\uc5d0 \uc6b0\ub9ac \uac00\uc871\uc5d0\uac8c \ub3c4\uc6c0\uc774 \ub420\uc9c0 \ubaa8\ub974\uaca0\uc5b4. \uc880 \ud63c\ub780\uc2a4\ub7fd\ub124.", "offset": 0, "length": 49, "sentiment": "negative", "confidence": {"negative": 0.9990332, "positive": 0.00039237615, "neutral": 0.000574435}, "highlights": [{"offset": 41, "length": 7}]}]}