{"document": {"sentiment": "negative", "confidence": {"negative": 99.96359, "positive": 0.004349486, "neutral": 0.032058194}}, "sentences": [{"content": "\ub0b4\uac00 \uc88b\uc544\ud558\ub294 \uadf8\ub140\uc5d0\uac8c \uace0\ubc31\ud588\ub294\ub370 \uc2e4\ud328\ub97c \ud588\uc5b4.", "offset": 0, "length": 26, "sentiment": "negative", "confidence": {"negative": 0.9978155, "positive": 0.00026096916, "neutral": 0.0019234917}, "highlights": [{"offset": 19, "length": 6}]}]}