{"document": {"sentiment": "negative", "confidence": {"negative": 99.99939, "positive": 0.00032808143, "neutral": 0.00028369963}}, "sentences": [{"content": "\uc624\ub298 \uac00\uc871\uc5ec\ud589\uc774\uc5c8\ub294\ub370 \uc548 \uc88b\uc740 \uc77c\uc774 \uc788\uc5c8\uc5b4.", "offset": 0, "length": 24, "sentiment": "negative", "confidence": {"negative": 0.9999633, "positive": 1.9684885e-05, "neutral": 1.7021977e-05}, "highlights": [{"offset": 12, "length": 11}]}]}