{"document": {"sentiment": "negative", "confidence": {"negative": 99.982124, "positive": 0.005480795, "neutral": 0.012394112}}, "sentences": [{"content": "\uc6b0\ub9ac \ud68c\uc0ac\uac00 \ub2e4\ub978 \ud68c\uc0ac\uc5d0 \ud569\ubcd1\ub418\uba74\uc11c \ub0b4\uac00 \uc788\uc744 \uc790\ub9ac\uac00 \uc5c6\uc5b4\uc838\uc11c \ubc84\ub824\uc9c4 \ub290\ub08c\uc774\uc57c.", "offset": 0, "length": 44, "sentiment": "negative", "confidence": {"negative": 0.9989274, "positive": 0.0003288477, "neutral": 0.0007436467}, "highlights": [{"offset": 10, "length": 33}]}]}