{"document": {"sentiment": "negative", "confidence": {"negative": 99.98007, "positive": 0.010016141, "neutral": 0.009913831}}, "sentences": [{"content": "\uc740\ud1f4\ub97c \uc55e\ub450\uace0 \uc788\uc9c0\ub9cc \ubaa8\uc544 \ub193\uc740 \ub3c8\uc774 \ub109\ub109\uc9c0 \uc54a\uc544 \ubd88\uc548\ud574.", "offset": 0, "length": 32, "sentiment": "negative", "confidence": {"negative": 0.9988042, "positive": 0.0006009685, "neutral": 0.00059482985}, "highlights": [{"offset": 15, "length": 16}]}]}