{"document": {"sentiment": "neutral", "confidence": {"negative": 0.57664174, "positive": 0.43165222, "neutral": 98.99171}}, "sentences": [{"content": "\ub098 \uc774\ubc88\uc5d0 \uba74\uc811\uc5d0\uc11c \ub610 \ub5a8\uc5b4\uc84c\ub294\ub370 \uce5c\uad6c\ub294 \ud569\uaca9\ud588\ub300.", "offset": 0, "length": 28, "sentiment": "neutral", "confidence": {"negative": 0.0057664174, "positive": 0.0043165223, "neutral": 0.9899171}, "highlights": [{"offset": 19, "length": 8}]}]}