{"document": {"sentiment": "negative", "confidence": {"negative": 99.986015, "positive": 0.0050811036, "neutral": 0.008903541}}, "sentences": [{"content": "\uac00\ub054\uc529 \uc790\uc2dd\ub4e4\uc774 \ub0b4\uac8c \ud540\uc794\uc744 \uc8fc\ub294\ub370 \uc5b8\uc820\uac00 \ubc09\ubcf4\uc774\uc9c4 \uc54a\uc744\uae4c \ud558\ub294 \ubb34\uc11c\uc6b4 \uc0dd\uac01\uc774 \ub4e4\uc5b4.", "offset": 0, "length": 47, "sentiment": "negative", "confidence": {"negative": 0.9991609, "positive": 0.0003048662, "neutral": 0.00053421245}, "highlights": [{"offset": 4, "length": 16}]}]}