{"document": {"sentiment": "positive", "confidence": {"negative": 0.015289511, "positive": 99.893616, "neutral": 0.091093235}}, "sentences": [{"content": "\ud615\uc774\ub791 \ub180\ub2e4\uac00 \uae38\uc5d0\uc11c \ub3c8\uc744 \uc8fc\uc6e0\uc5b4. \ub0b4\uac00 \uc6b4\uc774 \uc815\ub9d0 \uc88b\uc740 \uac00\ubd10.", "offset": 0, "length": 35, "sentiment": "positive", "confidence": {"negative": 0.00091737066, "positive": 0.99361706, "neutral": 0.005465594}, "highlights": [{"offset": 20, "length": 14}]}]}