{"document": {"sentiment": "positive", "confidence": {"negative": 49.87081, "positive": 49.967697, "neutral": 0.16148849}}, "sentences": [{"content": "\uad34\ub86d\ud798\uc744 \ub2f9\ud558\ub294 \uc560\uac00 \ub098\ud55c\ud14c \uc790\uae30 \ub300\uc2e0 \uac00\ud574\uc790\ub4e4 \uc55e\uc5d0 \ub098\uc11c \ub2ec\ub77c\uace0 \ud588\uc5b4.", "offset": 0, "length": 40, "sentiment": "negative", "confidence": {"negative": 0.9838563, "positive": 0.00029171776, "neutral": 0.015851954}, "highlights": [{"offset": 0, "length": 33}]}, {"content": " \uc774\uc81c \ub098\uc758 \uc9c4\uac00\ub97c \uc54c\uc544\uc900 \uac70\uc57c.", "offset": 40, "length": 18, "sentiment": "positive", "confidence": {"negative": 0.00064117165, "positive": 0.99583215, "neutral": 0.0035266643}, "highlights": [{"offset": 4, "length": 13}]}]}