{"document": {"sentiment": "negative", "confidence": {"negative": 99.939415, "positive": 0.006696923, "neutral": 0.05388752}}, "sentences": [{"content": "\uc5ec\uc131\uc744 \ubb34\uc2dc\ud558\ub294 \uc9c1\uc7a5 \ubd84\uc704\uae30\uac00 \uc815\ub9d0 \ubd88\ucf8c\ud574.", "offset": 0, "length": 24, "sentiment": "negative", "confidence": {"negative": 0.99921787, "positive": 0.0004155337, "neutral": 0.00036665407}, "highlights": [{"offset": 0, "length": 23}]}, {"content": " \uc624\ub298\ub3c4 \uadf8\ub7f0 \ubc1c\uc5b8\uc744 \ub204\uac00 \ud558\ub294\ub370 \uc2f8\uc6b8 \ubed4\ud588\uc5b4.", "offset": 24, "length": 26, "sentiment": "negative", "confidence": {"negative": 0.9935121, "positive": 0.0003880971, "neutral": 0.0060998485}, "highlights": [{"offset": 19, "length": 6}]}]}