{"document": {"sentiment": "negative", "confidence": {"negative": 99.98105, "positive": 0.0075057964, "neutral": 0.011443969}}, "sentences": [{"content": "\ub098\ubcf4\ub2e4 \uc131\uc801 \uc88b\uc740 \uc560 \ubc29\ud574\ud558\ub824\uace0 \uc560\ub4e4 \uc2dc\ucf1c\uc11c \uad34\ub86d\ud614\uc5b4.", "offset": 0, "length": 30, "sentiment": "negative", "confidence": {"negative": 0.9988631, "positive": 0.00045034778, "neutral": 0.0006866381}, "highlights": [{"offset": 0, "length": 29}]}]}