{"document": {"sentiment": "negative", "confidence": {"negative": 99.976944, "positive": 0.007051747, "neutral": 0.016008036}}, "sentences": [{"content": "\uc560\uc778\uc740 \uc788\ub294\ub370 \ub098\uc774\uac00 \uc810\uc810 \ub4e4\uc5b4\uac08\uc218\ub85d \uacb0\ud63c \ucd9c\uc0b0\uc774 \ub108\ubb34 \uac71\uc815\ub3fc.", "offset": 0, "length": 35, "sentiment": "negative", "confidence": {"negative": 0.99861646, "positive": 0.00042310482, "neutral": 0.0009604822}, "highlights": [{"offset": 21, "length": 13}]}]}