{"document": {"sentiment": "negative", "confidence": {"negative": 99.99137, "positive": 0.0016687867, "neutral": 0.0069575068}}, "sentences": [{"content": "\uc544\ube60\uac00 \ub098\ub294 \uc65c \uc774\ub807\uac8c \uc0ac\ub0d0\uace0 \ud654\ub0b4\uc11c \ub208\ubb3c\uc774 \ub098\uc640.", "offset": 0, "length": 28, "sentiment": "negative", "confidence": {"negative": 0.9994824, "positive": 0.0001001272, "neutral": 0.0004174504}, "highlights": [{"offset": 17, "length": 10}]}]}