{"document": {"sentiment": "negative", "confidence": {"negative": 99.97532, "positive": 0.005824682, "neutral": 0.018860191}}, "sentences": [{"content": "\uc9c1\uc7a5\uc5d0\uc11c \uc77c\uc774 \uc6cc\ub099 \ub9ce\ub2e4 \ubcf4\ub2c8 \ub54c\ub85c\ub294 \ub3d9\ub8cc\ub4e4\uc774 \uc131\uac00\uc2e4 \ub54c\uac00 \uc788\uc5b4.", "offset": 0, "length": 36, "sentiment": "negative", "confidence": {"negative": 0.9974254, "positive": 0.0005983895, "neutral": 0.0019761627}, "highlights": [{"offset": 11, "length": 24}]}, {"content": " \ub0b4\uac00 \uc2e0\uacbd\uc774 \ub0a0\uce74\ub85c\uc6b4 \uc0c1\ud0dc\uc778 \uac83 \uac19\uc544.", "offset": 36, "length": 22, "sentiment": "negative", "confidence": {"negative": 0.9996124, "positive": 0.000100572346, "neutral": 0.00028706022}, "highlights": [{"offset": 1, "length": 20}]}]}