{"document": {"sentiment": "negative", "confidence": {"negative": 99.99265, "positive": 0.0021505693, "neutral": 0.0051984084}}, "sentences": [{"content": "\uc5c4\ub9c8\ud55c\ud14c \uc800\ubc88\uc5d0 \ud604\uae08\uc744 \uc2ed\ub9cc \uc6d0 \ube4c\ub824\ub4dc\ub838\ub294\ub370 \uc78a\uc5b4\ubc84\ub9ac\uc168\ub294\uc9c0 \uc8fc\uc2dc\uc9c8 \uc54a\uc544\uc11c \ub2f9\ud669\uc2a4\ub7fd\ub124.", "offset": 0, "length": 47, "sentiment": "negative", "confidence": {"negative": 0.999559, "positive": 0.00012903416, "neutral": 0.0003119045}, "highlights": [{"offset": 25, "length": 21}]}]}