{"document": {"sentiment": "negative", "confidence": {"negative": 99.99778, "positive": 0.0010127921, "neutral": 0.0012089165}}, "sentences": [{"content": "\ub354 \uc774\uc0c1 \uc80a\uc740 \uc2dc\uc808\uc758 \uccb4\ub825\uc774 \uc544\ub2c8\ub77c\ub294 \uac8c \uc88c\uc808\uac10\uc774 \ub4e4\uc5b4.", "offset": 0, "length": 31, "sentiment": "negative", "confidence": {"negative": 0.9998666, "positive": 6.076753e-05, "neutral": 7.253499e-05}, "highlights": [{"offset": 0, "length": 30}]}]}