{"document": {"sentiment": "positive", "confidence": {"negative": 0.021624114, "positive": 85.67893, "neutral": 14.299445}}, "sentences": [{"content": "\uc774\ubc88 \uba74\uc811 \uc900\ube44\ub97c \uc624\ub7ab\ub3d9\uc548 \ud574\uc11c \ub9e4\uc6b0 \ub290\uae0b\ud574.", "offset": 0, "length": 25, "sentiment": "positive", "confidence": {"negative": 0.0012530735, "positive": 0.99681526, "neutral": 0.001931658}, "highlights": [{"offset": 0, "length": 24}]}, {"content": " \uc5f0\uc2b5\ud55c \ub300\ub85c \uba74\uc811 \ubcf4\uba74 \ucde8\uc5c5\ud560 \uc218 \uc788\uc744 \uac83 \uac19\uc544.", "offset": 25, "length": 28, "sentiment": "neutral", "confidence": {"negative": 0.0002606145, "positive": 0.0007099248, "neutral": 0.9990295}, "highlights": [{"offset": 1, "length": 26}]}]}