{"document": {"sentiment": "negative", "confidence": {"negative": 99.960266, "positive": 0.006025899, "neutral": 0.033709355}}, "sentences": [{"content": "\uc9d1\uac12\uc774 \ub108\ubb34 \uc62c\ub77c\ubc84\ub824\uc11c \uc2e0\ud63c\uc9d1\uc744 \uad6c\ud558\uae30\uac00 \ub9e4\uc6b0 \ud798\ub4e4\uc5b4\uc84c\uc5b4.", "offset": 0, "length": 32, "sentiment": "negative", "confidence": {"negative": 0.99761593, "positive": 0.00036155395, "neutral": 0.0020225614}, "highlights": [{"offset": 0, "length": 13}]}]}