{"document": {"sentiment": "negative", "confidence": {"negative": 99.90768, "positive": 0.0025491065, "neutral": 0.08977573}}, "sentences": [{"content": "\ub300\ud559 \ub3d9\uae30\ub4e4\uacfc \ud568\uaed8 \uadfc\uad50\uc5d0 \uc5ec\ud589\uc744 \ub2e4\ub140\uc654\ub294\ub370 \uc5ec\uc790\uce5c\uad6c\uac00 \uc790\uafb8 \ub098\ub97c \uc624\ud574\ud574.", "offset": 0, "length": 41, "sentiment": "negative", "confidence": {"negative": 0.9944606, "positive": 0.00015294639, "neutral": 0.005386544}, "highlights": [{"offset": 34, "length": 6}]}]}