{"document": {"sentiment": "negative", "confidence": {"negative": 99.943535, "positive": 0.0037855883, "neutral": 0.052680887}}, "sentences": [{"content": "\ud68c\uc0ac \ub3d9\ub8cc\uac00 \ub4a4\uc5d0\uc11c \ub0b4 \uc695\uc744 \ud55c\ub2e4\ub294 \uac78 \uc624\ub298 \uc54c\uc544 \ubc84\ub838\uc5b4.", "offset": 0, "length": 32, "sentiment": "negative", "confidence": {"negative": 0.996612, "positive": 0.0002271353, "neutral": 0.0031608532}, "highlights": [{"offset": 0, "length": 31}]}]}