{"document": {"sentiment": "negative", "confidence": {"negative": 99.945946, "positive": 0.013158928, "neutral": 0.04089511}}, "sentences": [{"content": "\uc6cc\ub099 \ucde8\uc5c5\uc774 \uc548 \ub418\ub2e4 \ubcf4\ub2c8 \uc774\uc820 \uccb4\ub150\ud558\uac8c \ub418\ub124.", "offset": 0, "length": 26, "sentiment": "negative", "confidence": {"negative": 0.99811375, "positive": 0.0004037063, "neutral": 0.0014825827}, "highlights": [{"offset": 3, "length": 22}]}, {"content": " \uc138\uc0c1 \uc0ac\ub78c\ub4e4\uc774 \ub2e4 \ub098\uc758 \uc801\uc73c\ub85c \ub290\uaef4\uc838.", "offset": 26, "length": 22, "sentiment": "negative", "confidence": {"negative": 0.9953999, "positive": 0.0011753651, "neutral": 0.0034248307}, "highlights": [{"offset": 1, "length": 20}]}]}