{"document": {"sentiment": "negative", "confidence": {"negative": 99.979, "positive": 0.0060887947, "neutral": 0.014911988}}, "sentences": [{"content": "\uce5c\uad6c\ub791 \ub098\ub791 \uac19\uc774 \ubc31\uc218\uc600\ub294\ub370 \ub098 \ud63c\uc790 \ucde8\uc5c5\uc744 \ud574\uc11c \uadf8 \uce5c\uad6c\uc640 \uba40\uc5b4\uc9c8\uae4c \ubd10 \uac71\uc815\uc774\uc57c.", "offset": 0, "length": 46, "sentiment": "negative", "confidence": {"negative": 0.99874, "positive": 0.0003653277, "neutral": 0.00089471927}, "highlights": [{"offset": 28, "length": 17}]}]}