{"document": {"sentiment": "negative", "confidence": {"negative": 99.96856, "positive": 0.010916251, "neutral": 0.020520685}}, "sentences": [{"content": "\ubd80\uc778\uc774 \uc784\uc2e0\ud574\uc11c \uace0\uc0dd\ud558\ub294 \ubaa8\uc2b5\uc744 \ubcf4\ub2c8 \ub108\ubb34 \ubbf8\uc548\ud574.", "offset": 0, "length": 28, "sentiment": "negative", "confidence": {"negative": 0.99811375, "positive": 0.00065497507, "neutral": 0.0012312412}, "highlights": [{"offset": 0, "length": 27}]}]}