{"document": {"sentiment": "negative", "confidence": {"negative": 99.98679, "positive": 0.0038240706, "neutral": 0.009382463}}, "sentences": [{"content": "\ub538\uc774 \ucd9c\uadfc \uc911\uc5d0 \uc4f0\ub7ec\uc838\uc11c \ubcd1\uc6d0\uc5d0 \uc788\ub2e4\uace0 \uc5f0\ub77d\uc774 \uc640\uc11c \ub2f9\ud669\uc2a4\ub7ec\uc6cc.", "offset": 0, "length": 35, "sentiment": "negative", "confidence": {"negative": 0.9992077, "positive": 0.00022944424, "neutral": 0.00056294777}, "highlights": [{"offset": 22, "length": 12}]}]}