{"document": {"sentiment": "negative", "confidence": {"negative": 99.9836, "positive": 0.00729296, "neutral": 0.009113706}}, "sentences": [{"content": "\ud559\uad50\ud3ed\ub825 \uac00\ud574\uc790\ub85c \ub099\uc778\ucc0d\ud600\uc11c \uc6b0\ub9ac \ubd80\ubaa8\ub2d8\uae4c\uc9c0 \uc190\uac00\ub77d\uc9c8\uc744 \ub2f9\ud588\uc5b4.", "offset": 0, "length": 35, "sentiment": "negative", "confidence": {"negative": 0.99901557, "positive": 0.00043757758, "neutral": 0.0005468223}, "highlights": [{"offset": 16, "length": 18}]}]}