{"document": {"sentiment": "negative", "confidence": {"negative": 99.97872, "positive": 0.010870855, "neutral": 0.010406414}}, "sentences": [{"content": "\ub098 \ud559\uad50\ud3ed\ub825\uc744 \ub2f9\ud558\ub294\ub370 \ub3c4\uc640\uc8fc\ub294 \uc0ac\ub78c\uc774 \uc5c6\uc5b4\uc11c \ud798\ub4e4\uc5b4.", "offset": 0, "length": 30, "sentiment": "negative", "confidence": {"negative": 0.99872345, "positive": 0.0006522513, "neutral": 0.00062438485}, "highlights": [{"offset": 13, "length": 16}]}]}