{"document": {"sentiment": "negative", "confidence": {"negative": 99.990944, "positive": 0.0030714916, "neutral": 0.0059833014}}, "sentences": [{"content": "\uc624\uc804\uc5d0 \uc544\ub0b4\uac00 \uc784\uc2e0\ud588\ub2e4\ub294 \uc5f0\ub77d\uc744 \ubc1b\uc558\ub294\ub370 \uc900\ube44\ub418\uc9c0 \uc54a\uc740 \uc0c1\ud669\uc774\ub77c \uc870\uae08\uc740 \ud63c\ub780\uc2a4\ub7ec\uc6cc.", "offset": 0, "length": 46, "sentiment": "negative", "confidence": {"negative": 0.9994567, "positive": 0.0001842895, "neutral": 0.00035899808}, "highlights": [{"offset": 36, "length": 9}]}]}