{"document": {"sentiment": "neutral", "confidence": {"negative": 2.8960402, "positive": 0.10967296, "neutral": 96.994286}}, "sentences": [{"content": "\uc9c1\uc7a5 \ub0b4 \ucf54\ub85c\ub098 \ud655\uc9c4\uc790 \ub098\uc654\ub294\ub370 \uc77c\ub2e8 \ub300\uae30\ub798.", "offset": 0, "length": 25, "sentiment": "neutral", "confidence": {"negative": 0.028960401, "positive": 0.0010967297, "neutral": 0.96994287}, "highlights": [{"offset": 0, "length": 18}]}]}