{"document": {"sentiment": "negative", "confidence": {"negative": 85.70884, "positive": 0.0061530643, "neutral": 14.285011}}, "sentences": [{"content": "\uc6b0\ub9ac \uc544\ub4e4\uc774 \uc790\uae30\uac00 \ub0a8\uc790\uc778\uc9c0 \uc798 \ubaa8\ub974\uaca0\ub2e4\uace0 \ud588\uc5b4.", "offset": 0, "length": 27, "sentiment": "neutral", "confidence": {"negative": 0.00049697317, "positive": 0.00010454424, "neutral": 0.99939847}, "highlights": [{"offset": 0, "length": 24}]}, {"content": " \uc131 \uc815\uccb4\uc131\uc5d0 \ud63c\ub780\uc774 \uc654\ub098 \ubd10.", "offset": 27, "length": 17, "sentiment": "negative", "confidence": {"negative": 0.9991215, "positive": 0.00032617027, "neutral": 0.000552276}, "highlights": [{"offset": 1, "length": 15}]}]}