{"document": {"sentiment": "negative", "confidence": {"negative": 99.920494, "positive": 0.007374607, "neutral": 0.07212831}}, "sentences": [{"content": "\ud559\uad50\uc5d0\uc11c \ub530\ub3cc\ub9bc\ub2f9\ud558\ub294 \uac78 \uac00\uc871\ub4e4\uc5d0\uac8c \ub9d0\ud558\uace0 \uc2f6\uc9c0 \uc54a\uc544.", "offset": 0, "length": 30, "sentiment": "negative", "confidence": {"negative": 0.99522984, "positive": 0.00044247642, "neutral": 0.0043276986}, "highlights": [{"offset": 0, "length": 29}]}]}