{"document": {"sentiment": "negative", "confidence": {"negative": 99.98251, "positive": 0.005495883, "neutral": 0.011990759}}, "sentences": [{"content": "\uc544\uc774\ub4e4\uc758 \uc720\ud559\uc73c\ub85c \uc9d1\uc548 \uc7ac\uc815\uc5d0 \ubb38\uc81c\uac00 \uc0dd\uaca8\uc11c \ub2f9\ud669\uc2a4\ub7ec\uc6cc.", "offset": 0, "length": 31, "sentiment": "negative", "confidence": {"negative": 0.99895084, "positive": 0.00032975298, "neutral": 0.0007194455}, "highlights": [{"offset": 0, "length": 30}]}]}