{"document": {"sentiment": "neutral", "confidence": {"negative": 0.012145527, "positive": 1.0508482, "neutral": 98.937004}}, "sentences": [{"content": "\ub0a8\ud3b8\uc774 \ud1f4\uadfc \ud6c4\uc5d0 \uc2dc\uac04\uc774 \uc0dd\uaca8\uc11c \ub4dc\ub514\uc5b4 \uc6b4\ub3d9\uc744 \uac19\uc774\ud560 \uc218 \uc788\uac8c \ub418\uc5b4\uc11c \uae30\ub300\uac00 \ucee4.", "offset": 0, "length": 45, "sentiment": "neutral", "confidence": {"negative": 0.00012145526, "positive": 0.010508481, "neutral": 0.98937}, "highlights": [{"offset": 18, "length": 26}]}]}