{"document": {"sentiment": "negative", "confidence": {"negative": 99.990585, "positive": 0.0047580833, "neutral": 0.004654015}}, "sentences": [{"content": "\ucd5c\uc120\uc744 \ub2e4\ud574 \ud0a4\uc6e0\ub294\ub370 \ubaa8\uc544\ub454 \ub3c8\uc774 \uc5c6\ub2e4\uace0 \ubb34\uc2dc\ud558\ub294 \uc544\uc774\ub4e4 \ub54c\ubb38\uc5d0 \uc18d\uc0c1\ud574.", "offset": 0, "length": 40, "sentiment": "negative", "confidence": {"negative": 0.99943525, "positive": 0.000285485, "neutral": 0.0002792409}, "highlights": [{"offset": 23, "length": 16}]}]}