{"document": {"sentiment": "negative", "confidence": {"negative": 99.975494, "positive": 0.009896708, "neutral": 0.014612124}}, "sentences": [{"content": "\ud559\uad50\uc5d0 \ub0b4 \ud3b8\uc774 \ub3fc \uc8fc\ub294 \uc0ac\ub78c\uc774 \uc544\ubb34\ub3c4 \uc5c6\ub294 \uac83 \uac19\uc544 \uc88c\uc808\uac10 \ub4e4\uc5b4.", "offset": 0, "length": 37, "sentiment": "negative", "confidence": {"negative": 0.99852943, "positive": 0.0005938025, "neutral": 0.00087672746}, "highlights": [{"offset": 11, "length": 25}]}]}