{"document": {"sentiment": "negative", "confidence": {"negative": 99.94402, "positive": 0.0056674876, "neutral": 0.05031194}}, "sentences": [{"content": "\uba74\uc811 \ub54c \ub098\ub97c \ubf51\uc744 \uac83\ucc98\ub7fc \uce6d\ucc2c\ud558\uace0 \ucd94\uac00 \uc9c8\ubb38\uc744 \ud558\ub358 \ud68c\uc0ac\uac00 \uacb0\uad6d \ub098\ub97c \ubf51\uc9c0 \uc54a\uc558\uc5b4.", "offset": 0, "length": 47, "sentiment": "negative", "confidence": {"negative": 0.9966413, "positive": 0.00034004927, "neutral": 0.0030187166}, "highlights": [{"offset": 37, "length": 9}]}]}