{"document": {"sentiment": "negative", "confidence": {"negative": 99.9899, "positive": 0.0014228622, "neutral": 0.008675821}}, "sentences": [{"content": "\uce5c\ud558\uac8c \uc9c0\ub0b4\ub358 \uce5c\uad6c\ub4e4\uc774 \uc788\ub294\ub370 \uc5b8\uc81c\ubd80\ud134\uac00 \ub098\ub9cc \ub3d9\ub5a8\uc5b4\uc9c4 \uac83 \uac19\uc740 \uae30\ubd84\uc774 \ub4e4\uc5b4.", "offset": 0, "length": 43, "sentiment": "negative", "confidence": {"negative": 0.99939406, "positive": 8.537173e-05, "neutral": 0.00052054925}, "highlights": [{"offset": 17, "length": 25}]}]}