{"document": {"sentiment": "negative", "confidence": {"negative": 99.98538, "positive": 0.0056957905, "neutral": 0.00892129}}, "sentences": [{"content": "\uc560\ub4e4\uc740 \ub098\ub97c \ub3c8\uc904\ub85c\ubc16\uc5d0 \uc0dd\uac01\uc744 \uc548 \ud558\ub294 \uac83 \uac19\uc544.", "offset": 0, "length": 27, "sentiment": "negative", "confidence": {"negative": 0.99912304, "positive": 0.00034174742, "neutral": 0.0005352774}, "highlights": [{"offset": 0, "length": 26}]}]}