{"document": {"sentiment": "negative", "confidence": {"negative": 99.96197, "positive": 0.010893552, "neutral": 0.027140819}}, "sentences": [{"content": "\ucc98\uc74c\uc73c\ub85c \uc218\ud559 \uc2dc\ud5d8\uc5d0\uc11c \ubc31\uc810\uc744 \ub9de\uc558\ub294\ub370 \uc790\ub791\ud560 \uc0ac\ub78c\uc774 \uc5c6\uc5b4.", "offset": 0, "length": 33, "sentiment": "negative", "confidence": {"negative": 0.99707174, "positive": 0.000723941, "neutral": 0.0022043106}, "highlights": [{"offset": 22, "length": 10}]}, {"content": " \ub9d0\ud560 \uc0ac\ub78c\uc774 \uc5c6\uc5b4 \uc2ac\ud37c.", "offset": 33, "length": 14, "sentiment": "negative", "confidence": {"negative": 0.99836415, "positive": 0.00058328523, "neutral": 0.0010525876}, "highlights": [{"offset": 1, "length": 12}]}]}