{"document": {"sentiment": "positive", "confidence": {"negative": 0.012187261, "positive": 99.97855, "neutral": 0.009259517}}, "sentences": [{"content": "\uc544\uae30\uac00 \uac74\uac15\ud558\uac8c \ud0dc\uc5b4\ub0a0 \uc218 \uc788\ub3c4\ub85d \ub098\ub97c \uc798 \ubcf4\uc0b4\ud3b4\uc900 \ub0a8\ud3b8\uc5d0\uac8c \ub108\ubb34 \uace0\ub9c8\uc6cc.", "offset": 0, "length": 41, "sentiment": "positive", "confidence": {"negative": 0.00073123566, "positive": 0.99871325, "neutral": 0.00055557105}, "highlights": [{"offset": 29, "length": 11}]}]}