{"document": {"sentiment": "negative", "confidence": {"negative": 99.984924, "positive": 0.0063083824, "neutral": 0.008767246}}, "sentences": [{"content": "\uc544\uc774\uac00 \ud559\uc6d0\uc5d0\uc11c \uc218\ud559 \ub4f1\uc218\uac00 \ub5a8\uc5b4\uc838\uc11c \uc18d\uc0c1\ud574.", "offset": 0, "length": 25, "sentiment": "negative", "confidence": {"negative": 0.99909544, "positive": 0.00037850294, "neutral": 0.0005260348}, "highlights": [{"offset": 0, "length": 24}]}]}