{"document": {"sentiment": "negative", "confidence": {"negative": 99.97983, "positive": 0.0066244896, "neutral": 0.013545557}}, "sentences": [{"content": "\ub0b4\uac00 \uc5b4\ub5a4 \uc9d1\uc5d0\uc11c \uc0ac\ub294\uc9c0 \uc54c\ub824\uc9c0\uba74 \uce5c\uad6c\ub4e4\uc5d0\uac8c \uc655\ub530\ub97c \ub2f9\ud560\uae4c\ubd10 \uac71\uc815\ub3fc.", "offset": 0, "length": 38, "sentiment": "negative", "confidence": {"negative": 0.99878985, "positive": 0.00039746938, "neutral": 0.00081273343}, "highlights": [{"offset": 19, "length": 18}]}]}