{"document": {"sentiment": "negative", "confidence": {"negative": 99.98322, "positive": 0.007101308, "neutral": 0.009672673}}, "sentences": [{"content": "\uc624\ub298 \ud574\uace0\ub97c \ub2f9\ud55c \uac83\uc744 \uac00\uc871\ub4e4\uc5d0\uac8c \uc5b4\ub5bb\uac8c \ub9d0\ud560 \uc218 \uc788\uc744\uc9c0 \ub2f9\ud669\uc2a4\ub7fd\uace0 \ubd80\ub044\ub7fd\ub124.", "offset": 0, "length": 43, "sentiment": "negative", "confidence": {"negative": 0.9989936, "positive": 0.00042607848, "neutral": 0.0005803604}, "highlights": [{"offset": 32, "length": 10}]}]}