{"document": {"sentiment": "negative", "confidence": {"negative": 99.98017, "positive": 0.008555332, "neutral": 0.011270825}}, "sentences": [{"content": "\uacc4\uc18d \ubc29\uad00\ub9cc \ud558\ub358 \uc544\uc774\ub4e4\uc774 \uc5b4\uc81c\ub294 \ub0a0 \uad34\ub86d\ud788\ub294\ub370 \ub3d9\ucc38\ud574\uc11c \ub2f9\ud639\uc2a4\ub7ec\uc6cc.", "offset": 0, "length": 38, "sentiment": "negative", "confidence": {"negative": 0.9988104, "positive": 0.0005133199, "neutral": 0.0006762495}, "highlights": [{"offset": 27, "length": 10}]}]}