{"document": {"sentiment": "negative", "confidence": {"negative": 99.95268, "positive": 0.0009947505, "neutral": 0.046324212}}, "sentences": [{"content": "\ud560\uba38\ub2c8\uac00 \ucc28\ub824 \uc900 \uc544\uce68\uc744 \uba39\uace0 \uac00\ub77c\uace0 \ud55c \uac78 \uc548 \uba39\uace0 \ub098\uc654\ub354\ub2c8 \ubc30\uac00 \uace0\ud504\ub124.", "offset": 0, "length": 42, "sentiment": "negative", "confidence": {"negative": 0.9971609, "positive": 5.9685033e-05, "neutral": 0.0027794528}, "highlights": [{"offset": 30, "length": 11}]}]}