{"document": {"sentiment": "negative", "confidence": {"negative": 99.984116, "positive": 0.0050467392, "neutral": 0.01083954}}, "sentences": [{"content": "\uc131\uc801 \uc598\uae30\ub97c \ud558\ub2e4\uac00 \uce5c\uad6c\ub791 \uc808\uad50\ud574\uc11c \ubd84\ub178\uac10\uc774 \uc0dd\uaca8.", "offset": 0, "length": 28, "sentiment": "negative", "confidence": {"negative": 0.99904674, "positive": 0.00030280434, "neutral": 0.00065037236}, "highlights": [{"offset": 11, "length": 16}]}]}