{"document": {"sentiment": "negative", "confidence": {"negative": 99.982544, "positive": 0.0066089085, "neutral": 0.010850823}}, "sentences": [{"content": "\uc790\ub140\ub4e4\uc774 \ub2e4 \ucd9c\uac00\ud558\uace0 \uc6b0\ub9ac \ub178\ubd80\ubd80\ub9cc \uc0ac\ub294\ub370 \ud639\uc2dc\ub098 \uc544\ub0b4\uac00 \uba3c\uc800 \uc5b4\ucc0c \ub418\uba74 \uc5b4\uca4c\ub098 \ud558\uace0 \uac71\uc815\ub418\ub124.", "offset": 0, "length": 53, "sentiment": "negative", "confidence": {"negative": 0.9989524, "positive": 0.0003965345, "neutral": 0.00065104937}, "highlights": [{"offset": 28, "length": 24}]}]}