{"document": {"sentiment": "positive", "confidence": {"negative": 0.011437551, "positive": 99.948715, "neutral": 0.039846692}}, "sentences": [{"content": "\uc544\ub4e4\uc774 \uad50\ud1b5\uc0ac\uace0\ub97c \ub2f9\ud574\uc11c \uc218\uc220\ud588\ub294\ub370 \ub2e4\ud589\ud788 \uc798 \ud68c\ubcf5\ub418\uc5b4 \ud55c\uc2dc\ub984 \ub193\uc558\uc5b4.", "offset": 0, "length": 39, "sentiment": "positive", "confidence": {"negative": 0.0006862531, "positive": 0.9969229, "neutral": 0.0023908014}, "highlights": [{"offset": 26, "length": 12}]}]}