{"document": {"sentiment": "positive", "confidence": {"negative": 0.012598337, "positive": 99.97852, "neutral": 0.008879368}}, "sentences": [{"content": "\uac19\uc774 \uacf5\ubd80\ud558\ub358 \uce5c\uad6c\ub4e4\uacfc \ud568\uaed8 \ub178\ub825\ud558\uace0 \uc11c\ub85c \uc751\uc6d0\uc744 \ud574\uc11c \uac00\uace0 \uc2f6\uc740 \ub300\ud559\uc5d0 \uac08 \uc218 \uc788\uac8c \ub418\uc5c8\uc5b4.", "offset": 0, "length": 52, "sentiment": "positive", "confidence": {"negative": 0.0007559002, "positive": 0.99871135, "neutral": 0.0005327621}, "highlights": [{"offset": 34, "length": 17}]}]}