{"document": {"sentiment": "negative", "confidence": {"negative": 99.56075, "positive": 0.01080587, "neutral": 0.42843926}}, "sentences": [{"content": "\uc624\ub298 \ub2a6\uc7a0\uc744 \uc790\ubc84\ub824\uc11c \uc9c0\uac01\ud560\uae4c\ubd10 \uc544\ube60 \ucc28\ub97c \ud0c0\uace0 \ud559\uad50\uc5d0 \uc654\ub294\ub370 \uce5c\uad6c\ub4e4\uc774 \uc544\ube60 \ucc28\ub97c \ubcf4\ub354\ub2c8 \uc218\uad70\uac70\ub838\uc5b4", "offset": 0, "length": 55, "sentiment": "negative", "confidence": {"negative": 0.9736452, "positive": 0.0006483522, "neutral": 0.025706355}, "highlights": [{"offset": 35, "length": 20}]}]}