{"document": {"sentiment": "negative", "confidence": {"negative": 99.78534, "positive": 0.012560216, "neutral": 0.20210396}}, "sentences": [{"content": "\uce5c\uad6c \ub140\uc11d\uc740 \uc790\uc2dd\uc774 \ub178\ud6c4 \uc790\uae08\uc744 \ubcf4\ud0dc \uc900\ub2e4\ub294\ub370 \ub09c \uc544\ubb34\uac83\ub3c4 \ud574\uc904 \uc0ac\ub78c\uc774 \uc5c6\ub124.", "offset": 0, "length": 43, "sentiment": "negative", "confidence": {"negative": 0.98712015, "positive": 0.00075361296, "neutral": 0.012126237}, "highlights": [{"offset": 7, "length": 19}]}]}