{"document": {"sentiment": "negative", "confidence": {"negative": 99.96743, "positive": 0.0053258096, "neutral": 0.027243074}}, "sentences": [{"content": "\uc624\ub79c\ub9cc\uc5d0 \uba40\ub9ac \ub300\ud559\uc0dd\ud65c\uc744 \ud558\ub294 \uc544\ub4e4\uc5d0\uac8c \uc804\ud654\ud588\ub294\ub370 \ubc14\uc058\ub2e4\uba70 \ubc14\ub85c \ub04a\uc5b4\ubc84\ub824\uc11c \uc11c\uc6b4\ud558\ub124.", "offset": 0, "length": 47, "sentiment": "negative", "confidence": {"negative": 0.9980458, "positive": 0.00031954856, "neutral": 0.0016345844}, "highlights": [{"offset": 28, "length": 18}]}]}