{"document": {"sentiment": "negative", "confidence": {"negative": 99.9639, "positive": 0.0048867506, "neutral": 0.031213507}}, "sentences": [{"content": "\ub530\ub3cc\ub9bc \ub2f9\ud558\ub294 \uce5c\uad6c\uc640 \uac19\uc774 \ub530\ub3cc\ub9bc\uc744 \ub2f9\ud560\uc9c0 \uc544\ub2c8\uba74 \uadf8 \uce5c\uad6c\ub97c \ub530\ub3cc\ub824\uc11c \ub2e4\ub978 \uce5c\uad6c\ub4e4\uacfc \uc798 \uc9c0\ub0b4\uc57c \ud560\uc9c0 \ubaa8\ub974\uaca0\uc5b4.", "offset": 0, "length": 61, "sentiment": "negative", "confidence": {"negative": 0.997834, "positive": 0.00029320503, "neutral": 0.0018728104}, "highlights": [{"offset": 39, "length": 21}]}]}