{"document": {"sentiment": "negative", "confidence": {"negative": 99.99516, "positive": 0.0019189413, "neutral": 0.0029151037}}, "sentences": [{"content": "\uc624\ub298 \uc9c1\uc7a5\uc5d0\uc11c \ud300\uc7a5\ub2d8\uc774 \uc5c5\ubb34\ub97c \ub2a6\uac8c \uc8fc\uc5b4\uc11c \ub108\ubb34 \uae30\ubd84\uc774 \uc548 \uc88b\uc544.", "offset": 0, "length": 36, "sentiment": "negative", "confidence": {"negative": 0.9997099, "positive": 0.00011513648, "neutral": 0.00017490622}, "highlights": [{"offset": 3, "length": 21}]}]}