{"document": {"sentiment": "negative", "confidence": {"negative": 99.99705, "positive": 0.0010529446, "neutral": 0.0018995489}}, "sentences": [{"content": "\uce5c\uad6c\ub4e4\uc740 \ub2e4 \ucc28\uac00 \uc788\ub294\ub370 \ub098\ub9cc \uc5c6\ub294 \uac83 \uac19\uc544 \uc660\uc9c0 \ubd88\uc548\ud558\ub124.", "offset": 0, "length": 33, "sentiment": "negative", "confidence": {"negative": 0.9998229, "positive": 6.3176674e-05, "neutral": 0.000113972936}, "highlights": [{"offset": 14, "length": 18}]}]}