{"document": {"sentiment": "negative", "confidence": {"negative": 99.98823, "positive": 0.00631975, "neutral": 0.0054550353}}, "sentences": [{"content": "\uc790\uae30\ub294 \ub9e8\ub0a0 \ud578\ub4dc\ud3f0 \ubcf4\uba74\uc11c \ub098\ubcf4\uace0\ub294 \ubcf4\uc9c0 \ub9d0\ub77c\ub294 \uc5b4\ub978\ub4e4\uc774 \ud55c\uc2ec\ud574 \ubcf4\uc5ec.", "offset": 0, "length": 39, "sentiment": "negative", "confidence": {"negative": 0.99929345, "positive": 0.000379185, "neutral": 0.0003273021}, "highlights": [{"offset": 23, "length": 15}]}]}