{"document": {"sentiment": "negative", "confidence": {"negative": 99.99815, "positive": 0.0007594386, "neutral": 0.0010847356}}, "sentences": [{"content": "\ub098\ub294 \ubc30\uc6b0\ub294 \uac8c \ub290\ub9b0 \ud3b8\uc774\uc5ec\uc11c \ub0a8\ub4e4\ubcf4\ub2e4 \uc5c5\ubb34 \uc18d\ub3c4\uac00 \ub5a8\uc5b4\uc838 \ub108\ubb34 \ud798\ub4e4\uc5b4.", "offset": 0, "length": 40, "sentiment": "negative", "confidence": {"negative": 0.9998894, "positive": 4.5566318e-05, "neutral": 6.508414e-05}, "highlights": [{"offset": 0, "length": 39}]}]}