{"document": {"sentiment": "negative", "confidence": {"negative": 99.87262, "positive": 0.006714437, "neutral": 0.12066662}}, "sentences": [{"content": "\uc6b0\ub9ac \ubd80\ubd80\uac00 \uc5b8\uc81c \uc774\ub807\uac8c \ub098\uc774\uac00 \ub4e4\uc5b4\uc11c \uc740\ud1f4 \ud6c4 \ub178\ud6c4\uc900\ube44 \ubb38\uc81c\ub85c \uc2e0\uacbd\uc744 \uc368\uc57c \ud558\ub294\uc9c0 \ubaa8\ub974\uaca0\uc5b4.", "offset": 0, "length": 52, "sentiment": "negative", "confidence": {"negative": 0.99235713, "positive": 0.00040286622, "neutral": 0.0072399974}, "highlights": [{"offset": 22, "length": 29}]}]}