{"document": {"sentiment": "negative", "confidence": {"negative": 99.983505, "positive": 0.0052904184, "neutral": 0.011205719}}, "sentences": [{"content": "\uc544\uc774\ub4e4 \ud559\ube44 \ub54c\ubb38\uc5d0 \ub178\ud6c4\ub300\ube44\uac00 \ubbf8\uc9c4\ud574\uc11c \uac71\uc815 \ub9ce\uc558\ub294\ub370. \uc0dd\uac01\uc9c0\ub3c4 \ubabb\ud588\ub358 \uc77c\uc774 \ubc8c\uc5b4\uc84c\uc9c0 \ubb50\uc57c.", "offset": 0, "length": 51, "sentiment": "negative", "confidence": {"negative": 0.9990102, "positive": 0.0003174251, "neutral": 0.0006723431}, "highlights": [{"offset": 11, "length": 11}]}]}