{"document": {"sentiment": "negative", "confidence": {"negative": 99.9881, "positive": 0.0057018315, "neutral": 0.0061967485}}, "sentences": [{"content": "\uc544\ub4e4\uc740 \ub9e4\uc77c \ubc24 \ubb58 \ud558\ub294\uc9c0 \ub2a6\uac8c \uc790\uace0 \ub9e4\uc77c \ud559\uad50\uc5d0 \uc9c0\uac01\ud558\ub294\ub370 \ud55c\uc2ec\ud574.", "offset": 0, "length": 38, "sentiment": "negative", "confidence": {"negative": 0.9992861, "positive": 0.00034210988, "neutral": 0.0003718049}, "highlights": [{"offset": 34, "length": 3}]}]}