{"document": {"sentiment": "neutral", "confidence": {"negative": 0.0020143276, "positive": 0.0026545872, "neutral": 99.99533}}, "sentences": [{"content": "\uc88b\uc740 \uac10\uc815\uc744 \uac00\uc9c0\uace0 \uc11c\ub85c \uc54c\uc544 \uac00\ub294 \uc0ac\ub78c\uc774 \uc788\ub294\ub370 \uc5b4\ub5a4 \uc5ec\uc131\uacfc \ucee4\ud53c\uc20d\uc5d0 \uc549\uc544 \uc788\ub294 \uac78 \ubd24\uc5b4.", "offset": 0, "length": 51, "sentiment": "neutral", "confidence": {"negative": 2.0143274e-05, "positive": 2.654587e-05, "neutral": 0.99995327}, "highlights": [{"offset": 28, "length": 22}]}]}