{"document": {"sentiment": "negative", "confidence": {"negative": 99.96832, "positive": 0.00617641, "neutral": 0.02550323}}, "sentences": [{"content": "\uc624\ub298 \uc800\ub141\ub54c \uc77c\ucc0d \uac08 \uac74\ub370 \ub9db\uc788\ub294 \ubc18\ucc2c \uc788\ub290\ub0d0\uace0 \ubb3c\uc5c8\ub354\ub2c8 \uc9d1\uc0ac\ub78c\uc774 \uc9dc\uc99d\uc744 \ub0b4\ub294 \uac70\uc57c.", "offset": 0, "length": 47, "sentiment": "negative", "confidence": {"negative": 0.99809915, "positive": 0.00037058457, "neutral": 0.0015301937}, "highlights": [{"offset": 27, "length": 19}]}]}