{"document": {"sentiment": "negative", "confidence": {"negative": 99.99948, "positive": 0.0001775382, "neutral": 0.00034378006}}, "sentences": [{"content": "\uc774\uc0c1\ud558\uac8c \uc544\ube60\uac00 \ud654\uc7a5\uc2e4\uc744 \ub2e4\ub140\uc624\uc2dc\uba74 \ubc14\ub85c \ud654\uc7a5\uc2e4\uc5d0 \uac00\uae30\uac00 \uc5b4\ub824\uc6cc.", "offset": 0, "length": 36, "sentiment": "negative", "confidence": {"negative": 0.99996877, "positive": 1.0652292e-05, "neutral": 2.0626803e-05}, "highlights": [{"offset": 23, "length": 12}]}]}