{"document": {"sentiment": "negative", "confidence": {"negative": 99.991516, "positive": 0.0042302455, "neutral": 0.004256923}}, "sentences": [{"content": "\uce5c\ud588\ub358 \uce5c\uad6c\ub4e4\uc774\ub791 \ub9cc\ub098\ub3c4 \uc774\uc81c\ub294 \uc608\uc804\ucc98\ub7fc \uc990\uac81\uc9c0\uac00 \uc54a\uc544.", "offset": 0, "length": 31, "sentiment": "negative", "confidence": {"negative": 0.99949074, "positive": 0.00025381474, "neutral": 0.0002554154}, "highlights": [{"offset": 14, "length": 16}]}]}