{"document": {"sentiment": "negative", "confidence": {"negative": 99.92782, "positive": 0.010590889, "neutral": 0.06158984}}, "sentences": [{"content": "\uc6b0\ub9ac \uc9d1 \uc7ac\uc815\uc774 \uc5b4\ub824\uc6cc\uc9c4 \uac78 \uc54c\uace0 \uce5c\uad6c\ub4e4\uc774 \ub3c4\uc6c0\uc758 \uc190\uae38\uc744 \uac74\ub138\uc9c0\ub9cc \uac70\uc808\ud588\uc5b4.", "offset": 0, "length": 42, "sentiment": "negative", "confidence": {"negative": 0.9956691, "positive": 0.0006354533, "neutral": 0.0036953904}, "highlights": [{"offset": 37, "length": 4}]}]}