{"document": {"sentiment": "negative", "confidence": {"negative": 99.97362, "positive": 0.006849021, "neutral": 0.019534392}}, "sentences": [{"content": "\ud559\uad50\uc5d0\uc11c \uacc4\uc18d \ub098\ub97c \uacac\uc81c\ud558\ub294 \uc560\ub4e4 \ub54c\ubb38\uc5d0 \ub3c4\uc800\ud788 \uacf5\ubd80\uc5d0 \uc9d1\uc911\ud560 \uc218\uac00 \uc5c6\uc5b4.", "offset": 0, "length": 41, "sentiment": "negative", "confidence": {"negative": 0.9984169, "positive": 0.00041094125, "neutral": 0.0011720635}, "highlights": [{"offset": 8, "length": 32}]}]}