{"document": {"sentiment": "negative", "confidence": {"negative": 99.79621, "positive": 0.0047821845, "neutral": 0.19900985}}, "sentences": [{"content": "\uc774\uc820 \uc815\ub9d0 \ub9d0\ud574\uc57c \ud558\ub294\ub370 \ubb50\ub77c\uace0 \ub9d0\uc744 \uaebc\ub0b4\uc57c \ud560\uc9c0 \ubaa8\ub974\uaca0\uc5b4.", "offset": 0, "length": 33, "sentiment": "negative", "confidence": {"negative": 0.9877724, "positive": 0.00028693106, "neutral": 0.011940591}, "highlights": [{"offset": 18, "length": 14}]}]}