{"document": {"sentiment": "negative", "confidence": {"negative": 99.92822, "positive": 0.005229924, "neutral": 0.06654834}}, "sentences": [{"content": "\uce5c\uad6c\uac00 \ud798\ub4e4\ub2e4\uace0 \ub098\uc5d0\uac8c \ud138\uc5b4\ub193\ub294\ub370 \ub098\ub294 \uc544\ubb34\ub7f0 \ub3c4\uc6c0\uc744 \uc904 \uc218 \uc5c6\ub294 \uc0c1\ud669\uc774\uc57c.", "offset": 0, "length": 42, "sentiment": "negative", "confidence": {"negative": 0.99569327, "positive": 0.00031379543, "neutral": 0.0039929003}, "highlights": [{"offset": 32, "length": 9}]}]}