{"document": {"sentiment": "negative", "confidence": {"negative": 99.98389, "positive": 0.0030184896, "neutral": 0.013092547}}, "sentences": [{"content": "\ub3d9\uc0dd\uc774 \ubd80\ubaa8\ub2d8 \ubab0\ub798 \ub2f4\ubc30\ub97c \ud53c\uc6b0\ub294 \uac83 \uac19\uc544 \uac71\uc815\uc774\uc57c.", "offset": 0, "length": 29, "sentiment": "negative", "confidence": {"negative": 0.99903333, "positive": 0.00018110937, "neutral": 0.0007855528}, "highlights": [{"offset": 11, "length": 17}]}]}