{"document": {"sentiment": "negative", "confidence": {"negative": 99.95705, "positive": 0.007591978, "neutral": 0.035364766}}, "sentences": [{"content": "\uc30d\ub465\uc774 \ub3d9\uc0dd\uc774 \uc788\ub294\ub370. \ub0b4\uac00 \ub3d9\uc0dd\ubcf4\ub2e4 \uc131\uc801\uc774 \ub0ae\uc544\uc11c \ub9e8\ub0a0 \ube44\uad50\ub3fc\uc11c \uc9c8\ud22c\uac00 \ub098.", "offset": 0, "length": 43, "sentiment": "negative", "confidence": {"negative": 0.9974226, "positive": 0.0004555187, "neutral": 0.002121886}, "highlights": [{"offset": 13, "length": 16}]}]}