{"document": {"sentiment": "negative", "confidence": {"negative": 99.999176, "positive": 0.00025587916, "neutral": 0.00056807994}}, "sentences": [{"content": "\uc694\uc998 \uc544\ub4e4 \ub300\ud559\uc744 \uac04\ub2e4\uace0 \ud588\ub2e4\uac00 \uc548 \uac04\ub2e4\uace0 \ud588\ub2e4\uac00 \ud574\uc11c \uc544\uc8fc \uac71\uc815\uc774 \ucee4.", "offset": 0, "length": 40, "sentiment": "negative", "confidence": {"negative": 0.9999505, "positive": 1.5352749e-05, "neutral": 3.4084795e-05}, "highlights": [{"offset": 0, "length": 39}]}]}