{"document": {"sentiment": "negative", "confidence": {"negative": 99.96987, "positive": 0.005652542, "neutral": 0.024474122}}, "sentences": [{"content": "\ub098\ub294 \ube44\ud63c\uc8fc\uc758\uc790\uc778\ub370 \ub0b4 \uc560\uc778\uc774 \ub098\uc640 \uacb0\ud63c\ud558\uaca0\ub2e4\uace0 \ub9d0\uc744 \ud558\uace0 \ub2e4\ub154\ub2e4\uace0 \ud574\uc11c \ub2f9\ud639\uc2a4\ub7ec\uc6cc.", "offset": 0, "length": 47, "sentiment": "negative", "confidence": {"negative": 0.99819237, "positive": 0.00033915252, "neutral": 0.0014684473}, "highlights": [{"offset": 11, "length": 35}]}]}