{"document": {"sentiment": "negative", "confidence": {"negative": 50.00946, "positive": 49.98015, "neutral": 0.0103906635}}, "sentences": [{"content": "\uc774\ubc88 \uc2dc\ud5d8\uc744 \ub108\ubb34 \uc798 \uccd0\uc11c \ucc44\uc810 \uc624\ub958\uac00 \uc544\ub2cc\uc9c0 \uc758\uc2ec\uc774 \ub3fc.", "offset": 0, "length": 32, "sentiment": "negative", "confidence": {"negative": 0.9991197, "positive": 0.0003595265, "neutral": 0.0005206776}, "highlights": [{"offset": 15, "length": 16}]}, {"content": " \uc774\ub7f0 \ub192\uc740 \uc810\uc218\uac00 \ub0b4 \uc810\uc218\ub77c\ub2c8 \ub108\ubb34 \uae30\ubed0.", "offset": 32, "length": 24, "sentiment": "positive", "confidence": {"negative": 0.0020153385, "positive": 0.9972584, "neutral": 0.000726202}, "highlights": [{"offset": 1, "length": 22}]}]}