{"document": {"sentiment": "negative", "confidence": {"negative": 99.99338, "positive": 0.0025352896, "neutral": 0.0040868185}}, "sentences": [{"content": "\uc218\ud5d8\uc0dd\uc778 \uc544\ub4e4\uacfc \uae30\ubd84 \uc804\ud658 \uacb8 \uc9d1 \uc55e \uc0b0\uc744 \ub4f1\uc0b0\ud558\ub2e4\uac00 \uc544\ub4e4\uc774 \ubc1c\ubaa9\uc744 \uc811\uc9c8\ub824\uc11c \ub108\ubb34 \ub9c8\uc74c \uc544\ud30c.", "offset": 0, "length": 52, "sentiment": "negative", "confidence": {"negative": 0.9996026, "positive": 0.00015211737, "neutral": 0.0002452091}, "highlights": [{"offset": 43, "length": 8}]}]}