{"document": {"sentiment": "negative", "confidence": {"negative": 99.98522, "positive": 0.005910254, "neutral": 0.008868007}}, "sentences": [{"content": "\ubd80\ubaa8\ub2d8\uc740 \ub0b4\uac00 \uc77c\ubd80\ub7ec \ucde8\uc5c5 \uc548 \ud558\ub294 \uac8c \uc544\ub2cc\ub370 \ub098\ubcf4\uace0 \ub9e4\uc77c \ub180\uae30\ub9cc \ud55c\ub2e4\uace0 \ud558\uc154. \ub108\ubb34\ud558\uc154.", "offset": 0, "length": 50, "sentiment": "negative", "confidence": {"negative": 0.9991134, "positive": 0.00035461524, "neutral": 0.0005320804}, "highlights": [{"offset": 26, "length": 17}]}]}