{"document": {"sentiment": "negative", "confidence": {"negative": 99.9838, "positive": 0.008280626, "neutral": 0.007917932}}, "sentences": [{"content": "\uc774\uc81c \uc740\ud1f4\ud560 \ub0a0\uc774 \uc5bc\ub9c8 \ub0a8\uc9c0 \uc54a\uc558\ub294\ub370 \uadf8\uac04\uc758 \uc138\uc6d4\uc774 \ucc38 \ube44\ud1b5\ud558\uace0 \uc5b5\uc6b8\ud574.", "offset": 0, "length": 40, "sentiment": "negative", "confidence": {"negative": 0.9990281, "positive": 0.00049683754, "neutral": 0.00047507594}, "highlights": [{"offset": 31, "length": 8}]}]}