{"document": {"sentiment": "negative", "confidence": {"negative": 99.98569, "positive": 0.005956665, "neutral": 0.008359606}}, "sentences": [{"content": "\uc624\ub298 \uce5c\uad6c\ub4e4\uc774\ub791 \ub300\ud654\ud558\ub294\ub370 \ub9d0\ud558\ub294 \uac8c \ub108\ubb34 \ud55c\uc2ec\ud574\uc11c \ube44\uc6c3\uc5c8\uc5b4.", "offset": 0, "length": 34, "sentiment": "negative", "confidence": {"negative": 0.999141, "positive": 0.0003573999, "neutral": 0.0005015764}, "highlights": [{"offset": 15, "length": 18}]}]}