{"document": {"sentiment": "negative", "confidence": {"negative": 99.86308, "positive": 0.007151506, "neutral": 0.12976699}}, "sentences": [{"content": "\uc120\uc0dd\ub2d8\uc758 \uc9c8\ubb38\uc5d0 \uad1c\ud788 \ucc14\ub824\uc11c \ub0b4\uac00 \uad34\ub86d\ud788\ub294 \uce5c\uad6c\ub791 \uce5c\ud55c \ucc99\ud588\uc5b4.", "offset": 0, "length": 35, "sentiment": "negative", "confidence": {"negative": 0.99178493, "positive": 0.00042909035, "neutral": 0.0077860192}, "highlights": [{"offset": 16, "length": 18}]}]}