{"document": {"sentiment": "negative", "confidence": {"negative": 99.96969, "positive": 0.0075186584, "neutral": 0.02278957}}, "sentences": [{"content": "\uc2f8\uc6c0\uc744 \ub9d0\ub9ac\ub2e4\uac00 \uc624\ud788\ub824 \uc0c1\ud669\uc744 \uc548 \uc88b\uac8c \ub9cc\ub4e0 \uac83 \uac19\uc544 \ub9c8\uc74c\uc774 \ubb34\uac70\uc6cc.", "offset": 0, "length": 38, "sentiment": "negative", "confidence": {"negative": 0.9981816, "positive": 0.0004511195, "neutral": 0.0013673742}, "highlights": [{"offset": 27, "length": 10}]}]}