{"document": {"sentiment": "negative", "confidence": {"negative": 99.98019, "positive": 0.007332072, "neutral": 0.012479687}}, "sentences": [{"content": "\ub0a8\ud3b8\uc774 \ub098\uc5d0\uac8c \uc228\uae30\ub294 \uc77c\uc774 \ub9ce\uc544\uc838\uc11c \ud798\ub4e4\uc5b4.", "offset": 0, "length": 24, "sentiment": "negative", "confidence": {"negative": 0.99881124, "positive": 0.00043992433, "neutral": 0.0007487812}, "highlights": [{"offset": 0, "length": 23}]}]}