{"document": {"sentiment": "negative", "confidence": {"negative": 99.99363, "positive": 0.0029319867, "neutral": 0.0034381265}}, "sentences": [{"content": "\ub204\ub098\ub791 \uac19\uc774 \ub2e4\ub2d0 \ub54c \uc0ac\ub78c\ub4e4\uc774 \ub204\ub098\uc640 \ub098\ub97c \uc790\uafb8 \ubc88\uac08\uc544 \uccd0\ub2e4\ubcf4\ub294 \uac83 \uac19\uc544\uc11c \uae30\ubd84 \ub098\ube60.", "offset": 0, "length": 48, "sentiment": "negative", "confidence": {"negative": 0.9996178, "positive": 0.00017591921, "neutral": 0.00020628759}, "highlights": [{"offset": 42, "length": 5}]}]}