{"document": {"sentiment": "negative", "confidence": {"negative": 99.990616, "positive": 0.003240175, "neutral": 0.006146336}}, "sentences": [{"content": "\uac00\uace0 \uc2f6\ub358 \uae30\uc5c5\uc774 \uc788\uc5c8\ub294\ub370 \ucf54\ub85c\ub098 \ub54c\ubb38\uc5d0 \uae30\uc5c5\uc758 \uacf5\ucc44\uac00 \ucde8\uc18c\ub3fc\uc11c \uc815\ub9d0 \ub2f9\ud669\uc2a4\ub7ec\uc6cc.", "offset": 0, "length": 45, "sentiment": "negative", "confidence": {"negative": 0.9994368, "positive": 0.0001944105, "neutral": 0.00036878017}, "highlights": [{"offset": 23, "length": 21}]}]}