{"document": {"sentiment": "negative", "confidence": {"negative": 99.9935, "positive": 0.0022626056, "neutral": 0.0042405976}}, "sentences": [{"content": "\uc810\uc218\uc5d0 \ub9de\ucdb0\uc11c \ud559\uad50\uc640 \uc804\uacf5\uc744 \uc120\ud0dd\ud588\ub294\ub370 \ub9c8\uc74c\uc5d0 \uc548 \ub4e4\uc5b4\uc11c \uac71\uc815\uc774 \ucee4.", "offset": 0, "length": 38, "sentiment": "negative", "confidence": {"negative": 0.9996099, "positive": 0.00013575633, "neutral": 0.00025443587}, "highlights": [{"offset": 8, "length": 24}]}]}