{"document": {"sentiment": "negative", "confidence": {"negative": 99.915215, "positive": 0.060243234, "neutral": 0.024541011}}, "sentences": [{"content": "\uc655\ub530\ub97c \ub2f9\ud558\uace0 \uc788\uc5c8\ub294\ub370 \ub2e4\ub978 \ubb34\ub9ac \uce5c\uad6c\ub4e4\uc774 \ub098\uc5d0\uac8c \ub9d0\uc744 \uac78\uc5b4\uc918\uc11c \uc2e0\uc774 \ub098.", "offset": 0, "length": 41, "sentiment": "negative", "confidence": {"negative": 0.994913, "positive": 0.003614594, "neutral": 0.0014724607}, "highlights": [{"offset": 0, "length": 8}]}]}