{"document": {"sentiment": "positive", "confidence": {"negative": 0.03376858, "positive": 99.96087, "neutral": 0.0053615915}}, "sentences": [{"content": "\ud300 \ud504\ub85c\uc81d\ud2b8\uac00 \uc815\ub9d0 \uc131\uacf5\uc801\uc73c\ub85c \ub05d\ub098\uc11c \uae30\ubd84\uc774 \uc815\ub9d0 \uc88b\uc544.", "offset": 0, "length": 31, "sentiment": "positive", "confidence": {"negative": 0.0020261148, "positive": 0.99765223, "neutral": 0.0003216955}, "highlights": [{"offset": 11, "length": 10}]}]}