{"document": {"sentiment": "positive", "confidence": {"negative": 0.011024932, "positive": 99.98103, "neutral": 0.007939542}}, "sentences": [{"content": "\uc815\ub9d0 \uc6d0\ud558\ub358 \uc9c1\uc7a5\uc5d0 \ucde8\uc5c5\ud588\ub294\ub370 \uc5c5\ubb34\uac00 \ub108\ubb34 \ub9ce\uc544.", "offset": 0, "length": 27, "sentiment": "positive", "confidence": {"negative": 0.00066149596, "positive": 0.99886215, "neutral": 0.0004763725}, "highlights": [{"offset": 17, "length": 9}]}]}