{"document": {"sentiment": "neutral", "confidence": {"negative": 0.13840587, "positive": 0.08895949, "neutral": 99.77264}}, "sentences": [{"content": "\ub0b4\uac00 \uc544\ub294 \uce5c\uad6c \uc911\uc5d0 \uc774\ubc88 \ucf54\ub85c\ub098 \uc0ac\ud0dc\ub85c \uc778\ud574 \uc0ac\uc815\uc774 \uad49\uc7a5\ud788 \ub531\ud574\uc9c4 \uce5c\uad6c\uac00 \uc788\uc5b4.", "offset": 0, "length": 45, "sentiment": "neutral", "confidence": {"negative": 0.0013840589, "positive": 0.00088959496, "neutral": 0.9977264}, "highlights": [{"offset": 12, "length": 32}]}]}