{"document": {"sentiment": "positive", "confidence": {"negative": 0.0040552076, "positive": 99.984856, "neutral": 0.011086109}}, "sentences": [{"content": "\ub098 \uc0ac\uadc0\ub358 \uc5ec\uc790\uc640 \uc5f0\uc560 \uacb0\ud63c\ud558\uba74\uc11c \uc54c\uac8c \ub41c \uac70\uc9c0\ub9cc \uc7a5\uc778\uacfc \uc7a5\ubaa8\uac00 \uc804\uccb4\uc801\uc73c\ub85c \uc5ec\uc720\uac00 \uc788\uc73c\uc2e0 \ubd84\uc774\uc154\uc11c  \ub2e4\ud589\uc774\uc57c.", "offset": 0, "length": 61, "sentiment": "positive", "confidence": {"negative": 0.00024331245, "positive": 0.9990915, "neutral": 0.00066516653}, "highlights": [{"offset": 28, "length": 32}]}]}