{"document": {"sentiment": "negative", "confidence": {"negative": 99.96238, "positive": 0.006094703, "neutral": 0.031525742}}, "sentences": [{"content": "\uc544\ube60\uac00 \ud1f4\uadfc\uae38\uc5d0 \uce58\ud0a8\uc744 \uc0ac \uc624\uc168\ub294\ub370 \uc5c4\ub9c8\ub294 \ub0b4\uac00 \uc544\ube60\ud55c\ud14c \uc878\ub77c\uc11c \uc0ac\uc628 \uc904 \uc54c\uc544\uc11c \ub108\ubb34 \uc5b5\uc6b8\ud574.", "offset": 0, "length": 52, "sentiment": "negative", "confidence": {"negative": 0.9977428, "positive": 0.00036568218, "neutral": 0.0018915446}, "highlights": [{"offset": 20, "length": 31}]}]}