{"document": {"sentiment": "negative", "confidence": {"negative": 99.977646, "positive": 0.008441612, "neutral": 0.013909478}}, "sentences": [{"content": "\ub0b4\uac00 \ud3c9\uc18c\uc5d0 \ub9d0\uc774 \uc880 \ud5d8\ud55c\ub370 \ubb34\uc11c\uc6b4 \ud300\uc7a5\ub2d8 \uc55e\uc5d0\uc11c \ub9d0\uc2e4\uc218\ud560\uae4c \ubd10 \uac71\uc815\uc774\uc57c.", "offset": 0, "length": 41, "sentiment": "negative", "confidence": {"negative": 0.9986589, "positive": 0.0005064967, "neutral": 0.00083456864}, "highlights": [{"offset": 16, "length": 24}]}]}