{"document": {"sentiment": "negative", "confidence": {"negative": 99.983475, "positive": 0.0069951434, "neutral": 0.009533549}}, "sentences": [{"content": "\uc774\ubc88\uc5d0\ub3c4 \ucde8\uc5c5\uc5d0 \uc2e4\ud328\ud588\ub294\ub370 \uac00\uc871\ub4e4\uc774 \ub098\ub97c \uc5b4\ub5bb\uac8c \uc0dd\uac01\ud560\uae4c \uac71\uc815\ub3fc.", "offset": 0, "length": 36, "sentiment": "negative", "confidence": {"negative": 0.99900836, "positive": 0.0004197086, "neutral": 0.0005720129}, "highlights": [{"offset": 0, "length": 35}]}]}