{"document": {"sentiment": "negative", "confidence": {"negative": 99.982834, "positive": 0.0043520904, "neutral": 0.012811076}}, "sentences": [{"content": "\uc26c\ub294 \uc2dc\uac04\uc5d0 \uc120\uc0dd\ub2d8 \ubab0\ub798 \uac19\uc740 \ubc18 \uc560\ub4e4\uc774 \uce5c\uad6c\ub97c \ub54c\ub9ac\ub294 \uac78 \ubd10\uc11c \ud654\uac00 \ub0ac\uc5b4.", "offset": 0, "length": 42, "sentiment": "negative", "confidence": {"negative": 0.99897015, "positive": 0.00026112542, "neutral": 0.0007686645}, "highlights": [{"offset": 36, "length": 5}]}]}