{"document": {"sentiment": "positive", "confidence": {"negative": 0.003545448, "positive": 99.99277, "neutral": 0.0036837584}}, "sentences": [{"content": "\uc544\ube60\ub294 \uc8fc\ub9d0\ub9c8\ub2e4 \ub9db\uc788\ub294 \uc694\ub9ac\ub97c \ud574\uc8fc\uc154\uc11c \ub108\ubb34 \uc88b\uc544.", "offset": 0, "length": 28, "sentiment": "positive", "confidence": {"negative": 0.00021272688, "positive": 0.99956626, "neutral": 0.0002210255}, "highlights": [{"offset": 0, "length": 22}]}]}