{"document": {"sentiment": "negative", "confidence": {"negative": 99.975784, "positive": 0.005429409, "neutral": 0.018787082}}, "sentences": [{"content": "\ub3d9\uae30\uac00 \uc6b8\uba74\uc11c \ub098\uac14\ub294\ub370 \ubb34\uc2a8 \uc77c\uc778\uc9c0 \uac71\uc815\ub418\ub124.", "offset": 0, "length": 25, "sentiment": "negative", "confidence": {"negative": 0.9985469, "positive": 0.00032576453, "neutral": 0.0011272249}, "highlights": [{"offset": 13, "length": 11}]}]}