{"document": {"sentiment": "negative", "confidence": {"negative": 99.97642, "positive": 0.0046721217, "neutral": 0.018907897}}, "sentences": [{"content": "\uc544\ub0b4\uac00 \uc545\uc758\uc801\uc73c\ub85c \ub2e4\ub978 \uac00\uc871\ub4e4\uc5d0\uac8c \ub098\uc5d0\uac8c \ubd88\ub9ac\ud55c \uc774\uc57c\uae30\ub97c \ud574.", "offset": 0, "length": 34, "sentiment": "negative", "confidence": {"negative": 0.9985852, "positive": 0.0002803273, "neutral": 0.0011344738}, "highlights": [{"offset": 0, "length": 33}]}]}