{"document": {"sentiment": "negative", "confidence": {"negative": 99.956795, "positive": 0.0101375915, "neutral": 0.03306593}}, "sentences": [{"content": "\ub098\ub294 \ub0b4\uac00 \ubb58 \ud558\uace0 \uc2f6\uc740\uc9c0 \uc5b4\ub290 \ub300\ud559\uc5d0 \uac00\uace0 \uc2f6\uc740\uc9c0 \uc798 \ubab0\ub77c\uc11c \ud63c\ub780\uc2a4\ub7fd\uace0 \ubd88\uc548\ud574.", "offset": 0, "length": 45, "sentiment": "negative", "confidence": {"negative": 0.99740773, "positive": 0.0006082555, "neutral": 0.0019839557}, "highlights": [{"offset": 35, "length": 9}]}]}