{"document": {"sentiment": "neutral", "confidence": {"negative": 0.39962763, "positive": 0.055378158, "neutral": 99.54499}}, "sentences": [{"content": "\uc5b4\uc81c \uce5c\ud55c \ud6c4\ubc30\uac00 \uc218\uc5c5 \uad00\ub828\ud574\uc11c \uc790\ub8cc\ub97c \uc694\uccad\ud588\ub294\ub370 \ub0b4\uac00 \ub108\ubb34 \ubc14\ube60\uc11c \uac70\uc808\ud588\uc5b4.", "offset": 0, "length": 43, "sentiment": "neutral", "confidence": {"negative": 0.0039962763, "positive": 0.0005537816, "neutral": 0.99544996}, "highlights": [{"offset": 0, "length": 42}]}]}