{"document": {"sentiment": "negative", "confidence": {"negative": 99.987656, "positive": 0.0061333044, "neutral": 0.0062082773}}, "sentences": [{"content": "\ub300\ud559\uad50\uc5d0 \uc785\ud559\ud588\ub294\ub370 \ub3d9\uae30\ub4e4\uc5d0\uac8c \ub9d0 \ud55c\ub9c8\ub514 \ubabb \ud558\ub294 \ub0b4\uac00 \ub108\ubb34 \ud55c\uc2ec\ud574.", "offset": 0, "length": 38, "sentiment": "negative", "confidence": {"negative": 0.99925953, "positive": 0.00036799826, "neutral": 0.00037249664}, "highlights": [{"offset": 28, "length": 9}]}]}