{"document": {"sentiment": "positive", "confidence": {"negative": 0.032888416, "positive": 99.96141, "neutral": 0.005699216}}, "sentences": [{"content": "\uc6b0\ub9ac \ud559\uad50 \uc120\ubc30 \uc911\uc5d0 \ubbff\uc744 \uc218 \uc788\ub294 \uc120\ubc30\uac00 \uc788\uc5b4\uc11c \uc815\ub9d0 \ud589\ubcf5\ud574.", "offset": 0, "length": 35, "sentiment": "positive", "confidence": {"negative": 0.001973305, "positive": 0.9976847, "neutral": 0.00034195295}, "highlights": [{"offset": 12, "length": 22}]}]}