{"document": {"sentiment": "negative", "confidence": {"negative": 99.995735, "positive": 0.0014090603, "neutral": 0.0028569186}}, "sentences": [{"content": "\uc694\uc998 \uc544\ub4e4\uc774 \uc885\uc885 \ub098\ub97c \ub2e4\ub978 \uc9d1 \uc544\ube60\ub791 \ube44\uad50\ud558\ub294 \uac8c \ubd88\ud3b8\ud574.", "offset": 0, "length": 33, "sentiment": "negative", "confidence": {"negative": 0.9997441, "positive": 8.454362e-05, "neutral": 0.00017141511}, "highlights": [{"offset": 16, "length": 16}]}]}