{"document": {"sentiment": "negative", "confidence": {"negative": 99.98162, "positive": 0.007511981, "neutral": 0.010863827}}, "sentences": [{"content": "\ub0b4\uac00 \uadf8 \ub3d9\uc548 \ud559\uad50\ub97c \ub2e4\ub2c8\uba74\uc11c \ub2e4\ub978 \uc560\ub4e4\uc744 \uad34\ub86d\ud788\uace0 \ub530\ub3cc\ub9b0 \uac78 \ub9ce\uc774 \ud6c4\ud68c\ud558\uace0 \uc788\uc5b4.", "offset": 0, "length": 46, "sentiment": "negative", "confidence": {"negative": 0.99889743, "positive": 0.00045071886, "neutral": 0.0006518296}, "highlights": [{"offset": 17, "length": 26}]}]}