{"document": {"sentiment": "negative", "confidence": {"negative": 99.978676, "positive": 0.007873586, "neutral": 0.013449357}}, "sentences": [{"content": "\ud68c\uc0ac\uc5d0\uc11c \uc138\ub300 \ucc28\uc774\ub85c \uc790\uc8fc \uac08\ub4f1\uc774 \uc788\uc5b4\uc11c \ud798\ub4e4\uc5b4.", "offset": 0, "length": 27, "sentiment": "negative", "confidence": {"negative": 0.9987206, "positive": 0.00047241518, "neutral": 0.0008069614}, "highlights": [{"offset": 15, "length": 11}]}]}