{"document": {"sentiment": "positive", "confidence": {"negative": 0.019487666, "positive": 99.971146, "neutral": 0.009366609}}, "sentences": [{"content": "\ud3c9\uc18c\uc5d0 \ub098\uc5d0\uac8c \ud654\ub9cc \ub0c8\ub358 \uc0c1\uc0ac\uac00 \uc624\ub298 \ucc98\uc74c\uc73c\ub85c \uc5c5\ubb34\ub97c \uc798\ud588\ub2e4\uba70 \uce6d\ucc2c\uc744 \ud574\uc92c\uc5b4.", "offset": 0, "length": 43, "sentiment": "positive", "confidence": {"negative": 0.00116926, "positive": 0.9982687, "neutral": 0.00056199654}, "highlights": [{"offset": 35, "length": 7}]}]}