{"document": {"sentiment": "negative", "confidence": {"negative": 99.97131, "positive": 0.0068330015, "neutral": 0.021850482}}, "sentences": [{"content": "\ubc29\ud559\uc774 \ub05d\ub098\uba74 \ub610 \uad34\ub86d\ud798\uc744 \ub2f9\ud560\uae4c \ubd10 \ub450\ub824\uc6cc.", "offset": 0, "length": 25, "sentiment": "negative", "confidence": {"negative": 0.998279, "positive": 0.0004099801, "neutral": 0.0013110288}, "highlights": [{"offset": 0, "length": 24}]}]}