{"document": {"sentiment": "negative", "confidence": {"negative": 99.98685, "positive": 0.007086795, "neutral": 0.0060690693}}, "sentences": [{"content": "\uc9c1\uc7a5 \ub3d9\ub8cc\ub97c \ub108\ubb34 \uc548\uc774\ud558\uac8c \ub300\ud588\ub358 \uac70 \uac19\uc544 \ub9c8\uc74c\uc774 \uc88b\uc9c0 \uc54a\uc544.", "offset": 0, "length": 34, "sentiment": "negative", "confidence": {"negative": 0.9992106, "positive": 0.0004252077, "neutral": 0.00036414416}, "highlights": [{"offset": 0, "length": 33}]}]}