{"document": {"sentiment": "negative", "confidence": {"negative": 99.98946, "positive": 0.0038466125, "neutral": 0.0066919695}}, "sentences": [{"content": "\ub0a8\ud3b8\uc774 \uac11\uc790\uae30 \uc4f0\ub7ec\uc838\uc11c \ub108\ubb34\ub098 \ube44\ud1b5\ud55c \uc2ec\uc815\uc774\uc57c.", "offset": 0, "length": 26, "sentiment": "negative", "confidence": {"negative": 0.9993678, "positive": 0.00023079675, "neutral": 0.00040151816}, "highlights": [{"offset": 0, "length": 25}]}]}