{"document": {"sentiment": "neutral", "confidence": {"negative": 0.052261822, "positive": 0.8412781, "neutral": 99.10646}}, "sentences": [{"content": "\uc544\uc774\uc5d0 \ub300\ud55c \uc544\ub0b4\uc640\uc758 \uc758\uacac\uc740 \ud56d\uc0c1 \uc77c\uce58\ud558\ub294 \ud3b8\uc774\uc57c.", "offset": 0, "length": 28, "sentiment": "neutral", "confidence": {"negative": 0.0005226182, "positive": 0.00841278, "neutral": 0.99106455}, "highlights": [{"offset": 19, "length": 8}]}]}