{"document": {"sentiment": "neutral", "confidence": {"negative": 0.012458992, "positive": 0.018972633, "neutral": 99.96857}}, "sentences": [{"content": "\uce5c\uad6c \uc0dd\uc77c\uc5d0 \uae5c\uc9dd \ucd95\ud558\ub97c \ud574\uc8fc\ub824\uace0 \uc9d1 \uc55e\uc5d0\uc11c \uac14\ub294\ub370 \ub2e4\ub978 \uce5c\uad6c\uc640 \ub180\uace0 \uc788\ub300.", "offset": 0, "length": 42, "sentiment": "neutral", "confidence": {"negative": 0.00012458993, "positive": 0.00018972634, "neutral": 0.99968576}, "highlights": [{"offset": 29, "length": 12}]}]}