{"document": {"sentiment": "negative", "confidence": {"negative": 99.975426, "positive": 0.009863239, "neutral": 0.014712265}}, "sentences": [{"content": "\uc6b0\ub9ac \ubd80\ubaa8\ub2d8\uc740 \ub098\ub97c \uc0ac\ub791\ud558\uc9c0 \uc54a\ub294 \uac83 \uac19\uc544\uc11c \ub9c8\uc74c\uc774 \uc544\ud30c.", "offset": 0, "length": 32, "sentiment": "negative", "confidence": {"negative": 0.99852544, "positive": 0.0005917943, "neutral": 0.0008827359}, "highlights": [{"offset": 25, "length": 6}]}]}