{"document": {"sentiment": "negative", "confidence": {"negative": 99.990746, "positive": 0.0036886777, "neutral": 0.005568786}}, "sentences": [{"content": "\ud2c8\ub9cc \ub098\uba74 \ub098\ub97c \ub54c\ub9ac\ub294 \uce5c\uad6c\uac00 \uc788\uc5b4\uc11c \uc778\uc801\uc774 \ub4dc\ubb38 \uae38\ub85c \uac78\uc5b4 \ub2e4\ub140\uc57c \ud574\uc11c \ubd88\uc548\ud574.", "offset": 0, "length": 45, "sentiment": "negative", "confidence": {"negative": 0.99944454, "positive": 0.00022132066, "neutral": 0.00033412717}, "highlights": [{"offset": 21, "length": 23}]}]}