{"document": {"sentiment": "negative", "confidence": {"negative": 99.97716, "positive": 0.005037579, "neutral": 0.017802952}}, "sentences": [{"content": "\uc774\ubc88 \uc778\uc0ac\ucca0\uc5d0 \uc6b0\ub9ac \ubd80\uc11c\uc6d0\ub4e4\uc740 \ub2e4 \uc2b9\uc9c4\ud588\ub294\ub370 \ub098\ub9cc \uc2b9\uc9c4\uc5d0\uc11c \ub204\ub77d\ub418\uc5c8\uc5b4.", "offset": 0, "length": 39, "sentiment": "negative", "confidence": {"negative": 0.99862957, "positive": 0.00030225475, "neutral": 0.0010681772}, "highlights": [{"offset": 0, "length": 38}]}]}