{"document": {"sentiment": "positive", "confidence": {"negative": 0.14196432, "positive": 97.40309, "neutral": 2.4549477}}, "sentences": [{"content": "\uc9c0\uae08 \uac00\uc871\ub4e4\uc774\ub791 \uc5ec\ub984\ubc29\ud559 \ub9de\uc544\uc11c \ucea0\ud551 \uc640\uc788\ub294\ub370 \ub108\ubb34 \ud589\ubcf5\ud574.", "offset": 0, "length": 33, "sentiment": "positive", "confidence": {"negative": 0.00010384194, "positive": 0.99982953, "neutral": 6.6621295e-05}, "highlights": [{"offset": 26, "length": 6}]}, {"content": " \uc9c4\uc9dc \uc774\ub300\ub85c \uc601\uc6d0\ud788 \uc788\uace0\uc2f6\ub2e4.", "offset": 33, "length": 17, "sentiment": "positive", "confidence": {"negative": 0.016931877, "positive": 0.688541, "neutral": 0.2945271}, "highlights": [{"offset": 1, "length": 13}]}]}