{"document": {"sentiment": "negative", "confidence": {"negative": 99.978226, "positive": 0.0073286444, "neutral": 0.014442185}}, "sentences": [{"content": "\uc9c1\uc7a5\uc5d0\uc11c \uc624\ub298 \uc2e4\uc218\ub97c \ud55c \uac8c \uc788\uc5b4\uc11c \uc2eb\uc740 \uc18c\ub9ac\ub97c \ub4e4\uc5c8\uc5b4. \ub0b4\uac00 \uc2e4\uc218\ud55c \uac74 \ub9de\uc9c0\ub9cc \uc9c4\uc9dc \uc0c1\ucc98\ubc1b\uc558\uc5b4.", "offset": 0, "length": 54, "sentiment": "negative", "confidence": {"negative": 0.9986939, "positive": 0.0004397187, "neutral": 0.0008665311}, "highlights": [{"offset": 45, "length": 8}]}]}