{"document": {"sentiment": "negative", "confidence": {"negative": 99.9916, "positive": 0.0022874596, "neutral": 0.0061140913}}, "sentences": [{"content": "\ud558\ub8e8 \uc885\uc77c \ubc00\ub9b0 \uc9d1\uc548\uc77c\ud558\ub290\ub77c \ubc14\uc05c\ub370 \ub538\uc774 \uc2ec\uc2ec\ud558\ub2e4\uace0 \uadc0\ucc2e\uac8c \uad6c\ub2c8\uae4c \ud654\uac00 \ub098.", "offset": 0, "length": 42, "sentiment": "negative", "confidence": {"negative": 0.99949586, "positive": 0.00013724757, "neutral": 0.00036684546}, "highlights": [{"offset": 20, "length": 21}]}]}