{"document": {"sentiment": "negative", "confidence": {"negative": 99.9771, "positive": 0.0073664645, "neutral": 0.0155398315}}, "sentences": [{"content": "\uc54c\ucf54\uc62c \uc911\ub3c5\uc744 \uc553\uace0 \uc788\ub294\ub370 \uc8fc\ubcc0\uc5d0\uc11c \uc220\uc744 \uad8c\ud558\uba74 \ub098\ub3c4 \ubaa8\ub974\uac8c \ub9c8\uc2dc\uace0 \uc2f6\uc5b4\uc838\uc11c \uc548\ub2ec\uc774 \ub098.", "offset": 0, "length": 49, "sentiment": "negative", "confidence": {"negative": 0.99862564, "positive": 0.00044198788, "neutral": 0.00093238987}, "highlights": [{"offset": 27, "length": 21}]}]}