{"document": {"sentiment": "negative", "confidence": {"negative": 99.96062, "positive": 0.006988389, "neutral": 0.03239081}}, "sentences": [{"content": "\uc791\ub144 \ub3d9\uc548 \ub098\ub97c \ub530\ub3cc\ub9ac\ub358 \uadf8 \uce5c\uad6c\uac00 \ub098\ub97c \ub530\ub3cc\ub838\ub2e4\ub294 \uc798\ubabb\uc744 \uc778\uc815\uc744 \uc548 \ud574\uc11c \uc624\ub298 \uc815\ub9d0 \ud654\uac00 \uce58\ubc00\uc5c8\uc5b4.", "offset": 0, "length": 56, "sentiment": "negative", "confidence": {"negative": 0.9976373, "positive": 0.00041930334, "neutral": 0.0019434486}, "highlights": [{"offset": 14, "length": 41}]}]}