{"document": {"sentiment": "negative", "confidence": {"negative": 99.91379, "positive": 0.005464423, "neutral": 0.08074746}}, "sentences": [{"content": "\ud559\uad50\uc5d0\uc11c \ub530\ub3cc\ub9bc\uc744 \ub2f9\ud558\uace0 \uc788\ub2e4\ub294 \uac78 \ud615\uc5d0\uac8c \ub4e4\ucf1c\ubc84\ub838\uc5b4.", "offset": 0, "length": 30, "sentiment": "negative", "confidence": {"negative": 0.9976519, "positive": 0.00028477045, "neutral": 0.0020634502}, "highlights": [{"offset": 14, "length": 15}]}, {"content": " \ucc3d\ud53c\ud574\uc11c \uac00\uc871\uc5d0\uac8c\ub294 \uc54c\ub824\uc9c0\uc9c0 \uc54a\uac8c \ub178\ub825\ud588\ub294\ub370.", "offset": 30, "length": 26, "sentiment": "negative", "confidence": {"negative": 0.99200284, "positive": 0.00037096033, "neutral": 0.0076262457}, "highlights": [{"offset": 1, "length": 5}]}]}