{"document": {"sentiment": "negative", "confidence": {"negative": 98.69054, "positive": 0.016424462, "neutral": 1.293039}}, "sentences": [{"content": "\uc774\ubc88\uc5d0 \uac15\ub0a8 \uc544\ud30c\ud2b8\ub97c \uc0c0\uc5b4\uc57c \ud588\ub294\ub370 \uc774\ubbf8 \ub2a6\uc740 \uac70 \uac19\uc544 \uc5b4\uca54 \uc904 \ubaa8\ub974\uaca0\uc5b4.", "offset": 0, "length": 41, "sentiment": "negative", "confidence": {"negative": 0.9214322, "positive": 0.0009854677, "neutral": 0.07758234}, "highlights": [{"offset": 20, "length": 20}]}]}