{"document": {"sentiment": "neutral", "confidence": {"negative": 0.11285296, "positive": 0.65146476, "neutral": 99.23568}}, "sentences": [{"content": "\uc774\ubc88 \uba85\uc808\uc5d4 \uc544\ub0b4\ub791 \ub450 \ub538\uacfc \ud568\uaed8 \uc2dc\uace8\uc5d0 \ub0b4\ub824\uac14\ub294\ub370 \uac10\ud68c\uac00 \uc0c8\ub85c\uc6e0\uc5b4.", "offset": 0, "length": 38, "sentiment": "neutral", "confidence": {"negative": 0.0011285295, "positive": 0.006514647, "neutral": 0.9923568}, "highlights": [{"offset": 29, "length": 8}]}]}