{"document": {"sentiment": "negative", "confidence": {"negative": 99.98675, "positive": 0.0056538945, "neutral": 0.0076014455}}, "sentences": [{"content": "\uc640\uc774\ud504\uac00 \ud68c\uc0ac\uc5d0\uc11c \uc798\ub838\ub294\ub370 \uad6c\uc9c1\ud65c\ub3d9\uc744 \uc548 \ud558\uace0 \ub180\uae30\ub9cc \ud558\ub124.", "offset": 0, "length": 33, "sentiment": "negative", "confidence": {"negative": 0.9992047, "positive": 0.00033923367, "neutral": 0.00045608674}, "highlights": [{"offset": 15, "length": 17}]}]}