{"document": {"sentiment": "negative", "confidence": {"negative": 99.97323, "positive": 0.0034143627, "neutral": 0.023354476}}, "sentences": [{"content": "\uadfc\ubb34 \uc911 \uc0ac\ub78c\uc774 \ub2e4\ucce4\uc73c\uba74 \uc0b0\uc7ac \ucc98\ub9ac\ub97c \ud574\uc57c \ud558\ub294\ub370 \ud68c\uc0ac\ub294 \uadf8\uac78 \uac70\ubd80\ud558\uace0 \uc788\uc5b4.", "offset": 0, "length": 43, "sentiment": "negative", "confidence": {"negative": 0.99839383, "positive": 0.00020486176, "neutral": 0.0014012685}, "highlights": [{"offset": 28, "length": 12}]}]}