{"document": {"sentiment": "negative", "confidence": {"negative": 99.99928, "positive": 0.00039436374, "neutral": 0.00032227728}}, "sentences": [{"content": "\uac00\uc871\uacfc \uac19\uc774 \ucc28\ub97c \ud0c0\uace0 \uc5ec\ud589 \uac00\ub294\ub370 \uc544\ube60\uac00 \uc6b4\uc804\uc744 \ud5d8\ud558\uac8c \ud560 \ub54c\ub9c8\ub2e4 \uc0ac\uace0\uac00 \ub0a0\uae4c \ubd10 \ub450\ub835\uace0 \ubb34\uc11c\uc6cc.", "offset": 0, "length": 55, "sentiment": "negative", "confidence": {"negative": 0.9999571, "positive": 2.3661825e-05, "neutral": 1.9336638e-05}, "highlights": [{"offset": 38, "length": 16}]}]}