{"document": {"sentiment": "negative", "confidence": {"negative": 99.99949, "positive": 0.00023489208, "neutral": 0.00027508035}}, "sentences": [{"content": "\uc2e0\ud63c\uc5ec\ud589\uc744 \uc900\ube44\ud558\ub294\ub370 \uc11c\ub85c \uc758\uacac\uc774 \ub9de\uc9c0 \uc54a\uc544\uc11c \uac71\uc815\ub3fc.", "offset": 0, "length": 30, "sentiment": "negative", "confidence": {"negative": 0.9999695, "positive": 1.4093525e-05, "neutral": 1.6504822e-05}, "highlights": [{"offset": 15, "length": 14}]}]}