{"document": {"sentiment": "negative", "confidence": {"negative": 99.984634, "positive": 0.0064438703, "neutral": 0.008918545}}, "sentences": [{"content": "\uc7ac\uc815\uc774 \uc548 \uc88b\uc73c\ub2c8 \ub098\uc05c \uc0dd\uac01\ub9cc \ud558\ub2e4\uac00 \uacb0\uad6d \uc77c\uc744 \uc800\uc9c8\ub800\uc5b4.", "offset": 0, "length": 32, "sentiment": "negative", "confidence": {"negative": 0.99907136, "positive": 0.00031004302, "neutral": 0.0006186504}, "highlights": [{"offset": 24, "length": 7}]}, {"content": " \uadf8\ub7f0\ub370 \ub3cc\uc774\ucf1c \uc0dd\uac01\ud558\ub2c8 \ub098 \uc790\uc2e0\uc774 \ub108\ubb34 \ud610\uc624\uc2a4\ub7ec\uc6cc.", "offset": 32, "length": 29, "sentiment": "negative", "confidence": {"negative": 0.9990852, "positive": 0.0004632214, "neutral": 0.00045157506}, "highlights": [{"offset": 9, "length": 19}]}]}