{"document": {"sentiment": "neutral", "confidence": {"negative": 0.02794186, "positive": 0.015172368, "neutral": 99.95689}}, "sentences": [{"content": "\ub0b4 \uce5c\uad6c\uac00 \uc0ac\uc2ed \ub300\uc5d0 \uacb0\ud63c\ud574\uc11c \uc544\uc774\ub97c \uac00\uc9c0\uace0 \uc2f6\uc5b4 \ud558\ub294\ub370 \uc798 \uc0dd\uae30\uc9c0 \uc54a\uc544\uc11c \uac71\uc815\uc774\ub798.", "offset": 0, "length": 47, "sentiment": "neutral", "confidence": {"negative": 0.0002794186, "positive": 0.00015172368, "neutral": 0.9995689}, "highlights": [{"offset": 32, "length": 14}]}]}