{"document": {"sentiment": "neutral", "confidence": {"negative": 0.0025531373, "positive": 0.030730275, "neutral": 99.96671}}, "sentences": [{"content": "\ub0b4 \uce5c\uad6c\ub294 \ud56d\uc0c1 \uc790\uae30 \ub0a8\uc790 \uce5c\uad6c\ud55c\ud14c \uc88b\uc740 \uc120\ubb3c\uc744 \ubc1b\ub294\ub370 \ub0b4 \ub0a8\uc790 \uce5c\uad6c\ub294 \ucde8\uc5c5 \uc900\ube44 \uc911\uc774\uc57c.", "offset": 0, "length": 50, "sentiment": "neutral", "confidence": {"negative": 2.5531372e-05, "positive": 0.00030730275, "neutral": 0.99966717}, "highlights": [{"offset": 31, "length": 18}]}]}