{"document": {"sentiment": "negative", "confidence": {"negative": 85.71847, "positive": 0.01945142, "neutral": 14.262077}}, "sentences": [{"content": "\ub0b4\uac00 \uc5b4\ub9b4 \ub54c \uc544\ube60\uac00 \ub3cc\uc544\uac00\uc154\uc11c \uc5c4\ub9c8\uac00 \uc0dd\ud65c\uc804\uc120\uc5d0 \ub6f0\uc5b4 \ub4dc\uc168\uc5b4.", "offset": 0, "length": 35, "sentiment": "neutral", "confidence": {"negative": 0.00074470555, "positive": 0.0011982218, "neutral": 0.99805707}, "highlights": [{"offset": 18, "length": 13}]}, {"content": " \uadf8\ub7f0\ub370 \uc694\uc998 \uc5c4\ub9c8\uc758 \ub4b7\ubaa8\uc2b5\uc774 \uc678\ub85c\uc6cc \ubcf4\uc5ec.", "offset": 35, "length": 24, "sentiment": "negative", "confidence": {"negative": 0.99954826, "positive": 0.00016337768, "neutral": 0.00028835688}, "highlights": [{"offset": 5, "length": 18}]}]}