{"document": {"sentiment": "negative", "confidence": {"negative": 99.97435, "positive": 0.0063914587, "neutral": 0.019260405}}, "sentences": [{"content": "\uc5b4\uc81c \uc5c4\ub9c8\ub791 \uc2f8\uc6e0\ub294\ub370 \uc544\uc9c1\ub3c4 \ud654\ud574\ub97c \ubabb \ud574\uc11c \ud798\ub4e4\uc5b4.", "offset": 0, "length": 29, "sentiment": "negative", "confidence": {"negative": 0.9984609, "positive": 0.00038348752, "neutral": 0.0011556243}, "highlights": [{"offset": 16, "length": 12}]}]}