{"document": {"sentiment": "positive", "confidence": {"negative": 0.024814649, "positive": 99.9591, "neutral": 0.016088158}}, "sentences": [{"content": "\uc624\ub298 \uc131\uc801\ud45c\uac00 \ub098\uc654\ub294\ub370 \uae30\ub300\ud55c \uac83 \ubcf4\ub2e4 \ub192\uc740 \uc810\uc218\ub97c \ubc1b\uc558\uc5b4.", "offset": 0, "length": 33, "sentiment": "positive", "confidence": {"negative": 0.0014888789, "positive": 0.9975458, "neutral": 0.0009652895}, "highlights": [{"offset": 13, "length": 19}]}]}