{"document": {"sentiment": "negative", "confidence": {"negative": 99.98733, "positive": 0.007127825, "neutral": 0.0055446583}}, "sentences": [{"content": "\uc544\ube60\uac00 \uac00\ub054 \uc5c4\ub9c8\ud55c\ud14c \uc57c\ub2e8\uc744 \ub9de\ub294\ub370 \ucca0\uc774 \uc5c6\uc5b4 \ubcf4\uc5ec \ud55c\uc2ec\ud574.", "offset": 0, "length": 33, "sentiment": "negative", "confidence": {"negative": 0.9992397, "positive": 0.00042766953, "neutral": 0.0003326795}, "highlights": [{"offset": 20, "length": 12}]}]}