{"document": {"sentiment": "negative", "confidence": {"negative": 99.986115, "positive": 0.0076010856, "neutral": 0.006285355}}, "sentences": [{"content": "\uafc8\uc774 \uc5c6\ub294\ub370 \ud559\uad50\uc5d0\uc11c\ub294 \uc790\uafb8 \ud76c\ub9dd \uc9c4\ub85c\ub97c \uc801\uc5b4 \ub0b4\ub77c\uace0 \ud574\uc11c \uc9dc\uc99d\uc774 \ub098.", "offset": 0, "length": 39, "sentiment": "negative", "confidence": {"negative": 0.99916685, "positive": 0.00045606514, "neutral": 0.0003771213}, "highlights": [{"offset": 16, "length": 22}]}]}