{"document": {"sentiment": "negative", "confidence": {"negative": 99.99529, "positive": 0.002401137, "neutral": 0.0023051267}}, "sentences": [{"content": "\uc694\uc998 \uac74\uac15\uc774 \ub108\ubb34 \uc548 \uc88b\uc544\uc9c4 \uac83 \uac19\uc544.", "offset": 0, "length": 21, "sentiment": "negative", "confidence": {"negative": 0.99971753, "positive": 0.00014406822, "neutral": 0.0001383076}, "highlights": [{"offset": 0, "length": 20}]}]}