{"document": {"sentiment": "negative", "confidence": {"negative": 99.99112, "positive": 0.0028712682, "neutral": 0.0060082283}}, "sentences": [{"content": "\uce5c\uad6c\ub4e4\uacfc \ubaa8\uc5ec \uc870\ubcc4\uacfc\uc81c\ub97c \uac19\uc774 \ud588\ub294\ub370 \ub098 \ud63c\uc790\ub9cc \ub2e4\ub978 \uc810\uc218\uac00 \ub098\uc640\uc11c \ud63c\ub780\uc2a4\ub7fd\uace0 \ub2f9\ud669\uc2a4\ub7ec\uc6cc.", "offset": 0, "length": 50, "sentiment": "negative", "confidence": {"negative": 0.9994672, "positive": 0.0001722761, "neutral": 0.0003604937}, "highlights": [{"offset": 38, "length": 11}]}]}