{"document": {"sentiment": "negative", "confidence": {"negative": 99.978325, "positive": 0.007808194, "neutral": 0.013866553}}, "sentences": [{"content": "\uc548\uba74\ub3c4 \uc5c6\ub294 \uac83 \uac19\uc740 \uc774 \ub300\ub9ac\uac00 \ub098\uc5d0\uac8c \uace0\ubc31\uc744 \ud588\ub294\ub370 \uc5b4\ucc0c\ud574\uc57c \ud560\uc9c0 \ud63c\ub780\uc2a4\ub7fd\ub124.", "offset": 0, "length": 44, "sentiment": "negative", "confidence": {"negative": 0.99869955, "positive": 0.00046849163, "neutral": 0.0008319932}, "highlights": [{"offset": 0, "length": 30}]}]}