{"document": {"sentiment": "positive", "confidence": {"negative": 0.0062543354, "positive": 99.98699, "neutral": 0.006755391}}, "sentences": [{"content": "\ub098 \uc774\uc81c \uacf5\ubd80\ub97c \ud574\ubcf4\ub824\uace0 \ubb38\uc81c\uc9d1\ub3c4 \uc0ac\uace0 \uc2dc\uc791\ud588\ub294\ub370 \uc0bc \ub4f1\uae09\uc73c\ub85c \uc62c\ub77c\uc11c \ub108\ubb34 \uae30\ubed0!", "offset": 0, "length": 45, "sentiment": "positive", "confidence": {"negative": 0.00037526013, "positive": 0.9992194, "neutral": 0.00040532346}, "highlights": [{"offset": 30, "length": 14}]}]}