{"document": {"sentiment": "negative", "confidence": {"negative": 99.899315, "positive": 0.011532388, "neutral": 0.089153215}}, "sentences": [{"content": "\uc5b4\uc81c \ub300\ud559 \ub3d9\ucc3d \ubaa8\uc784\uc5d0 \ub2e4\ub140\uc654\ub294\ub370 \ubb54\uac00 \ub418\uac8c \ud68c\uc758\uac00 \ub290\uaef4\uc9c0\ub124.", "offset": 0, "length": 34, "sentiment": "negative", "confidence": {"negative": 0.99395883, "positive": 0.0006919433, "neutral": 0.005349193}, "highlights": [{"offset": 19, "length": 14}]}]}