{"document": {"sentiment": "negative", "confidence": {"negative": 99.99903, "positive": 0.00033754698, "neutral": 0.00063002994}}, "sentences": [{"content": "\ub0b4 \uc2e0\ub791\uc740 \uc815\ub9d0 \uc81c\ub300\ub85c \ud558\ub294 \uac8c \ud558\ub098\ub3c4 \uc5c6\uc5b4!", "offset": 0, "length": 25, "sentiment": "negative", "confidence": {"negative": 0.99994195, "positive": 2.0252819e-05, "neutral": 3.7801798e-05}, "highlights": [{"offset": 0, "length": 24}]}]}