{"document": {"sentiment": "negative", "confidence": {"negative": 99.972015, "positive": 0.0063054617, "neutral": 0.021682572}}, "sentences": [{"content": "\uc694\uc998 \ucf54\ub85c\ub098 \ub54c\ubb38\uc5d0 \uc9d1\uc5d0\ub9cc \uc788\uc73c\ub2c8\uae4c \uace0\ub9bd\ub41c \ub290\ub08c\uc774 \ub4e4\uc5b4.", "offset": 0, "length": 31, "sentiment": "negative", "confidence": {"negative": 0.9980903, "positive": 0.00041516678, "neutral": 0.0014944721}, "highlights": [{"offset": 11, "length": 19}]}, {"content": " \uadf8\ub807\ub2e4\uace0 \ub204\uad6c\ub97c \ub9cc\ub098\uc11c \uc5f0\uc560\ud558\ub294 \uac74 \ubb34\uc12d\uace0.", "offset": 31, "length": 25, "sentiment": "negative", "confidence": {"negative": 0.9985511, "positive": 0.0003414886, "neutral": 0.0011074365}, "highlights": [{"offset": 14, "length": 10}]}]}