{"document": {"sentiment": "negative", "confidence": {"negative": 99.97906, "positive": 0.0063177343, "neutral": 0.014626527}}, "sentences": [{"content": "\uacf5\ubd80\ub97c \uc548 \ud588\ub294\ub370 \uc131\uc801\uc774 \uc88b\uac8c \ub098\uc640\uc11c \ub2f9\ud669\uc2a4\ub7ec\uc6cc.", "offset": 0, "length": 27, "sentiment": "negative", "confidence": {"negative": 0.99874336, "positive": 0.00037906406, "neutral": 0.0008775916}, "highlights": [{"offset": 10, "length": 16}]}]}