{"document": {"sentiment": "negative", "confidence": {"negative": 99.96047, "positive": 0.016511133, "neutral": 0.023014275}}, "sentences": [{"content": "\ub098\ub294 \uac74\uac15\ud558\uac8c \uc0b4\ub824 \ub178\ub825\ud558\ub294\ub370 \uce5c\uad6c\uac00 \uc18c\uc6a9\uc5c6\ub2e4\uace0 \ub108\ubb34 \uc27d\uac8c \ub9d0\ud574\uc11c \uae30\uc6b4 \ube60\uc9c0\ub124.", "offset": 0, "length": 44, "sentiment": "negative", "confidence": {"negative": 0.9976285, "positive": 0.000990668, "neutral": 0.0013808565}, "highlights": [{"offset": 11, "length": 16}]}]}