{"document": {"sentiment": "positive", "confidence": {"negative": 0.012286767, "positive": 99.9484, "neutral": 0.039313328}}, "sentences": [{"content": "\uc6b0\ub9ac \ud559\uad50 \uc218\ud559 \uacbd\uc2dc\ub300\ud68c\uc5d0\uc11c \uc77c\ub4f1\uc744 \ud574\uc11c \uc804\uad50\uc0dd \uc55e\uc5d0\uc11c \uc0c1\uc744 \ubc1b\uc558\uc5b4.", "offset": 0, "length": 38, "sentiment": "positive", "confidence": {"negative": 0.000737206, "positive": 0.99690396, "neutral": 0.0023587996}, "highlights": [{"offset": 23, "length": 14}]}]}