{"document": {"sentiment": "negative", "confidence": {"negative": 99.99937, "positive": 0.00016801608, "neutral": 0.00046257666}}, "sentences": [{"content": "\uc544\ube60\ub294 \uc65c \ub0b4\uac00 \ubb58 \ud558\uace0 \uc2f6\uc740\uc9c0 \uad00\uc2ec\uc870\ucc28 \uc5c6\ub294 \uac74\uc9c0 \ud654\uac00 \ub098.", "offset": 0, "length": 34, "sentiment": "negative", "confidence": {"negative": 0.9999621, "positive": 1.0080965e-05, "neutral": 2.7754599e-05}, "highlights": [{"offset": 18, "length": 15}]}]}