{"document": {"sentiment": "negative", "confidence": {"negative": 99.98876, "positive": 0.0043070773, "neutral": 0.0069321645}}, "sentences": [{"content": "\uc131\uc801\uc774 \ub0ae\uc544\uc11c \uc6d0\ud558\ub294 \ub300\ud559\uc5d0 \ub4e4\uc5b4\uac00\uc9c0 \ubabb\ud560 \uac83 \uac19\uc544.", "offset": 0, "length": 29, "sentiment": "negative", "confidence": {"negative": 0.99880207, "positive": 0.00043320016, "neutral": 0.00076473446}, "highlights": [{"offset": 8, "length": 20}]}, {"content": " \uc5f4\uc2ec\ud788 \ud588\ub294\ub370 \uc815\ub9d0 \uc2e4\ub9dd\uc774\uc57c.", "offset": 29, "length": 17, "sentiment": "negative", "confidence": {"negative": 0.9998492, "positive": 8.3649094e-05, "neutral": 6.7125286e-05}, "highlights": [{"offset": 9, "length": 7}]}]}