{"document": {"sentiment": "negative", "confidence": {"negative": 99.98232, "positive": 0.009041687, "neutral": 0.008635565}}, "sentences": [{"content": "\uc774\uc81c \uace7 \uc740\ud1f4\uc778\ub370 \ubaa8\uc544 \ub454 \ub3c8\uc774 \ud558\ub098\ub3c4 \uc5c6\ub124.", "offset": 0, "length": 25, "sentiment": "negative", "confidence": {"negative": 0.99893934, "positive": 0.00054250116, "neutral": 0.00051813386}, "highlights": [{"offset": 0, "length": 24}]}]}