{"document": {"sentiment": "negative", "confidence": {"negative": 99.99574, "positive": 0.00045272632, "neutral": 0.0038013214}}, "sentences": [{"content": "\uce5c\uad6c\uac00 \ub098\uc640 \ub300\ud654\ub97c \uc548 \ud558\ub824\uace0 \ud558\uace0 \ud53c\ud558\ub294 \uac83 \uac19\uc544.", "offset": 0, "length": 29, "sentiment": "negative", "confidence": {"negative": 0.9997447, "positive": 2.716358e-05, "neutral": 0.00022807928}, "highlights": [{"offset": 0, "length": 28}]}]}