{"document": {"sentiment": "neutral", "confidence": {"negative": 0.83667356, "positive": 0.15045065, "neutral": 99.01288}}, "sentences": [{"content": "\uc6b0\ub9ac \uc9d1\uc548\uc740 \uc120\ucc9c\uc801\uc778 \uc9c8\ubcd1\uc774 \uc788\uc5b4.", "offset": 0, "length": 19, "sentiment": "neutral", "confidence": {"negative": 0.016422303, "positive": 0.0006851739, "neutral": 0.9828925}, "highlights": [{"offset": 0, "length": 18}]}, {"content": " \ubb3c\ub860 \uafb8\uc900\ud788 \uad00\ub9ac\ub97c \ud574\uc918\uc11c \uc8fd\uc744 \ub54c\uae4c\uc9c0 \ubc1c\ubcd1\ud558\uc9c0 \uc54a\ub294 \uacbd\uc6b0\ub3c4 \uc788\uae30\ub294 \ud574.", "offset": 19, "length": 41, "sentiment": "neutral", "confidence": {"negative": 0.00031116768, "positive": 0.002323839, "neutral": 0.99736506}, "highlights": [{"offset": 4, "length": 12}]}]}