{"document": {"sentiment": "negative", "confidence": {"negative": 99.988144, "positive": 0.0038261574, "neutral": 0.008029134}}, "sentences": [{"content": "\uc694\uc998 \ub0a8\ud3b8 \uc0ac\uc5c5\uc774 \uc798 \uc548 \ub418\ub294 \uac83 \uac19\uc544\uc11c \ubd88\uc548\ud574.", "offset": 0, "length": 27, "sentiment": "negative", "confidence": {"negative": 0.9992887, "positive": 0.00022956944, "neutral": 0.00048174802}, "highlights": [{"offset": 0, "length": 26}]}]}