{"document": {"sentiment": "negative", "confidence": {"negative": 99.96529, "positive": 0.004755589, "neutral": 0.029956935}}, "sentences": [{"content": "\ub0b4\ub144\uc774\uba74 \uc815\ub144 \ud1f4\uc784\uc778\ub370 \uc774\ud6c4\uc5d0 \uc5b4\ub5bb\uac8c \uc0b4\uc544\uac08\uc9c0 \uace0\ubbfc\uc774 \ub3fc.", "offset": 0, "length": 32, "sentiment": "negative", "confidence": {"negative": 0.99791723, "positive": 0.00028533535, "neutral": 0.0017974161}, "highlights": [{"offset": 13, "length": 18}]}]}