{"document": {"sentiment": "negative", "confidence": {"negative": 99.98007, "positive": 0.009328615, "neutral": 0.010596332}}, "sentences": [{"content": "\ub0a8\ub4e4 \uc55e\uc5d0\uc11c \uc57d\ud55c \ubaa8\uc2b5\uc744 \ubcf4\uc774\uae30\uac00 \uc2eb\uc5b4\uc11c \uc5b5\uc9c0\ub85c \uad1c\ucc2e\uc740 \ucc99 \uc6c3\ub294 \ub0b4 \uc790\uc2e0\uc774 \ubbf8\uc6cc.", "offset": 0, "length": 45, "sentiment": "negative", "confidence": {"negative": 0.99880445, "positive": 0.0005597169, "neutral": 0.0006357799}, "highlights": [{"offset": 33, "length": 11}]}]}