{"document": {"sentiment": "negative", "confidence": {"negative": 99.9609, "positive": 0.0062874085, "neutral": 0.032814573}}, "sentences": [{"content": "\ub0b4 \uc2e4\ub825\uc73c\ub85c\ub294 \ub0b4\uac00 \uc6d0\ud558\ub294 \ud559\uad50\uc5d0 \uac08 \uc218 \uc5c6\uc5b4\uc11c \ub099\ub2f4\ud588\uc5b4.", "offset": 0, "length": 32, "sentiment": "negative", "confidence": {"negative": 0.9976539, "positive": 0.00037724452, "neutral": 0.0019688744}, "highlights": [{"offset": 0, "length": 31}]}]}