{"document": {"sentiment": "negative", "confidence": {"negative": 99.987595, "positive": 0.0049001244, "neutral": 0.007505385}}, "sentences": [{"content": "\uc774\ub7ec\ub2e4\uac00 \uc815\ub9d0 \uacb0\ud63c\uc744 \ubabb \ud560 \uac83 \uac19\uc544\uc11c \uc694\uc998 \uc2a4\ud2b8\ub808\uc2a4\ub97c \ubc1b\ub294 \uac83 \uac19\uc544.", "offset": 0, "length": 39, "sentiment": "negative", "confidence": {"negative": 0.9992557, "positive": 0.00029400748, "neutral": 0.0004503231}, "highlights": [{"offset": 22, "length": 16}]}]}