{"document": {"sentiment": "negative", "confidence": {"negative": 99.920395, "positive": 0.003972462, "neutral": 0.075631686}}, "sentences": [{"content": "\ub0a8\uc790\uce5c\uad6c \ubab0\ub798 \ud074\ub7fd\uc5d0 \uac04 \uc801 \uc788\ub294\ub370 \ub0a8\uc790\uce5c\uad6c\ud55c\ud14c\ub294 \uac04\uc801 \uc5c6\ub2e4\uace0 \uac70\uc9d3\ub9d0\ud588\uc5b4.", "offset": 0, "length": 41, "sentiment": "negative", "confidence": {"negative": 0.9952238, "positive": 0.00023834771, "neutral": 0.0045379014}, "highlights": [{"offset": 20, "length": 20}]}]}