{"document": {"sentiment": "negative", "confidence": {"negative": 99.97491, "positive": 0.002955654, "neutral": 0.02213616}}, "sentences": [{"content": "\ud654\uc7a5\uc2e4\uc5d0\uc11c \uc120\ubc30\ub4e4\uc774 \ub098\ub97c \uc5d0\uc6cc\uc2f8\ub354\ub2c8 \ub098\ub97c \ub54c\ub838\uc5b4.", "offset": 0, "length": 27, "sentiment": "negative", "confidence": {"negative": 0.99731344, "positive": 0.00032679416, "neutral": 0.0023597258}, "highlights": [{"offset": 0, "length": 26}]}, {"content": " \uc8fc\uc704\uc5d0 \ub0b4 \uce5c\uad6c\ub4e4\uc774 \uc788\uc5c8\ub294\ub370 \uc544\ubb34\ub3c4 \ub098\ub97c \ub3c4\uc640\uc8fc\uc9c0 \uc54a\uc558\uc5b4.", "offset": 27, "length": 33, "sentiment": "negative", "confidence": {"negative": 0.9996755, "positive": 2.7884316e-05, "neutral": 0.00029661323}, "highlights": [{"offset": 17, "length": 15}]}]}