{"document": {"sentiment": "negative", "confidence": {"negative": 99.989624, "positive": 0.0023751417, "neutral": 0.008003439}}, "sentences": [{"content": "\ucde8\uc5c5\uc744 \ud574\uc57c \ub418\ub294\ub370 \uba74\uc811 \ubcf4\ub294 \uacf3\ub9c8\ub2e4 \uc5f0\ub77d\uc774 \uc548 \uc640.", "offset": 0, "length": 29, "sentiment": "negative", "confidence": {"negative": 0.9993773, "positive": 0.0001425085, "neutral": 0.00048020633}, "highlights": [{"offset": 11, "length": 17}]}]}