{"document": {"sentiment": "positive", "confidence": {"negative": 0.020069845, "positive": 99.97176, "neutral": 0.008164697}}, "sentences": [{"content": "\ubd80\ubaa8\ub2d8\uaed8\uc11c \uc0ac\uc774\uac00 \uc548 \uc88b\uc558\ub294\ub370 \ud654\ud574\ub97c \ud558\uac8c \ub418\uc5b4\uc11c \ub108\ubb34 \uae30\ubed0.", "offset": 0, "length": 34, "sentiment": "positive", "confidence": {"negative": 0.0012041907, "positive": 0.9983059, "neutral": 0.00048988184}, "highlights": [{"offset": 17, "length": 16}]}]}