{"document": {"sentiment": "negative", "confidence": {"negative": 99.97311, "positive": 0.0073990426, "neutral": 0.019491633}}, "sentences": [{"content": "\uc0ac\uc7a5\ub2d8\uc774 \uc774\ubc88\uc5d0\ub294 \ub0b4 \uc5f0\ubd09\uc744 \uc778\uc0c1\ud574 \uc8fc\uc9c0 \uc54a\uaca0\ub2e4\uace0 \ud574\uc11c \ub099\ub2f4\ud588\uc5b4.", "offset": 0, "length": 36, "sentiment": "negative", "confidence": {"negative": 0.9983866, "positive": 0.00044394255, "neutral": 0.001169498}, "highlights": [{"offset": 0, "length": 35}]}]}