{"document": {"sentiment": "negative", "confidence": {"negative": 99.99309, "positive": 0.0017604308, "neutral": 0.0051550693}}, "sentences": [{"content": "\ub0b4 \uc0dd\uc77c \uc120\ubb3c\ub85c \ubc1b\uc740 \uac00\ubc29\uc744 \uc624\ube60\uac00 \ud5c8\ub77d\ub3c4 \uc5c6\uc774 \ud314\uc544\ubc84\ub824\uc11c \uc18d\uc0c1\ud574.", "offset": 0, "length": 37, "sentiment": "negative", "confidence": {"negative": 0.9995851, "positive": 0.00010562585, "neutral": 0.00030930416}, "highlights": [{"offset": 0, "length": 36}]}]}