{"document": {"sentiment": "negative", "confidence": {"negative": 99.931305, "positive": 0.008296666, "neutral": 0.060399495}}, "sentences": [{"content": "\uc0bc\uc131\uc5d0 \ub2e4\ub2c8\ub294 \uce5c\uad6c\uac00 \ub300\ud654 \uc911\uc5d0 \ub0a0 \ubb34\uc2dc\ud558\ub358\ub370 \ub098\uc911\uc5d0 \uc798 \uc0b4\uae30\uae4c\uc9c0 \ud560 \uac70 \uac19\uc544\uc11c \uc9c8\ud22c\ub098.", "offset": 0, "length": 49, "sentiment": "negative", "confidence": {"negative": 0.9958782, "positive": 0.00049779995, "neutral": 0.0036239696}, "highlights": [{"offset": 32, "length": 16}]}]}