{"document": {"sentiment": "negative", "confidence": {"negative": 99.98092, "positive": 0.0062658456, "neutral": 0.012819057}}, "sentences": [{"content": "\ub530\ub3cc\ub9bc\uc744 \ub2f9\ud558\uace0 \uc788\ub294\ub370 \ubc18 \uce5c\uad6c\ub4e4\uc774 \ub108\ubb34 \ubb34\uc11c\uc6cc\uc11c \uc5b4\ub5bb\uac8c \ud574\uc57c \ud560\uc9c0 \ubaa8\ub974\uaca0\uc5b4.", "offset": 0, "length": 43, "sentiment": "negative", "confidence": {"negative": 0.998855, "positive": 0.00037595074, "neutral": 0.00076914346}, "highlights": [{"offset": 0, "length": 9}]}]}