{"document": {"sentiment": "negative", "confidence": {"negative": 50.000328, "positive": 49.954185, "neutral": 0.04548528}}, "sentences": [{"content": "\uc5b8\ub2c8\ub791 \uc0ac\uc774\uac00 \ub098\uc544\uc9c0\ub098 \ud588\ub354\ub2c8 \ub610 \uc2f8\uc6e0\uc5b4.", "offset": 0, "length": 23, "sentiment": "positive", "confidence": {"negative": 0.0009613904, "positive": 0.99404377, "neutral": 0.004994835}, "highlights": [{"offset": 0, "length": 22}]}, {"content": " \uc774\uc820 \uc815\ub9d0 \ud658\uba78\uc774 \ub098.", "offset": 23, "length": 13, "sentiment": "negative", "confidence": {"negative": 0.99907815, "positive": 0.00045843076, "neutral": 0.00046339908}, "highlights": [{"offset": 1, "length": 11}]}]}