{"document": {"sentiment": "positive", "confidence": {"negative": 0.020363152, "positive": 99.552185, "neutral": 0.4274514}}, "sentences": [{"content": "\ub098\ub294 \uc9d1\uc5d0\uc11c \uc9d1\uc548\uc77c\ub9cc \ud558\ub294\ub370 \uc810\uc810 \uc2b9\uc9c4\ud574\uc11c \uc624\ub294 \ub0a8\ud3b8\uc774 \ub108\ubb34 \ubd80\ub7ec\uc6cc.", "offset": 0, "length": 38, "sentiment": "positive", "confidence": {"negative": 0.0012217892, "positive": 0.9731311, "neutral": 0.025647083}, "highlights": [{"offset": 19, "length": 18}]}]}