{"document": {"sentiment": "negative", "confidence": {"negative": 99.756905, "positive": 0.004946598, "neutral": 0.23814729}}, "sentences": [{"content": "\uc544\ube60\uac00 \uc624\ub298 \uc5c4\ub9c8\ub791 \uc5c4\uccad\ub098\uac8c \uc2f8\uc6e0\ub294\ub370 \uc2f8\uc6b0\ub294 \ub3c4\uc911\uc5d0 \uc774\ud63c \uc598\uae30\uae4c\uc9c0 \ub098\uc654\uc5c8\uc5b4.", "offset": 0, "length": 42, "sentiment": "negative", "confidence": {"negative": 0.98541427, "positive": 0.00029679586, "neutral": 0.014288837}, "highlights": [{"offset": 21, "length": 20}]}]}