{"document": {"sentiment": "negative", "confidence": {"negative": 85.73607, "positive": 0.012586101, "neutral": 14.251346}}, "sentences": [{"content": "\ub2e4\uc74c \ub2ec\uc5d0 \ucd9c\uc0b0 \uc608\uc815\uc778 \uc544\uae30\uac00 \uc544\ub4e4\uc778 \uc904 \uc54c\uc558\ub294\ub370 \uc624\ub298\uc5d0\uc11c\uc57c \ub538\uc778 \uc904 \uc54c\uc558\uc5b4.", "offset": 0, "length": 43, "sentiment": "neutral", "confidence": {"negative": 0.0020187362, "positive": 0.00076245656, "neutral": 0.9972187}, "highlights": [{"offset": 28, "length": 14}]}, {"content": " \ub0a8\uc790 \uc774\ub984\ub3c4 \uba87 \uac1c \uace8\ub77c\ub193\uace0 \uc637 \uc2e0\ubc1c\ub3c4 \ub2e4 \ud30c\ub780\uc0c9\uc73c\ub85c \uc0ac\ub480\ub294\ub370 \ub108\ubb34 \ub2f9\ud669\uc2a4\ub7ec\uc6cc.", "offset": 43, "length": 45, "sentiment": "negative", "confidence": {"negative": 0.999506, "positive": 0.00011857048, "neutral": 0.00037545097}, "highlights": [{"offset": 36, "length": 8}]}]}