{"document": {"sentiment": "negative", "confidence": {"negative": 99.98289, "positive": 0.007879149, "neutral": 0.00923501}}, "sentences": [{"content": "\ub178\ud6c4 \uc900\ube44\ub97c \uc704\ud55c \ubcf4\ud5d8\uc744 \uce5c\uad6c\ub97c \ud1b5\ud574 \uac00\uc785\ud588\uc73c\ub098 \uc0ac\uae30\ub2f9\ud588\uc5b4.", "offset": 0, "length": 33, "sentiment": "negative", "confidence": {"negative": 0.99897313, "positive": 0.00047274897, "neutral": 0.00055410055}, "highlights": [{"offset": 21, "length": 11}]}]}