{"document": {"sentiment": "negative", "confidence": {"negative": 99.97548, "positive": 0.007267986, "neutral": 0.017249446}}, "sentences": [{"content": "\ub098\ubcf4\ub2e4 \uace0\ub4f1\ud559\uad50 \ub54c \uacf5\ubd80\ub97c \ubabb\ud588\ub358 \uce5c\uad6c\uac00 \ub098\ubcf4\ub2e4 \uc88b\uc740 \uc9c1\uc7a5\uc5d0 \ub2e4\ub2c8\uace0 \uc788\ub294 \uac78 \ubcf4\ub2c8 \ud654\uac00 \ub098.", "offset": 0, "length": 51, "sentiment": "negative", "confidence": {"negative": 0.99852896, "positive": 0.00043607916, "neutral": 0.0010349668}, "highlights": [{"offset": 19, "length": 31}]}]}