{"document": {"sentiment": "negative", "confidence": {"negative": 99.99606, "positive": 0.0017068073, "neutral": 0.0022313488}}, "sentences": [{"content": "\uc544\ub4e4\uc774\ub791 \uc2f8\uc6e0\ub294\ub370 \ub9c8\uc74c\uc774 \uc88b\uc9c0 \uc54a\uc544.", "offset": 0, "length": 20, "sentiment": "negative", "confidence": {"negative": 0.9997638, "positive": 0.00010240844, "neutral": 0.00013388092}, "highlights": [{"offset": 10, "length": 9}]}]}