{"document": {"sentiment": "negative", "confidence": {"negative": 99.97847, "positive": 0.0042286552, "neutral": 0.017300157}}, "sentences": [{"content": "\uc694\uc998 \uc6b0\ub9ac \ub538\uc774 \ub0b4 \ub9d0\uc744 \uc804\ud600 \uc548 \ub4e4\uc5b4\uc11c \ud070\uc77c\uc774\uc57c.", "offset": 0, "length": 28, "sentiment": "negative", "confidence": {"negative": 0.99870825, "positive": 0.0002537193, "neutral": 0.0010380094}, "highlights": [{"offset": 0, "length": 27}]}]}