{"document": {"sentiment": "negative", "confidence": {"negative": 99.62999, "positive": 0.018806873, "neutral": 0.35120356}}, "sentences": [{"content": "\uc544\ub0b4\uac00 \ub098\uc640 \uacb0\ud63c\ud558\uace0 \ub098\uc11c \uc545\ucc29\uac19\uc740 \uc131\uaca9\uc73c\ub85c \ubcc0\ud588\uc5b4.", "offset": 0, "length": 29, "sentiment": "negative", "confidence": {"negative": 0.95658624, "positive": 0.0018140977, "neutral": 0.04159971}, "highlights": [{"offset": 0, "length": 28}]}, {"content": " \ub098 \ub54c\ubb38\uc778 \uac83 \uac19\uc544 \ub108\ubb34 \uc18d\uc0c1\ud574.", "offset": 29, "length": 19, "sentiment": "negative", "confidence": {"negative": 0.9990125, "positive": 0.00044272706, "neutral": 0.00054471917}, "highlights": [{"offset": 1, "length": 17}]}]}