{"document": {"sentiment": "negative", "confidence": {"negative": 99.9904, "positive": 0.0037780784, "neutral": 0.005816717}}, "sentences": [{"content": "\ub0b4\uac00 \uc2eb\uc5b4\ud558\ub294 \uce5c\uad6c\uac00 \uc560\ub4e4\ud55c\ud14c \ub9de\ub2e4\uac00 \ub3c4\uc640\ub2ec\ub77c\uace0 \ub0b4 \ubc14\uc9d3\uac00\ub791\uc774\ub97c \ubd99\uc7a1\ub294\ub370 \ub108\ubb34 \uadc0\ucc2e\uace0 \uc9dc\uc99d \ub0ac\uc5b4.", "offset": 0, "length": 54, "sentiment": "negative", "confidence": {"negative": 0.99942434, "positive": 0.0002266847, "neutral": 0.00034900304}, "highlights": [{"offset": 41, "length": 12}]}]}