{"document": {"sentiment": "neutral", "confidence": {"negative": 0.050323598, "positive": 0.015555401, "neutral": 99.93412}}, "sentences": [{"content": "\uc774\ubc88\uc5d0 \ub300\ud559 \uc785\uc2dc\ub97c \uce58\ub800\ub294\ub370 \ub0b4\uac00 \uc9c0\uc6d0\ud55c \uacf3\uc758 \ubc1c\ud45c \uc2dc\uac04\uc774 \ub2e4\uac00\uc624\uace0 \uc788\uc5b4.", "offset": 0, "length": 41, "sentiment": "neutral", "confidence": {"negative": 0.00050323596, "positive": 0.00015555401, "neutral": 0.9993412}, "highlights": [{"offset": 16, "length": 22}]}]}