{"document": {"sentiment": "negative", "confidence": {"negative": 99.989235, "positive": 0.005753503, "neutral": 0.005013263}}, "sentences": [{"content": "\ub098\uc758 \ud53c\ubd80\uac00 \uc774\ub807\uac8c \uc8fc\ub984 \uc9c0\uace0 \ud0c4\ub825\uc774 \uc5c6\ub2e4\ub2c8 \ub098\uc774\uac00 \ub4dc\ub294 \uac8c \ub108\ubb34 \uc2eb\uc5b4.", "offset": 0, "length": 40, "sentiment": "negative", "confidence": {"negative": 0.99935395, "positive": 0.0003452102, "neutral": 0.00030079577}, "highlights": [{"offset": 17, "length": 22}]}]}