{"document": {"sentiment": "negative", "confidence": {"negative": 99.987526, "positive": 0.005868824, "neutral": 0.0066071143}}, "sentences": [{"content": "\uc544\ub0b4\uc758 \ubd80\ubd80\ub3d9\ubc18 \ubaa8\uc784\uc5d0\uc11c \ub2e4\ub4e4 \ud654\ub824\ud55c\ub370 \ub098\ub9cc \ucd08\ub77c\ud588\uc5b4.", "offset": 0, "length": 30, "sentiment": "negative", "confidence": {"negative": 0.9992514, "positive": 0.00035212946, "neutral": 0.00039642685}, "highlights": [{"offset": 22, "length": 7}]}]}