{"document": {"sentiment": "neutral", "confidence": {"negative": 0.012629377, "positive": 0.018611012, "neutral": 99.96876}}, "sentences": [{"content": "\uc77c\uc744 \ub9e1\uae30\ub824\uace0 \ub0b4\uac8c \uc624\ub358 \ud300\uc7a5\ub2d8\uc774 \ub3d9\uae30\ub97c \ubcf4\ub354\ub2c8 \uadf8 \ub3d9\uae30\uc5d0\uac8c \uc77c\uc744 \ubd80\ud0c1\ud558\ub354\ub77c.", "offset": 0, "length": 43, "sentiment": "neutral", "confidence": {"negative": 0.00012629376, "positive": 0.0001861101, "neutral": 0.99968755}, "highlights": [{"offset": 14, "length": 28}]}]}