{"document": {"sentiment": "negative", "confidence": {"negative": 99.9748, "positive": 0.009404602, "neutral": 0.015795518}}, "sentences": [{"content": "\uc5c5\ubb34 \uacbd\ud5d8\uc774 \uc5c6\ub294 \ub0b4\uac00 \ud68c\uc0ac\uc5d0 \ud569\uaca9\ud560 \uc218 \uc788\uc744\uc9c0 \ubab0\ub77c\uc11c \ub108\ubb34 \uac71\uc815\ub3fc.", "offset": 0, "length": 38, "sentiment": "negative", "confidence": {"negative": 0.99848795, "positive": 0.0005642761, "neutral": 0.0009477311}, "highlights": [{"offset": 0, "length": 37}]}]}