{"document": {"sentiment": "negative", "confidence": {"negative": 99.902084, "positive": 0.005965628, "neutral": 0.09195157}}, "sentences": [{"content": "\ud56d\uc0c1 \ubc1d\uae30\ub9cc \ud588\ub358 \ub3d9\uc0dd\uc774 \uad70\ub300\uc5d0\uc11c \uc790\uc0b4\ud588\ub2e4\ub294 \uc5f0\ub77d\uc744 \ubc1b\uc558\uc5b4.", "offset": 0, "length": 33, "sentiment": "negative", "confidence": {"negative": 0.994125, "positive": 0.0003579377, "neutral": 0.0055170944}, "highlights": [{"offset": 10, "length": 22}]}]}