{"document": {"sentiment": "negative", "confidence": {"negative": 99.98473, "positive": 0.0073725535, "neutral": 0.007891329}}, "sentences": [{"content": "\uc774\uc81c \uc740\ud1f4\ub97c \uace0\ubbfc\ud560 \uc2dc\uc810\uc778\ub370 \ub0a8\ub4e4\uc774 \ub2e4 \uac00\uc9c4 \uc544\ud30c\ud2b8\ub97c \uc0ac\uc9c0 \ubabb\ud574\uc11c \uc5f4\ub4f1\uac10\uc774 \ub290\uaef4\uc838.", "offset": 0, "length": 46, "sentiment": "negative", "confidence": {"negative": 0.99908423, "positive": 0.00044235322, "neutral": 0.00047347974}, "highlights": [{"offset": 25, "length": 20}]}]}