{"document": {"sentiment": "negative", "confidence": {"negative": 99.92051, "positive": 0.0031282136, "neutral": 0.07636306}}, "sentences": [{"content": "\uba74\uc811 \ubcf8 \ud68c\uc0ac\uc5d0\uc11c \uc5b4\uc81c \ud0c8\ub77d\ud588\ub2e4\uace0 \ud558\ub354\ub2c8 \uc624\ub298 \ub098\uc640 \ub2ec\ub77c\uace0 \uc5f0\ub77d\uc774 \uc654\uc5b4.", "offset": 0, "length": 40, "sentiment": "negative", "confidence": {"negative": 0.9952305, "positive": 0.00018769281, "neutral": 0.0045817834}, "highlights": [{"offset": 33, "length": 6}]}]}