{"document": {"sentiment": "negative", "confidence": {"negative": 99.971855, "positive": 0.006906631, "neutral": 0.021236988}}, "sentences": [{"content": "\ub098 \uc9c4\uc9dc \uc5b4\ub838\uc744 \ub54c \ud53c\uc790\uac00 \uba39\uace0 \uc2f6\uc5c8\ub294\ub370 \uc5c4\ub9c8\ud55c\ud14c \ud55c \ubc88\ub3c4 \ub9d0\ud558\uc9c0 \ubabb\ud55c \uc2ac\ud514\uc774 \uc788\uc5b4.", "offset": 0, "length": 47, "sentiment": "negative", "confidence": {"negative": 0.9983114, "positive": 0.00041439786, "neutral": 0.0012742192}, "highlights": [{"offset": 23, "length": 23}]}]}