{"document": {"sentiment": "positive", "confidence": {"negative": 0.0022337516, "positive": 99.985504, "neutral": 0.012259591}}, "sentences": [{"content": "\ub0b4\uac00 \uc774\ubc88\uc5d0 \ub3d9\uc0dd \uc2dc\ud5d8 \uc900\ube44\ud560 \ub54c \uacf5\ubd80\ub97c \uc880 \ub3c4\uc640\uc92c\ub294\ub370, \ub9cc\uc810\uc744 \ubc1b\uc544\uc654\ub300 \ub108\ubb34 \uae30\ubed0.", "offset": 0, "length": 47, "sentiment": "positive", "confidence": {"negative": 0.00013402509, "positive": 0.9991304, "neutral": 0.0007355755}, "highlights": [{"offset": 32, "length": 14}]}]}