{"document": {"sentiment": "positive", "confidence": {"negative": 0.0285474, "positive": 99.96812, "neutral": 0.0033349248}}, "sentences": [{"content": "\ub0b4 \uce5c\uad6c\ub4e4\uc774 \uc9c4\uc9dc \ucc29\ud558\uace0 \ub108\ubb34 \uc88b\uc740 \ub355\ubd84\uc5d0 \ud559\uad50 \uc0dd\ud65c\uc774 \ub354 \uc7ac\ubbf8\uc788\ub294 \uac83 \uac19\uc544\uc11c \ub9cc\uc871\uc2a4\ub7ec\uc6cc.", "offset": 0, "length": 50, "sentiment": "positive", "confidence": {"negative": 0.001712844, "positive": 0.99808705, "neutral": 0.00020009548}, "highlights": [{"offset": 14, "length": 35}]}]}