{"document": {"sentiment": "negative", "confidence": {"negative": 99.99944, "positive": 0.0002581436, "neutral": 0.00030032266}}, "sentences": [{"content": "\ud559\uad50\uc5d0\uc11c \uc548 \uc88b\uc740 \uc77c\uc774 \uc788\uc5b4\uc11c \ubc29\uc5d0 \ud63c\uc790 \uc788\uc5b4\ub3c4 \uac00\uc871\ub4e4\uc774 \ubb3c\uc5b4\ubd10 \uc8fc\uc9c0 \uc54a\uc544\uc11c \uc18d\uc0c1\ud574.", "offset": 0, "length": 47, "sentiment": "negative", "confidence": {"negative": 0.9999665, "positive": 1.5488617e-05, "neutral": 1.801936e-05}, "highlights": [{"offset": 27, "length": 19}]}]}