{"document": {"sentiment": "negative", "confidence": {"negative": 99.983406, "positive": 0.0062937806, "neutral": 0.01029715}}, "sentences": [{"content": "\ubd80\ubaa8\ub2d8\uc774 \uc548 \uacc4\uc154\uc11c \ub3d9\uc0dd\ub4e4\uc744 \ub098 \ud63c\uc790 \ucc45\uc784\uc838\uc57c \ud558\ub294\ub370 \ub108\ubb34 \ud798\ub4e4\uc5b4.", "offset": 0, "length": 37, "sentiment": "negative", "confidence": {"negative": 0.99900454, "positive": 0.00037762683, "neutral": 0.00061782904}, "highlights": [{"offset": 30, "length": 6}]}]}