{"document": {"sentiment": "negative", "confidence": {"negative": 99.96743, "positive": 0.010955838, "neutral": 0.021615097}}, "sentences": [{"content": "\ub098 \uc815\ub9d0 \ubd80\ubaa8\ub2d8\uc774 \uc2f8\uc6b0\uc2dc\ub294 \uac83\uc774 \ub108\ubb34 \uc2eb\uc5b4. \uadf8\uac83\uc774 \uacac\ub514\uae30 \ud798\ub4e4\uc5b4.", "offset": 0, "length": 37, "sentiment": "negative", "confidence": {"negative": 0.9980457, "positive": 0.00065735023, "neutral": 0.0012969058}, "highlights": [{"offset": 5, "length": 18}]}]}