{"document": {"sentiment": "positive", "confidence": {"negative": 0.010176859, "positive": 99.98726, "neutral": 0.0025652943}}, "sentences": [{"content": "\uc694\uc998 \ubab8\ub3c4 \uac74\uac15\ud558\uace0 \ub9c8\uc74c\ub3c4 \ud3b8\ud574\uc11c \uacf5\ubd80\uac00 \uc798 \ub418\ub294 \uac83 \uac19\uc544.", "offset": 0, "length": 33, "sentiment": "positive", "confidence": {"negative": 0.0006106115, "positive": 0.9992355, "neutral": 0.00015391766}, "highlights": [{"offset": 0, "length": 19}]}]}