{"document": {"sentiment": "negative", "confidence": {"negative": 99.98724, "positive": 0.0061463835, "neutral": 0.0066131074}}, "sentences": [{"content": "\uc694\uc998 \uc790\uc2dd\ub4e4\uacfc \uc544\ub0b4\uac00 \ub0b4\uac8c \uc694\uad6c\ud558\ub294 \uac8c \uc810\uc810 \ub9ce\uc544\uc9c0\ub294 \uac70 \uac19\uc544\uc11c \uc9dc\uc99d \ub098.", "offset": 0, "length": 41, "sentiment": "negative", "confidence": {"negative": 0.99923444, "positive": 0.00036878302, "neutral": 0.00039678643}, "highlights": [{"offset": 0, "length": 40}]}]}