{"document": {"sentiment": "negative", "confidence": {"negative": 99.99915, "positive": 0.0003541707, "neutral": 0.000493209}}, "sentences": [{"content": "\uc544\ub294 \uc5b8\ub2c8\uac00 \uc77c\uc744 \uadf8\ub9cc\ub480\ub294\ub370 \uc77c\uc790\ub9ac \uc880 \uad6c\ud574\ub2ec\ub77c\uace0 \uc790\uc8fc \uc804\ud654\uac00 \uc640\uc11c \ub9ce\uc774 \ubd88\ud3b8\ud574.", "offset": 0, "length": 45, "sentiment": "negative", "confidence": {"negative": 0.9999492, "positive": 2.1250244e-05, "neutral": 2.9592538e-05}, "highlights": [{"offset": 31, "length": 13}]}]}