{"document": {"sentiment": "negative", "confidence": {"negative": 99.940865, "positive": 0.0052500707, "neutral": 0.05388532}}, "sentences": [{"content": "\ub0b4\uac00 \uac74\uac15\uc774 \uc88b\uc9c0 \uc54a\ub2e4\ub294 \uc774\uc57c\uae30\ub97c \uc790\uc2dd\ub4e4\uc5d0\uac8c \ucc28\ub9c8 \ud560 \uc218 \uc5c6\uc5c8\uc5b4.", "offset": 0, "length": 36, "sentiment": "negative", "confidence": {"negative": 0.99645185, "positive": 0.00031500423, "neutral": 0.0032331191}, "highlights": [{"offset": 10, "length": 25}]}]}