{"document": {"sentiment": "negative", "confidence": {"negative": 99.874435, "positive": 0.009371416, "neutral": 0.11619462}}, "sentences": [{"content": "\uc6b0\ub9ac \ubc18\uc5d0 \ub098\ub97c \uc2eb\uc5b4\ud558\ub294 \uc544\uc774\uac00 \uc788\uc5b4.", "offset": 0, "length": 21, "sentiment": "negative", "confidence": {"negative": 0.9864117, "positive": 0.00047804078, "neutral": 0.013110285}, "highlights": [{"offset": 0, "length": 20}]}, {"content": " \uc810\uc810 \ubc18 \uce5c\uad6c\ub4e4\ub3c4 \uadf8 \uce5c\uad6c\ub97c \ub530\ub77c \ub098\ub97c \ubbf8\uc6cc\ud558\ub294 \uac83 \uac19\uc740\ub370 \uc798\ubabb \uc5c6\uc774 \ubbf8\uc6c0\ubc1b\uc73c\ub2c8\uae4c \uc5b5\uc6b8\ud574.", "offset": 21, "length": 51, "sentiment": "negative", "confidence": {"negative": 0.9985203, "positive": 0.0006465291, "neutral": 0.0008330696}, "highlights": [{"offset": 34, "length": 16}]}]}