{"document": {"sentiment": "negative", "confidence": {"negative": 99.983505, "positive": 0.0037686161, "neutral": 0.012726286}}, "sentences": [{"content": "\uc790\uc2dd\ub3c4 \uc5c6\ub294 \uce5c\uad6c\ud55c\ud14c \ub178\ud6c4\uc900\ube44\ub97c \ub3c4\uc640\uc8fc\ub824\uace0 \uc870\uc5b8 \uc880 \ud588\ub294\ub370 \uc815\uc0c9\uc744 \ud558\uace0 \ud654\ub97c \ub0b4\ub124.", "offset": 0, "length": 46, "sentiment": "negative", "confidence": {"negative": 0.9990102, "positive": 0.00022611696, "neutral": 0.0007635772}, "highlights": [{"offset": 33, "length": 12}]}]}