{"document": {"sentiment": "negative", "confidence": {"negative": 99.98405, "positive": 0.0056828824, "neutral": 0.010267569}}, "sentences": [{"content": "\ud559\uad50 \uce5c\uad6c\ub4e4\uc774 \uc694\uc998 \ub0b4 \ub9d0\ub9cc \ubb34\uc2dc\ud558\uace0 \ub098\ub97c \uc695\ud558\ub294 \uac70 \uac19\uc544 \ubd88\uc548\ud574.", "offset": 0, "length": 37, "sentiment": "negative", "confidence": {"negative": 0.9990429, "positive": 0.00034097294, "neutral": 0.0006160541}, "highlights": [{"offset": 0, "length": 36}]}]}