{"document": {"sentiment": "negative", "confidence": {"negative": 99.99948, "positive": 0.0002070372, "neutral": 0.00030930046}}, "sentences": [{"content": "\uc5b4\uc81c\ubd80\ud130 \uba39\uc740 \uc74c\uc2dd\uc774 \uc18c\ud654\uac00 \uc548 \ub418\ub294 \ub290\ub08c\uc774\uc57c.", "offset": 0, "length": 26, "sentiment": "negative", "confidence": {"negative": 0.999969, "positive": 1.24222315e-05, "neutral": 1.8558028e-05}, "highlights": [{"offset": 0, "length": 25}]}]}