{"document": {"sentiment": "negative", "confidence": {"negative": 99.99019, "positive": 0.0025091232, "neutral": 0.0072999247}}, "sentences": [{"content": "\uc5bc\ub9c8 \uc804\uc5d0 \uc6b0\ub9ac \uc544\ub4e4\uc774 \uc790\uae30 \ub204\ub098\ub791 \uc2f8\uc6cc\uc11c \ub098\ud55c\ud14c \ud63c\ub09c \uc77c\uc774 \uc788\uc5c8\ub294\ub370 \uc544\uc9c1\ub3c4 \ub098\ud55c\ud14c \uc090\uc9c4 \uac83 \uac19\uc544.", "offset": 0, "length": 55, "sentiment": "negative", "confidence": {"negative": 0.99941146, "positive": 0.00015054739, "neutral": 0.00043799548}, "highlights": [{"offset": 43, "length": 11}]}]}