{"document": {"sentiment": "neutral", "confidence": {"negative": 0.04835631, "positive": 0.009884457, "neutral": 99.94176}}, "sentences": [{"content": "\uc624\ud6c4\uc5d0 \ud68c\uc758\uac00 \uc788\ub294\ub370 \ud68c\uc758\uc790\ub8cc \uc900\ube44\ud55c\ub2e4\ub294 \uac78 \uae5c\ube61\ud588\uc5b4.", "offset": 0, "length": 30, "sentiment": "neutral", "confidence": {"negative": 0.00048356305, "positive": 9.884457e-05, "neutral": 0.99941754}, "highlights": [{"offset": 12, "length": 17}]}]}