{"document": {"sentiment": "negative", "confidence": {"negative": 99.979866, "positive": 0.0048686434, "neutral": 0.015262947}}, "sentences": [{"content": "\ub3c4\ub300\uccb4 \uc77c\uc744 \uc774\ub807\uac8c \uc5f4\uc2ec\ud788 \ud558\ub294\ub370 \uc6d4\uae09\uc740 \uc774\uac83\ubc16\uc5d0 \uc548 \ub418\ub0d0\uace0!", "offset": 0, "length": 34, "sentiment": "negative", "confidence": {"negative": 0.99879223, "positive": 0.0002921186, "neutral": 0.0009157769}, "highlights": [{"offset": 19, "length": 14}]}]}