{"document": {"sentiment": "neutral", "confidence": {"negative": 0.047829576, "positive": 0.015793987, "neutral": 99.93638}}, "sentences": [{"content": "\uc9c1\uc7a5\uc744 \uadf8\ub9cc\ub450\uace0 \uc6d0\ud558\ub358 \uacf5\ubd80\ub97c \ud560\uc9c0 \uc9c1\uc7a5\uc744 \ub2e4\ub2c8\uba74\uc11c \uacf5\ubd80\ub97c \ubcd1\ud589\ud560\uc9c0 \ub108\ubb34 \uace0\ubbfc\ub3fc.", "offset": 0, "length": 45, "sentiment": "neutral", "confidence": {"negative": 0.00047829575, "positive": 0.00015793985, "neutral": 0.9993637}, "highlights": [{"offset": 29, "length": 15}]}]}