{"document": {"sentiment": "negative", "confidence": {"negative": 99.97783, "positive": 0.0091102375, "neutral": 0.013063813}}, "sentences": [{"content": "\uc2f1\uae00\uc774 \ud3b8\ud558\uace0 \uc88b\uc9c0\ub9cc \ud640\ub85c \ub178\ud6c4\uc900\ube44\ub97c \uc0dd\uac01\ud558\ub2c8 \uac11\uc790\uae30 \uc678\ub85c\uc6b4 \uc0dd\uac01\uc774 \ub4e0\ub2e4.", "offset": 0, "length": 41, "sentiment": "negative", "confidence": {"negative": 0.9986696, "positive": 0.00054661423, "neutral": 0.0007838288}, "highlights": [{"offset": 15, "length": 25}]}]}