{"document": {"sentiment": "negative", "confidence": {"negative": 99.852295, "positive": 0.012288696, "neutral": 0.13541259}}, "sentences": [{"content": "\uc5bc\ub9c8 \uc804 \uce60 \ub144\uac04 \uc0ac\uadc4 \uc5ec\uc790\uce5c\uad6c\uc640 \uc774\ubcc4\ud588\uc5b4.", "offset": 0, "length": 24, "sentiment": "negative", "confidence": {"negative": 0.9841691, "positive": 0.00045783716, "neutral": 0.015373046}, "highlights": [{"offset": 13, "length": 10}]}, {"content": " \uc624\ub79c \uc2dc\uac04 \ud568\uaed8\ud55c \uc0ac\ub78c\uc774 \uc5c6\uc5b4\uc9c0\ub2c8 \uc77c\uc0c1\uc774 \ub108\ubb34 \uacf5\ud5c8\ud558\uace0 \uc2dc\ub3c4 \ub54c\ub3c4 \uc5c6\uc774 \uc678\ub85c\uc6c0\uc774 \ubab0\ub824\uc640.", "offset": 24, "length": 50, "sentiment": "negative", "confidence": {"negative": 0.9981067, "positive": 0.0010168063, "neutral": 0.00087646494}, "highlights": [{"offset": 38, "length": 11}]}]}