{"document": {"sentiment": "negative", "confidence": {"negative": 99.99338, "positive": 0.0025647224, "neutral": 0.004059236}}, "sentences": [{"content": "\uc694\uc998 \uc131\uac00\uc2e0 \uad11\uace0 \uc804\ud654\uac00 \ub108\ubb34 \uc640\uc11c \ud070\uc77c\uc774\uc57c.", "offset": 0, "length": 25, "sentiment": "negative", "confidence": {"negative": 0.9996026, "positive": 0.00015388335, "neutral": 0.00024355417}, "highlights": [{"offset": 0, "length": 20}]}]}