{"document": {"sentiment": "negative", "confidence": {"negative": 99.97284, "positive": 0.006025235, "neutral": 0.021137089}}, "sentences": [{"content": "\uacfc\uc81c \ud558\ub2e4\uac00 \ub2e4\ud230 \uce5c\uad6c\ud55c\ud14c \ud654\uac00 \ub098\uc11c \uc2ec\ud55c \ub9d0\uc744 \ud574\uc11c \ub108\ubb34 \ubbf8\uc548\ud574.", "offset": 0, "length": 37, "sentiment": "negative", "confidence": {"negative": 0.99837023, "positive": 0.0003615141, "neutral": 0.0012682253}, "highlights": [{"offset": 0, "length": 21}]}]}