{"document": {"sentiment": "negative", "confidence": {"negative": 99.99005, "positive": 0.004552495, "neutral": 0.0053983605}}, "sentences": [{"content": "\ucc98\uc74c \uc77c\ud558\ub294 \uc2e0\uc785 \uc0ac\uc6d0\uc744 \ub108\ubb34 \uc2ec\ud558\uac8c \uc57c\ub2e8\uce5c \uac83 \uac19\uc544 \ud6c4\ud68c\ub3fc.", "offset": 0, "length": 34, "sentiment": "negative", "confidence": {"negative": 0.9994029, "positive": 0.00027314972, "neutral": 0.00032390162}, "highlights": [{"offset": 0, "length": 33}]}]}