{"document": {"sentiment": "negative", "confidence": {"negative": 99.99445, "positive": 0.0010861517, "neutral": 0.004463481}}, "sentences": [{"content": "\uc5b4\uc81c \uc774\uc0ac\ub97c \ud588\ub294\ub370 \uce5c\uad6c\ub4e4\uc774 \uc9d1\uc5d0 \uac11\uc790\uae30 \ub180\ub7ec\uc628\ub300\uc11c \uae09\ud558\uac8c \uccad\uc18c\ud558\ub294 \uc911\uc774\ub77c \ud654\uac00 \ub098.", "offset": 0, "length": 47, "sentiment": "negative", "confidence": {"negative": 0.99966705, "positive": 6.51691e-05, "neutral": 0.00026780885}, "highlights": [{"offset": 29, "length": 17}]}]}