{"document": {"sentiment": "positive", "confidence": {"negative": 0.0305487, "positive": 99.96359, "neutral": 0.005861631}}, "sentences": [{"content": "\uc6b0\ub9ac \ud300\uc6d0\ub4e4\uc758 \uc0ac\uc774\uac00 \ud654\ubaa9\ud574\uc9c0\uba74\uc11c \uc5c5\ubb34\uc758 \ub2a5\ub960\ub3c4 \uc62c\ub77c\uc11c \ub108\ubb34 \ud750\ubb47\ud574.", "offset": 0, "length": 38, "sentiment": "positive", "confidence": {"negative": 0.001832922, "positive": 0.9978154, "neutral": 0.00035169788}, "highlights": [{"offset": 0, "length": 19}]}]}