{"document": {"sentiment": "negative", "confidence": {"negative": 99.97112, "positive": 0.0063740597, "neutral": 0.022506144}}, "sentences": [{"content": "\uc624\ub298 \uce5c\uad6c\ub97c \ub9cc\ub098\uace0 \uc654\ub294\ub370 \ub0b4 \ub0a8\uc790 \uce5c\uad6c \uc870\uac74\uc774 \uce5c\uad6c \ub0a8\uc790 \uce5c\uad6c\ubcf4\ub2e4 \ub5a8\uc5b4\uc838\uc11c \uc5f4\ub4f1\uac10\uc774 \ub290\uaef4\uc84c\uc5b4.", "offset": 0, "length": 53, "sentiment": "negative", "confidence": {"negative": 0.9982672, "positive": 0.00038244357, "neutral": 0.0013503686}, "highlights": [{"offset": 15, "length": 37}]}]}