{"document": {"sentiment": "negative", "confidence": {"negative": 99.980064, "positive": 0.005415274, "neutral": 0.014523999}}, "sentences": [{"content": "\ubd80\ubd80\uc2f8\uc6c0\uc744 \ud558\uba74 \uc544\uc774\ub4e4\uc774 \uaf2d \uc544\ub0b4 \ud3b8\uc744 \ub4e4\uba74\uc11c \ub098\ud55c\ud14c \ubb50\ub77c\uace0 \ud558\ub294 \ub370 \uc815\ub9d0 \uc12d\uc12d\ud574.", "offset": 0, "length": 46, "sentiment": "negative", "confidence": {"negative": 0.9988036, "positive": 0.00032491641, "neutral": 0.00087143993}, "highlights": [{"offset": 26, "length": 19}]}]}