{"document": {"sentiment": "negative", "confidence": {"negative": 99.97781, "positive": 0.003569277, "neutral": 0.018619625}}, "sentences": [{"content": "\uc694\uc998 \uacb0\ud63c \uc900\ube44 \ub54c\ubb38\uc5d0 \uc815\ub9d0 \ub208\ucf54 \ub730 \uc0c8 \uc5c6\uc774 \ubc14\ube60\uc11c \uc2a4\ud2b8\ub808\uc2a4\ubc1b\uc544.", "offset": 0, "length": 37, "sentiment": "negative", "confidence": {"negative": 0.9986687, "positive": 0.00021415662, "neutral": 0.0011171775}, "highlights": [{"offset": 21, "length": 15}]}]}