{"document": {"sentiment": "negative", "confidence": {"negative": 99.98363, "positive": 0.0064616804, "neutral": 0.009909512}}, "sentences": [{"content": "\ud68c\uc0ac\uac00 \uc778\uc218\ud569\ubcd1 \ub418\uba74 \ub098\uc774\uac00 \ub9ce\uc740 \ub098\ub294 \ud574\uace0 \ub420\uae4c \ubd10 \uac71\uc815\uc2a4\ub7ec\uc6cc.", "offset": 0, "length": 36, "sentiment": "negative", "confidence": {"negative": 0.9990177, "positive": 0.00038770083, "neutral": 0.0005945707}, "highlights": [{"offset": 12, "length": 23}]}]}