{"document": {"sentiment": "negative", "confidence": {"negative": 85.93578, "positive": 0.011583662, "neutral": 14.052632}}, "sentences": [{"content": "\uc8fc\ub9d0\uc5d0\ub3c4 \ub098\ub9cc\uc758 \uc2dc\uac04\uc744 \uac16\uc9c0 \ubabb\ud558\uace0 \uc788\uc5b4.", "offset": 0, "length": 23, "sentiment": "neutral", "confidence": {"negative": 0.015936164, "positive": 0.0005703116, "neutral": 0.98349357}, "highlights": [{"offset": 0, "length": 20}]}, {"content": " \ubc18\ubcf5\ub418\ub294 \uc77c\uc0c1\uc774 \uc0b6\uc5d0 \ub300\ud55c \uc758\uc9c0\ub97c \ub5a8\uc5b4\ub728\ub9ac\ub294 \uac83 \uac19\uc544", "offset": 23, "length": 30, "sentiment": "negative", "confidence": {"negative": 0.99956876, "positive": 0.00024054469, "neutral": 0.00019070343}, "highlights": [{"offset": 16, "length": 14}]}]}