{"document": {"sentiment": "negative", "confidence": {"negative": 99.96266, "positive": 0.015996715, "neutral": 0.02134042}}, "sentences": [{"content": "\uc2e0\ud63c \ub54c\ubd80\ud130 \uc9c0\uae08\uae4c\uc9c0 \ud55c \ubc88\ub3c4 \uc0ac\uce58\ud558\uac70\ub098 \ub0ad\ube44\ud558\uc9c0 \uc54a\uace0 \ud5c8\ub9ac\ub760 \uc878\ub77c\ub9f8\ub354\ub2c8 \uc9c0\uae08\uc740 \uc4f8\uc4f8\ud558\ub124.", "offset": 0, "length": 50, "sentiment": "negative", "confidence": {"negative": 0.9977598, "positive": 0.00095980294, "neutral": 0.0012804252}, "highlights": [{"offset": 31, "length": 18}]}]}