{"document": {"sentiment": "negative", "confidence": {"negative": 85.719376, "positive": 0.0038425939, "neutral": 14.276778}}, "sentences": [{"content": "\uc120\uc0dd\ub2d8\uc774 \uc608\uace0\ub3c4 \uc5c6\uc774 \uc624\ub298 \uc6b0\ub9ac \uc9d1\uc5d0 \ubc29\ubb38\ud55c\ub2e4\uace0 \ud574.", "offset": 0, "length": 29, "sentiment": "neutral", "confidence": {"negative": 0.0005634391, "positive": 0.00017468967, "neutral": 0.9992619}, "highlights": [{"offset": 15, "length": 12}]}, {"content": " \uc9d1\ub3c4 \uce58\uc6cc\ub193\uc9c0 \uc54a\uc558\ub294\ub370 \ub108\ubb34 \uac11\uc791\uc2a4\ub7ec\uc6b4 \ubc29\ubb38\uc774\ub77c \ud63c\ub780\uc2a4\ub7ec\uc6cc.", "offset": 29, "length": 34, "sentiment": "negative", "confidence": {"negative": 0.99979323, "positive": 9.42919e-05, "neutral": 0.00011256831}, "highlights": [{"offset": 14, "length": 19}]}]}