{"document": {"sentiment": "negative", "confidence": {"negative": 99.983215, "positive": 0.0064025098, "neutral": 0.0103839375}}, "sentences": [{"content": "\uc6b0\ub9ac \ub0a8\ud3b8\uc774 \uac11\uc790\uae30 \ub178\ud6c4\ub97c \uc990\uae30\uace0 \uc2f6\ub2e4\uba70 \uc774\ud63c\uc744 \ud558\uc790\uace0 \ud574\uc11c \ud63c\ub780\uc2a4\ub7ec\uc6cc.", "offset": 0, "length": 40, "sentiment": "negative", "confidence": {"negative": 0.99899274, "positive": 0.00038415057, "neutral": 0.00062303623}, "highlights": [{"offset": 23, "length": 16}]}]}