{"document": {"sentiment": "negative", "confidence": {"negative": 99.93822, "positive": 0.0068687303, "neutral": 0.05491257}}, "sentences": [{"content": "\uc774\uc81c \uace7 \uc740\ud1f4\ud574\uc57c \ud560 \ub098\uc774\uac00 \ub410\ub294\ub370 \ub098\uc758 \ub178\ud6c4\ub294 \uc5b4\ub5bb\uac8c \ud574\uc57c\ud560\uc9c0 \ubaa8\ub974\uaca0\ub124.", "offset": 0, "length": 41, "sentiment": "negative", "confidence": {"negative": 0.9962931, "positive": 0.00041212383, "neutral": 0.0032947543}, "highlights": [{"offset": 0, "length": 20}]}]}