{"document": {"sentiment": "negative", "confidence": {"negative": 99.98366, "positive": 0.008839343, "neutral": 0.0075015943}}, "sentences": [{"content": "\uc790\uc2dd\ub4e4 \ud0a4\uc6b0\ub290\ub77c \ubaa8\uc544\ub193\uc740 \ub3c8\ub3c4 \uc5c6\uace0 \ub098\ub9cc \ud76c\uc0dd\ud55c \uac83 \uac19\uc544.", "offset": 0, "length": 32, "sentiment": "negative", "confidence": {"negative": 0.9990196, "positive": 0.00053036056, "neutral": 0.00045009566}, "highlights": [{"offset": 20, "length": 11}]}]}