{"document": {"sentiment": "negative", "confidence": {"negative": 99.980095, "positive": 0.008272868, "neutral": 0.011630177}}, "sentences": [{"content": "\ub098\ub294 \uc0ac\ub78c\uc758 \uac10\uc815\uc744 \ud568\ubd80\ub85c \ud310\ub2e8\ud558\uba74\uc11c \ub530\ub3cc\ub9ac\ub294 \uc560\ub4e4\uc774 \uc815\ub9d0 \uc99d\uc624\uc2a4\ub7ec\uc6cc.", "offset": 0, "length": 39, "sentiment": "negative", "confidence": {"negative": 0.99880576, "positive": 0.00049637206, "neutral": 0.0006978106}, "highlights": [{"offset": 15, "length": 23}]}]}