{"document": {"sentiment": "negative", "confidence": {"negative": 99.807785, "positive": 0.0071087526, "neutral": 0.1851088}}, "sentences": [{"content": "\ucf54\ub85c\ub098 \ud655\uc9c4\uc790\uac00 \uc758\ub3c4\uc801\uc73c\ub85c \uc5d8\ub9ac\ubca0\uc774\ud130 \ubc84\ud2bc\uc5d0 \uc7ac\ucc44\uae30\ud558\ub294 \uc601\uc0c1\uc744 \ub274\uc2a4\uc5d0\uc11c \ubd24\uc5b4.", "offset": 0, "length": 43, "sentiment": "negative", "confidence": {"negative": 0.988467, "positive": 0.00042652516, "neutral": 0.011106527}, "highlights": [{"offset": 0, "length": 42}]}]}