{"document": {"sentiment": "positive", "confidence": {"negative": 0.00011227339, "positive": 99.99951, "neutral": 0.00037354647}}, "sentences": [{"content": "\uc5ec\ud589 \uacc4\ud68d\uc744 \uc9dc\ub294\ub370 \uc6b0\ub9ac \uac00\uc871 \ubaa8\ub450\uac00 \ub0b4 \ub9d0\uc744 \uc218\uc6a9\ud574\uc8fc\ub2c8 \uc815\ub9d0 \uae30\ubed0.", "offset": 0, "length": 38, "sentiment": "positive", "confidence": {"negative": 6.736403e-06, "positive": 0.9999708, "neutral": 2.2412789e-05}, "highlights": [{"offset": 11, "length": 26}]}]}