{"document": {"sentiment": "negative", "confidence": {"negative": 85.730606, "positive": 0.06938265, "neutral": 14.200009}}, "sentences": [{"content": "\uc694\uc998 \uba39\uae30\ub9cc \ud574\uc11c \uc0b4\ub9cc \ucc0c\ub124.", "offset": 0, "length": 16, "sentiment": "neutral", "confidence": {"negative": 0.002002092, "positive": 0.0043392447, "neutral": 0.9936586}, "highlights": [{"offset": 0, "length": 10}]}, {"content": " \uc774\ub7f0 \ub098 \uc790\uc2e0\uc774 \ud55c\uc2ec\ud55c\ub370 \uac70\uae30\uc5d0\ub2e4 \uac00\uc871\ub4e4\ub3c4 \ub2e4\uc774\uc5b4\ud2b8\ud558\ub77c\uace0 \ud574\uc11c \uae30\uac00 \uc8fd\uc5b4.", "offset": 16, "length": 42, "sentiment": "negative", "confidence": {"negative": 0.9991404, "positive": 0.00051754084, "neutral": 0.00034202592}, "highlights": [{"offset": 36, "length": 5}]}]}