{"document": {"sentiment": "negative", "confidence": {"negative": 99.96319, "positive": 0.0029985767, "neutral": 0.033810645}}, "sentences": [{"content": "\uc785\uc0ac\ud558\uace0 \uc2f6\uc5c8\ub358 \ud68c\uc0ac \ucd5c\uc885\uba74\uc811\uc5d0 \ud0c8\ub77d\ud588\ub294\ub370 \uc5c4\ub9c8\uac00 \ub0b4 \uc18d\ub3c4 \ubaa8\ub974\uace0 \uc5b8\uc81c \ucd9c\uadfc \ud558\ub0d0\uace0 \ubb3c\uc73c\uc2dc\ub354\ub77c?", "offset": 0, "length": 53, "sentiment": "negative", "confidence": {"negative": 0.9977914, "positive": 0.0001799146, "neutral": 0.0020286387}, "highlights": [{"offset": 0, "length": 5}]}]}