{"document": {"sentiment": "negative", "confidence": {"negative": 99.957855, "positive": 0.007741607, "neutral": 0.034406696}}, "sentences": [{"content": "\ub300\ud559 \uc878\uc5c5\ud558\uace0 \ucde8\uc5c5 \uc900\ube44 \uc911\uc778\ub370 \uc0dd\uac01\ucc98\ub7fc \uc27d\uc9c0 \uc54a\uc544.", "offset": 0, "length": 29, "sentiment": "negative", "confidence": {"negative": 0.9974712, "positive": 0.0004644964, "neutral": 0.0020644017}, "highlights": [{"offset": 18, "length": 10}]}]}