{"document": {"sentiment": "negative", "confidence": {"negative": 99.97874, "positive": 0.012047956, "neutral": 0.009216608}}, "sentences": [{"content": "\uc694\uc998 \ub0a8\ud3b8 \uac74\uac15 \ub54c\ubb38\uc5d0 \ub0b4 \ud3c9\uc0dd \uc0b6\uc774 \ud76c\uc0dd\ub41c \uac83 \uac19\uc544\uc11c \uc5b5\uc6b8\ud55c \ub9c8\uc74c\uc774 \uc790\uafb8 \uc0dd\uaca8.", "offset": 0, "length": 45, "sentiment": "negative", "confidence": {"negative": 0.99872404, "positive": 0.00072287733, "neutral": 0.00055299647}, "highlights": [{"offset": 13, "length": 31}]}]}