{"document": {"sentiment": "negative", "confidence": {"negative": 99.96764, "positive": 0.0061854245, "neutral": 0.026173882}}, "sentences": [{"content": "\ub098\ub97c \uad34\ub86d\ud78c \uc0ac\ub78c\ub4e4\uc774 \ub611\uac19\uc740 \uc77c\uc744 \ub2f9\ud588\uc73c\uba74 \uc88b\uaca0\uc5b4.", "offset": 0, "length": 28, "sentiment": "negative", "confidence": {"negative": 0.9980585, "positive": 0.00037112547, "neutral": 0.0015704329}, "highlights": [{"offset": 0, "length": 27}]}]}