{"document": {"sentiment": "negative", "confidence": {"negative": 99.96039, "positive": 0.006860292, "neutral": 0.032751292}}, "sentences": [{"content": "\uc624\ub298 \uccb4\uc721\uc2dc\uac04\uc5d0 \ub098\ub9cc \uc9dd\uc774 \uc5c6\ub294 \uac8c \ucc3d\ud53c\ud574\uc11c \uc120\uc0dd\ub2d8\uaed8 \uc544\ud504\ub2e4\uace0 \ud558\uace0 \uc218\uc5c5\uc5d0 \ube60\uc84c\uc5b4.", "offset": 0, "length": 46, "sentiment": "negative", "confidence": {"negative": 0.99762326, "positive": 0.0004116175, "neutral": 0.0019650776}, "highlights": [{"offset": 38, "length": 7}]}]}