{"document": {"sentiment": "negative", "confidence": {"negative": 99.99948, "positive": 0.00027068358, "neutral": 0.0002469154}}, "sentences": [{"content": "\uc800\ub141\ub54c \uac00\uc871\ub4e4\uc774 \ubaa8\uc5ec\uc11c \uc2dd\uc0ac\ud558\ub294\ub370 \uc5c4\ub9c8\uac00 \uc637\uc5d0 \ubc25\ud480\uc774 \ubb3b\uc5c8\ub2e4\uace0 \ud574\uc11c \ubd80\ub044\ub7ec\uc6e0\uc5b4.", "offset": 0, "length": 44, "sentiment": "negative", "confidence": {"negative": 0.999969, "positive": 1.6241014e-05, "neutral": 1.4814925e-05}, "highlights": [{"offset": 13, "length": 30}]}]}