{"document": {"sentiment": "neutral", "confidence": {"negative": 0.03983954, "positive": 0.12506227, "neutral": 99.8351}}, "sentences": [{"content": "\uc80a\uc5c8\uc744\ub54c\ub294 \ubab0\ub790\ub294\ub370 \uc560\ub4e4\uc744 \ub2e4\ud0a4\uc6b0\uace0 \ub098\ub2c8 \uc774\uc81c \uc640\uc774\ud504\uc640 \uac01\uc790\uc758 \uc778\uc0dd\uc744 \uc0b4\uc544\ub3c4 \uc88b\uc744 \uac83 \uac19\uc544.", "offset": 0, "length": 51, "sentiment": "neutral", "confidence": {"negative": 0.0003983954, "positive": 0.0012506227, "neutral": 0.998351}, "highlights": [{"offset": 26, "length": 24}]}]}