{"document": {"sentiment": "positive", "confidence": {"negative": 0.00019595257, "positive": 99.99959, "neutral": 0.00021936356}}, "sentences": [{"content": "\uc774\ub54c\uae4c\uc9c0 \uc62e\uaca8 \ub2e4\ub154\ub358 \ud559\uc6d0\ub4e4\uc740 \uc798 \ub9de\uc9c0 \uc54a\uc558\ub294\ub370 \uc774\ubc88\uc5d0 \ub2e4\ub2c8\ub294 \uacf3\uc740 \uad1c\ucc2e\uc740 \uac83 \uac19\uc544.", "offset": 0, "length": 47, "sentiment": "positive", "confidence": {"negative": 1.1757154e-05, "positive": 0.9999751, "neutral": 1.31618135e-05}, "highlights": [{"offset": 27, "length": 19}]}]}