{"document": {"sentiment": "negative", "confidence": {"negative": 99.974724, "positive": 0.011337502, "neutral": 0.013939251}}, "sentences": [{"content": "\ud559\uad50\uc5d0\uc11c \ub098\ub97c \uad34\ub86d\ud788\ub294 \uc0ac\ub78c\uc774 \uc788\uc5b4\uc11c \ub108\ubb34 \ud798\ub4e4\uc5b4.", "offset": 0, "length": 28, "sentiment": "negative", "confidence": {"negative": 0.99848324, "positive": 0.0008366513, "neutral": 0.0006801648}, "highlights": [{"offset": 0, "length": 21}]}, {"content": " \uc9d1\uc5d0\uc11c \ud63c\uc790 \uc6b8\uc5b4\ub3c4 \ud574\uacb0\ub418\uc9c0 \uc54a\uc73c\ub2c8 \ub108\ubb34 \uc2ac\ud37c.", "offset": 28, "length": 27, "sentiment": "negative", "confidence": {"negative": 0.9984836, "positive": 0.0005238489, "neutral": 0.0009925454}, "highlights": [{"offset": 12, "length": 14}]}]}