{"document": {"sentiment": "negative", "confidence": {"negative": 99.973404, "positive": 0.0043283207, "neutral": 0.022265127}}, "sentences": [{"content": "\ubaa8\ub450\uac00 \uc190\ud574 \ubcf4\ub294 \uc77c\uc774\ub098 \ud504\ub85c\uc81d\ud2b8\uc5d0\ub294 \uc11c\ub85c\ub4e4 \uc9c0\uc6d0\ud558\uc9c0 \uc54a\uc73c\ub824\uace0\ub9cc \ud574.", "offset": 0, "length": 38, "sentiment": "negative", "confidence": {"negative": 0.99796677, "positive": 0.0003311738, "neutral": 0.0017020435}, "highlights": [{"offset": 0, "length": 37}]}, {"content": " \ud654\uac00 \ub098.", "offset": 38, "length": 6, "sentiment": "negative", "confidence": {"negative": 0.99884206, "positive": 0.00018822469, "neutral": 0.00096977176}, "highlights": [{"offset": 1, "length": 4}]}]}