{"document": {"sentiment": "positive", "confidence": {"negative": 0.04191978, "positive": 97.58854, "neutral": 2.369541}}, "sentences": [{"content": "\ud559\uad50\uc5d0\uc11c \ub09c \uad34\ub86d\ud798 \ub2f9\ud558\uace0 \uc788\uc5c8\ub294\ub370 \uc5b4\ub5a4 \uce5c\uad6c\uac00 \uc640\uc918\uc11c \ub0b4 \ud3b8\uc774 \ub418\uc5b4\uc92c\uc5b4.", "offset": 0, "length": 41, "sentiment": "positive", "confidence": {"negative": 0.0025151868, "positive": 0.8553124, "neutral": 0.14217246}, "highlights": [{"offset": 31, "length": 9}]}]}