{"document": {"sentiment": "negative", "confidence": {"negative": 99.983635, "positive": 0.004045411, "neutral": 0.012322926}}, "sentences": [{"content": "\uc9c0\uae08\uc740 \ub300\ud654\ud558\uae30 \uc2eb\uc740\ub370 \uc544\ube60\uac00 \uc790\uafb8 \uc598\uae30\ud558\uc154.", "offset": 0, "length": 25, "sentiment": "negative", "confidence": {"negative": 0.99901795, "positive": 0.00024272465, "neutral": 0.00073937554}, "highlights": [{"offset": 20, "length": 4}]}]}