{"document": {"sentiment": "negative", "confidence": {"negative": 85.71835, "positive": 0.012125962, "neutral": 14.269517}}, "sentences": [{"content": "\ud560\uba38\ub2c8\ub791 \uce5c\ud55c \uc0ac\uc778\ub370 \uc694\uc591\uc6d0\uc5d0 \ubcf4\ub0b8\ub300.", "offset": 0, "length": 21, "sentiment": "neutral", "confidence": {"negative": 0.0022113319, "positive": 0.00054794387, "neutral": 0.9972408}, "highlights": [{"offset": 0, "length": 20}]}, {"content": " \uac00\uc871\uc778\ub370 \uc5b4\ub5bb\uac8c \uadf8\ub7f4 \uc218 \uc788\ub294\uc9c0 \uc774\ud574\ud560 \uc218 \uc5c6\uc5b4.", "offset": 21, "length": 28, "sentiment": "negative", "confidence": {"negative": 0.9980737, "positive": 0.00030087348, "neutral": 0.0016254399}, "highlights": [{"offset": 19, "length": 8}]}]}