{"document": {"sentiment": "negative", "confidence": {"negative": 99.982994, "positive": 0.0057268064, "neutral": 0.011281768}}, "sentences": [{"content": "\uba85\uc808\ub9cc \ub418\uba74 \uc5b4\ub978\ub4e4\uc774 \uacb0\ud63c \uc5b8\uc81c \ud560 \uac70\ub0d0\uace0 \ubb3c\uc5b4\ubd10\uc11c \uace0\ud5a5\uc5d0 \uac00\uae30\uac00 \uc2eb\uc5b4.", "offset": 0, "length": 40, "sentiment": "negative", "confidence": {"negative": 0.9989795, "positive": 0.00034360838, "neutral": 0.0006769061}, "highlights": [{"offset": 29, "length": 10}]}]}