{"document": {"sentiment": "negative", "confidence": {"negative": 99.97927, "positive": 0.0068907887, "neutral": 0.013838977}}, "sentences": [{"content": "\ub0b4\uac00 \uc5b4\ub5a4 \uc77c\uc744 \ud560 \ub54c\ub9c8\ub2e4 \ubd80\ubaa8\ub2d8\uc774 \uc794\uc18c\ub9ac\ud558\uace0 \ucc38\uacac\ud558\ub824\uace0 \ud574\uc11c \uc815\ub9d0 \ud53c\uace4\ud574.", "offset": 0, "length": 42, "sentiment": "negative", "confidence": {"negative": 0.9987562, "positive": 0.00041344733, "neutral": 0.00083033857}, "highlights": [{"offset": 15, "length": 11}]}]}