{"document": {"sentiment": "negative", "confidence": {"negative": 99.67517, "positive": 0.120569706, "neutral": 0.20425615}}, "sentences": [{"content": "\uc0bc \ucc28 \uba74\uc811 \uc608\uc0c1 \uc9c8\ubb38\uc744 \uc791\uc131\ud574\ubd24\ub294\ub370 \uadf8\ub798\ub3c4 \ub108\ubb34 \ub5a8\ub9b0\ub2e4.", "offset": 0, "length": 32, "sentiment": "negative", "confidence": {"negative": 0.9805104, "positive": 0.007234182, "neutral": 0.012255369}, "highlights": [{"offset": 21, "length": 10}]}]}