{"document": {"sentiment": "negative", "confidence": {"negative": 99.988976, "positive": 0.0034093345, "neutral": 0.0076161018}}, "sentences": [{"content": "\ucd9c\uc0b0\uc77c\uc774 \ub2e4\uac00\uc624\ub2c8 \ubab8\uc774 \ub108\ubb34 \ubb34\uac81\uace0 \ud798\ub4e4\uc5b4.", "offset": 0, "length": 24, "sentiment": "negative", "confidence": {"negative": 0.99940014, "positive": 0.000265833, "neutral": 0.00033406075}, "highlights": [{"offset": 0, "length": 23}]}, {"content": " \uadfc\ub370 \ub0a8\ud3b8\uc774 \uc9d1\uc548\uc77c\uc744 \ub3c4\uc640\uc8fc\uc9c0\ub3c4 \uc54a\uc544.", "offset": 24, "length": 22, "sentiment": "negative", "confidence": {"negative": 0.9992768, "positive": 0.00014328714, "neutral": 0.00057987147}, "highlights": [{"offset": 4, "length": 17}]}]}