{"document": {"sentiment": "negative", "confidence": {"negative": 99.899826, "positive": 0.005914316, "neutral": 0.094262876}}, "sentences": [{"content": "\uc694\uc998 \uc77c\uc744 \ud574\uacb0\ud574 \ub098\uac08 \uc544\uc774\ub514\uc5b4\uac00 \uc798 \ub5a0\uc624\ub974\uc9c0 \uc54a\uc544.", "offset": 0, "length": 29, "sentiment": "negative", "confidence": {"negative": 0.99398935, "positive": 0.00035485896, "neutral": 0.0056557725}, "highlights": [{"offset": 13, "length": 15}]}]}