{"document": {"sentiment": "neutral", "confidence": {"negative": 0.00310569, "positive": 0.0010230176, "neutral": 99.99587}}, "sentences": [{"content": "\uc544\ube60\uac00 \uc8fc\ub294 \uc6a9\ub3c8\uc73c\ub85c \uce5c\uad6c\ub4e4\uc774\ub791 \ub9db\uc788\ub294\uac78 \uc0ac \uba39\uc5c8\ub294\ub370 \uc815\uc791 \uc544\ube60\ub294 \ucef5\ub77c\uba74\ub9cc \ub4dc\uc2dc\ub354\ub77c\uace0.", "offset": 0, "length": 48, "sentiment": "neutral", "confidence": {"negative": 3.1056898e-05, "positive": 1.0230175e-05, "neutral": 0.99995863}, "highlights": [{"offset": 30, "length": 17}]}]}