{"document": {"sentiment": "negative", "confidence": {"negative": 99.98834, "positive": 0.0053209593, "neutral": 0.0063331355}}, "sentences": [{"content": "\uac00\ub054 \uc544\ub4e4\uc774 \uac19\uc740 \uc2e4\uc218\ub97c \ubc18\ubcf5\ud558\uba74 \ud55c\uc2ec\ud558\ub2e4\ub294 \uc0dd\uac01\uc774 \ub4e4\uc5b4.", "offset": 0, "length": 32, "sentiment": "negative", "confidence": {"negative": 0.9993007, "positive": 0.00031925755, "neutral": 0.00037998814}, "highlights": [{"offset": 3, "length": 28}]}]}