{"document": {"sentiment": "negative", "confidence": {"negative": 99.98826, "positive": 0.0049781916, "neutral": 0.006762571}}, "sentences": [{"content": "\uc2dc\ub204\uc774\uac00 \ub098\uc5d0\uac8c \ud574 \uc628 \uac83\ub3c4 \uc5c6\uc774 \uc2dc\uc9d1\uc640\uc11c \ud638\uac15\ud55c\ub2e4\uace0 \uc27d\uac8c \ub9d0\uc744 \ud574\uc11c \ud654\uac00 \ub098.", "offset": 0, "length": 44, "sentiment": "negative", "confidence": {"negative": 0.9992956, "positive": 0.0002986915, "neutral": 0.00040575428}, "highlights": [{"offset": 24, "length": 19}]}]}