{"document": {"sentiment": "negative", "confidence": {"negative": 99.98396, "positive": 0.009306296, "neutral": 0.0067334617}}, "sentences": [{"content": "\uac19\uc740 \uc2dc\uac04\uc744 \uacf5\ubd80\ud574\ub3c4 \ub2e4\ub978 \uc544\uc774\ub4e4\uc740 \uc131\uc801\uc774 \uc624\ub974\ub294\ub370 \ub098\ub9cc \ub5a8\uc5b4\uc838. \ub0b4\uac00 \ubaa8\uc790\ub780 \uac83 \uac19\uace0 \uad1c\ud788 \uc5f4\ub4f1\uac10\uae4c\uc9c0 \ub290\uaef4\uc838.", "offset": 0, "length": 62, "sentiment": "negative", "confidence": {"negative": 0.9990376, "positive": 0.00055837777, "neutral": 0.0004040077}, "highlights": [{"offset": 37, "length": 24}]}]}