{"document": {"sentiment": "negative", "confidence": {"negative": 99.962944, "positive": 0.0065530655, "neutral": 0.030499894}}, "sentences": [{"content": "\uacb0\ud63c\uacfc \ucd9c\uc0b0\uc73c\ub85c \uc0b4\uc774 \uae09\uaca9\ud788 \uca98\ub354\ub2c8 \ub0a8\uc758 \uc2dc\uc120\uc774 \ub108\ubb34 \uc2e0\uacbd \uc4f0\uc774\ub124.", "offset": 0, "length": 37, "sentiment": "negative", "confidence": {"negative": 0.9977768, "positive": 0.00039318393, "neutral": 0.0018299937}, "highlights": [{"offset": 0, "length": 20}]}]}