{"document": {"sentiment": "neutral", "confidence": {"negative": 0.5477923, "positive": 0.0671334, "neutral": 99.38507}}, "sentences": [{"content": "\uc624\ub298 \uc544\uce68\uc5d0 \uac70\uc6b8\uc744 \ubd24\ub294\ub370 \ud314\uc790\uc8fc\ub984\uc774 \uc0dd\uae34 \uac70 \uc788\uc9c0.", "offset": 0, "length": 29, "sentiment": "neutral", "confidence": {"negative": 0.0054779234, "positive": 0.00067133404, "neutral": 0.9938508}, "highlights": [{"offset": 15, "length": 13}]}]}