{"document": {"sentiment": "negative", "confidence": {"negative": 99.97907, "positive": 0.009011113, "neutral": 0.011916146}}, "sentences": [{"content": "\ub0a8\uc758 \uc2dc\uc120\uc73c\ub85c \uc778\ud574\uc11c \uc815\ub9d0 \uc2a4\ud2b8\ub808\uc2a4 \ubc1b\ub294 \uc77c\uc774 \uc788\uc5c8\uc5b4.", "offset": 0, "length": 30, "sentiment": "negative", "confidence": {"negative": 0.99874437, "positive": 0.0005406668, "neutral": 0.0007149687}, "highlights": [{"offset": 0, "length": 29}]}]}