{"document": {"sentiment": "neutral", "confidence": {"negative": 0.34533462, "positive": 0.024945999, "neutral": 99.62972}}, "sentences": [{"content": "\ud68c\uc0ac\uc5d0\uc11c \uc5f4\uc2ec\ud788 \uc9c4\ud589\ud574\uc624\ub358 \ud504\ub85c\uc81d\ud2b8\uac00 \ub9c8\uc9c0\ub9c9\uc5d0 \uc2b9\uc778\uc774 \uac70\uc808\ub410\uc5b4.", "offset": 0, "length": 35, "sentiment": "neutral", "confidence": {"negative": 0.0034533464, "positive": 0.00024946002, "neutral": 0.9962973}, "highlights": [{"offset": 15, "length": 19}]}]}