{"document": {"sentiment": "neutral", "confidence": {"negative": 0.08823992, "positive": 0.16748223, "neutral": 99.74428}}, "sentences": [{"content": "\uc9c4\ub85c\ub97c \ub0b4\uac00 \uc6d0\ud558\ub294 \uac70\ub85c \ubc14\uafc0 \ud070 \uacb0\uc2ec\uc744 \ud558\uace0 \uc870\uc2ec\uc2a4\ub7fd\uac8c \ubd80\ubaa8\ub2d8\uc5d0\uac8c \ub9d0\ud560 \uae30\ud68c\ub97c \ucc3e\uace0 \uc788\ub2e4.", "offset": 0, "length": 51, "sentiment": "neutral", "confidence": {"negative": 0.00088239927, "positive": 0.0016748224, "neutral": 0.99744284}, "highlights": [{"offset": 26, "length": 22}]}]}