{"document": {"sentiment": "negative", "confidence": {"negative": 99.966774, "positive": 0.0036804623, "neutral": 0.029546525}}, "sentences": [{"content": "\uc560\ub4e4\uc774 \ub2e4 \uadf8\ub7f0\uac00 \uc548 \uc2f8\uc6b4\ub2e4 \uc57d\uc18d\ud574\ub193\uace0 \ub610 \uc2f8\uc6cc\uc11c \uc6b8\uace0\ubd88\uace0 \ub09c\ub9ac\uc57c.", "offset": 0, "length": 37, "sentiment": "negative", "confidence": {"negative": 0.9980064, "positive": 0.00022082773, "neutral": 0.0017727915}, "highlights": [{"offset": 16, "length": 14}]}]}