{"document": {"sentiment": "negative", "confidence": {"negative": 99.981255, "positive": 0.0073910523, "neutral": 0.011355616}}, "sentences": [{"content": "\ud559\uad50 \uce5c\uad6c\ub4e4\uc774 \uc774\uc720 \uc5c6\uc774 \ub098\ub97c \uad34\ub86d\ud788\ub294 \uac83 \uac19\uc544.", "offset": 0, "length": 27, "sentiment": "negative", "confidence": {"negative": 0.9988752, "positive": 0.00044346313, "neutral": 0.00068133697}, "highlights": [{"offset": 0, "length": 26}]}]}