{"document": {"sentiment": "negative", "confidence": {"negative": 99.9824, "positive": 0.007178474, "neutral": 0.010422022}}, "sentences": [{"content": "\uc5c4\ub9c8\uac00 \ub0b4\uc2e0\uad00\ub9ac\uac00 \uc911\uc694\ud558\ub2e4\uace0 \ud588\ub294\ub370 \ub9d0 \ub4e4\uc744\uac78 \ub108\ubb34 \ud6c4\ud68c\ub3fc.", "offset": 0, "length": 33, "sentiment": "negative", "confidence": {"negative": 0.998944, "positive": 0.00043070846, "neutral": 0.00062532135}, "highlights": [{"offset": 20, "length": 12}]}]}