{"document": {"sentiment": "neutral", "confidence": {"negative": 0.4056575, "positive": 0.16291998, "neutral": 99.43142}}, "sentences": [{"content": "\ud615\uc774\ub791 \ubaa9\uc695\ud0d5\uc5d0 \uac14\ub294\ub370 \uc65c\uc18c\ud55c \ub0b4 \uccb4\uad6c\ub791 \ube44\uad50\ub3fc\uc11c \ubab8\uc744 \uac00\ub838\uc5b4.", "offset": 0, "length": 35, "sentiment": "neutral", "confidence": {"negative": 0.004056575, "positive": 0.0016291997, "neutral": 0.99431413}, "highlights": [{"offset": 13, "length": 21}]}]}