{"document": {"sentiment": "negative", "confidence": {"negative": 99.99945, "positive": 0.0003067469, "neutral": 0.00024226068}}, "sentences": [{"content": "\ub0b4\uc77c \uac00\uc871 \uc5ec\ud589\uc744 \uac00\ub294\ub370 \uc2dc\ud5d8\uc774 \ucf54\uc55e\uc774\ub77c \ub108\ubb34 \uc9dc\uc99d\ub098.", "offset": 0, "length": 30, "sentiment": "negative", "confidence": {"negative": 0.9999671, "positive": 1.8404813e-05, "neutral": 1.4535641e-05}, "highlights": [{"offset": 14, "length": 15}]}]}