{"document": {"sentiment": "negative", "confidence": {"negative": 99.97903, "positive": 0.0049300604, "neutral": 0.016041666}}, "sentences": [{"content": "\ub0a8\uc790\uce5c\uad6c\uac00 \uacf5\ubd80\ub97c \uc5f4\uc2ec\ud788 \uc548 \ud574\uc11c \ucde8\uc5c5\uc774 \uc548 \ub420\uae4c \uac71\uc815\uc774\uc57c.", "offset": 0, "length": 33, "sentiment": "negative", "confidence": {"negative": 0.9987417, "positive": 0.00029580362, "neutral": 0.00096249994}, "highlights": [{"offset": 19, "length": 13}]}]}