{"document": {"sentiment": "negative", "confidence": {"negative": 99.989365, "positive": 0.0051380866, "neutral": 0.005493669}}, "sentences": [{"content": "\uc870\ub9cc\uac04 \ud68c\uc0ac\uc5d0\uc11c \ubb34\uc2a8 \ud569\uc219\uc774\ub77c\ub3c4 \ud560 \ud310\uc774\uc57c \ub108\ubb34 \uc9dc\uc99d\ub098.", "offset": 0, "length": 31, "sentiment": "negative", "confidence": {"negative": 0.99936205, "positive": 0.0003082852, "neutral": 0.00032962012}, "highlights": [{"offset": 4, "length": 26}]}]}