{"document": {"sentiment": "negative", "confidence": {"negative": 99.96046, "positive": 0.0071524945, "neutral": 0.032390073}}, "sentences": [{"content": "\uc774\ubc88\uc5d0 \ub538\uc774 \uc0dd\uacbc\uc73c\uba74 \uc2f6\uc5c8\ub294\ub370 \uc544\ub4e4\uc744 \ucd9c\uc0b0\ud558\uac8c \ub418\uc5b4 \uc548\ud0c0\uae4c\uc6cc.", "offset": 0, "length": 34, "sentiment": "negative", "confidence": {"negative": 0.99762744, "positive": 0.00042914966, "neutral": 0.0019434043}, "highlights": [{"offset": 17, "length": 16}]}]}