{"document": {"sentiment": "negative", "confidence": {"negative": 99.97343, "positive": 0.007254008, "neutral": 0.019319814}}, "sentences": [{"content": "\uac19\uc740 \ubc18 \uc544\uc774\uc5d0\uac8c \ud559\uad50\ud3ed\ub825\uc744 \ub2f9\ud588\ub294\ub370 \uc2e0\uace0\ub97c \ud558\uc9c0 \uc54a\uc740 \uac8c \ud6c4\ud68c\ub3fc.", "offset": 0, "length": 37, "sentiment": "negative", "confidence": {"negative": 0.9984055, "positive": 0.00043524048, "neutral": 0.0011591888}, "highlights": [{"offset": 21, "length": 15}]}]}