{"document": {"sentiment": "negative", "confidence": {"negative": 99.99599, "positive": 0.0019298155, "neutral": 0.002086845}}, "sentences": [{"content": "\ub3c8\uc744 \ube4c\ub824 \uac00\uc11c \uc81c\ub300\ub85c \uc548 \uac1a\uc740 \uc9c0\uc778\uc744 \uc0dd\uac01\ud558\ub2c8 \ub108\ubb34 \ud654\uac00 \ub098.", "offset": 0, "length": 35, "sentiment": "negative", "confidence": {"negative": 0.9997589, "positive": 0.00011578893, "neutral": 0.0001252107}, "highlights": [{"offset": 13, "length": 21}]}]}