{"document": {"sentiment": "negative", "confidence": {"negative": 99.25011, "positive": 0.026773695, "neutral": 0.7231218}}, "sentences": [{"content": "\ub09c \ud559\uc6d0\uc5d0 \ub2e4\ub140\uc11c \ubd80\uc871\ud55c \ubd80\ubd84\uc744 \ucc44\uc6b0\uace0 \uc2f6\uc740\ub370 \ubd80\ubaa8\ub2d8 \uc77c\uc744 \ub3c4\uc640\ub4dc\ub824\uc57c \ud574.", "offset": 0, "length": 41, "sentiment": "negative", "confidence": {"negative": 0.9550062, "positive": 0.0016064217, "neutral": 0.04338731}, "highlights": [{"offset": 26, "length": 14}]}]}