{"document": {"sentiment": "negative", "confidence": {"negative": 91.70139, "positive": 0.011738233, "neutral": 8.286871}}, "sentences": [{"content": "\uc624\ub79c\ub9cc\uc5d0 \ud734\uc77c\uc774\ub77c\uc11c \uc9d1\uc5d0\uc11c \uc880 \uc26c\ub824\uace0 \ud588\ub294\ub370 \ub3c4\ub300\uccb4 \uac00\uc871\ub4e4\uc774 \ub3c4\uc640\uc8fc\uc9c0\ub97c \uc54a\uc544.", "offset": 0, "length": 43, "sentiment": "negative", "confidence": {"negative": 0.99994814, "positive": 1.00342095e-05, "neutral": 4.1788713e-05}, "highlights": [{"offset": 25, "length": 17}]}, {"content": " \ub0b4\uac00 \ubb34\uc2a8 \ucca0\ub85c \ub9cc\ub4e0 \uc0ac\ub78c\uc778 \uc904 \uc544\ub294\uac00 \ubd10.", "offset": 43, "length": 25, "sentiment": "negative", "confidence": {"negative": 0.9209791, "positive": 0.0014199625, "neutral": 0.0776009}, "highlights": [{"offset": 1, "length": 23}]}, {"content": " \ub098\ub3c4 \uc880 \uc26c\uc5b4\uc57c \ucda9\uc804\uc774 \ub418\ub294\ub370 \ub9d0\uc774\uc9c0.", "offset": 68, "length": 22, "sentiment": "neutral", "confidence": {"negative": 0.00025352047, "positive": 9.597367e-05, "neutral": 0.9996506}, "highlights": [{"offset": 1, "length": 17}]}]}