{"document": {"sentiment": "negative", "confidence": {"negative": 99.8993, "positive": 0.009576243, "neutral": 0.09112654}}, "sentences": [{"content": "\ub2e4\ub978 \uc0ac\ub78c\ub4e4\uc740 \ub2e4 \uc5f0\uc560\ub97c \ud558\ub294\ub370 \ub098\ub9cc \uc544\uc9c1\ub3c4 \uc5f0\uc560\ub97c \ubabb\ud588\uc5b4.", "offset": 0, "length": 33, "sentiment": "negative", "confidence": {"negative": 0.9939579, "positive": 0.00057457463, "neutral": 0.0054675923}, "highlights": [{"offset": 25, "length": 7}]}]}