{"document": {"sentiment": "negative", "confidence": {"negative": 99.98499, "positive": 0.009270188, "neutral": 0.005733993}}, "sentences": [{"content": "\uce5c\uad6c\ub4e4 \ubaa8\ub450 \uacb0\ud63c\ud574\uc11c \ud589\ubcf5\ud55c \uac00\uc815\uc744 \uc774\ub8ec\uac78 \ubcf4\ub2c8 \uc2a4\uc2a4\ub85c\uac00 \ub108\ubb34 \ud55c\uc2ec\ud574.", "offset": 0, "length": 39, "sentiment": "negative", "confidence": {"negative": 0.99909973, "positive": 0.0005562113, "neutral": 0.00034403958}, "highlights": [{"offset": 22, "length": 16}]}]}