{"document": {"sentiment": "negative", "confidence": {"negative": 99.99919, "positive": 0.00021524445, "neutral": 0.00059574924}}, "sentences": [{"content": "\ubcf4\ud5d8\uc0ac\uc5d0\uc11c \uc5f0\uae08\ubcf4\ud5d8 \uac00\uc785\ud558\ub77c\ub294 \uc548\ub0b4 \uc804\ud654\uac00 \uacc4\uc18d \uc640\uc11c \uadc0\ucc2e\uc544.", "offset": 0, "length": 34, "sentiment": "negative", "confidence": {"negative": 0.99995136, "positive": 1.2914667e-05, "neutral": 3.5744953e-05}, "highlights": [{"offset": 0, "length": 33}]}]}