{"document": {"sentiment": "neutral", "confidence": {"negative": 0.116148904, "positive": 0.19745594, "neutral": 99.68639}}, "sentences": [{"content": "\uc624\ub298\uc740 \ub9c8\uce68 \ub2f4\uc784\uc120\uc0dd\ub2d8\uc774 \uc548 \uacc4\uc154\uc11c \uc601\ud76c\ub97c \ub9c8\uc74c\uaecf \uace8\ud0d5\uba39\uc77c \uc218 \uc788\uc5c8\uc5b4.", "offset": 0, "length": 39, "sentiment": "neutral", "confidence": {"negative": 0.001161489, "positive": 0.0019745594, "neutral": 0.99686396}, "highlights": [{"offset": 28, "length": 10}]}]}