{"document": {"sentiment": "negative", "confidence": {"negative": 99.9735, "positive": 0.0051014055, "neutral": 0.021392312}}, "sentences": [{"content": "\uc6b0\ub9ac \uc5b8\ub2c8\ub294 \ub9e8\ub0a0 \ub098\ud55c\ud14c \uc9c0\uc801\uc9c8 \ud558\uba74\uc11c \uc790\uae30 \uc798\ubabb\uc740 \uc778\uc815\ud558\ub824 \ud558\uc9c0 \uc54a\uc544.", "offset": 0, "length": 40, "sentiment": "negative", "confidence": {"negative": 0.99817777, "positive": 0.00026976486, "neutral": 0.0015524591}, "highlights": [{"offset": 22, "length": 17}]}, {"content": " \uc815\ub9d0 \uc2a4\ud2b8\ub808\uc2a4 \ubc1b\uc544.", "offset": 40, "length": 12, "sentiment": "negative", "confidence": {"negative": 0.998643, "positive": 0.0003424038, "neutral": 0.0010146184}, "highlights": [{"offset": 1, "length": 10}]}]}