{"document": {"sentiment": "negative", "confidence": {"negative": 99.98056, "positive": 0.0061549363, "neutral": 0.013287477}}, "sentences": [{"content": "\ub098\ub294 \ub3d9\uc131\uc5f0\uc560 \uc911\uc778\ub370 \uc9c1\uc7a5 \ub3d9\ub8cc\ub4e4\uc774 \uc54c\uba74 \ub098\ub97c \uc2eb\uc5b4\ud560\uae4c \ubd10 \uac71\uc815\ub3fc.", "offset": 0, "length": 37, "sentiment": "negative", "confidence": {"negative": 0.9988335, "positive": 0.00036929618, "neutral": 0.0007972486}, "highlights": [{"offset": 23, "length": 13}]}]}