{"document": {"sentiment": "negative", "confidence": {"negative": 99.988594, "positive": 0.0028283247, "neutral": 0.008581321}}, "sentences": [{"content": "\uce5c\uad6c\ub791 \ub2e4\ud230 \uc774\ud6c4\ub85c \uce5c\uad6c\ub4e4\uc774 \ub0a0 \ud53c\ud558\ub294 \ub290\ub08c\uc774\ub77c \uc18d\uc0c1\ud574.", "offset": 0, "length": 31, "sentiment": "negative", "confidence": {"negative": 0.9993154, "positive": 0.00016969947, "neutral": 0.00051487924}, "highlights": [{"offset": 0, "length": 30}]}]}