{"document": {"sentiment": "negative", "confidence": {"negative": 99.98106, "positive": 0.0064899167, "neutral": 0.012452721}}, "sentences": [{"content": "\ub0b4\uac00 \uc131\uc801 \ub54c\ubb38\uc5d0 \uc758\uae30\uc18c\uce68\ud574 \uc788\ub294\ub370 \uc5b8\ub2c8\ub294 \ub0b4 \uc18d\ub3c4 \ubaa8\ub974\uace0 \ub098\ud55c\ud14c \uc794\uc18c\ub9ac\ub9cc \ud574.", "offset": 0, "length": 44, "sentiment": "negative", "confidence": {"negative": 0.99886346, "positive": 0.000389395, "neutral": 0.00074716326}, "highlights": [{"offset": 33, "length": 10}]}]}