{"document": {"sentiment": "negative", "confidence": {"negative": 99.97619, "positive": 0.010992596, "neutral": 0.012815114}}, "sentences": [{"content": "\uce5c\uad6c\uc640 \uc131\uc801\uc774 \ube44\uad50\ub418\ub294 \ub0b4\uac00 \ub108\ubb34 \ucd08\ub77c\ud574\uc9c0\ub294 \uac83 \uac19\uc544.", "offset": 0, "length": 30, "sentiment": "negative", "confidence": {"negative": 0.9985715, "positive": 0.0006595558, "neutral": 0.00076890684}, "highlights": [{"offset": 0, "length": 29}]}]}