{"document": {"sentiment": "negative", "confidence": {"negative": 99.969986, "positive": 0.013315353, "neutral": 0.016697362}}, "sentences": [{"content": "\uc5b4\uc81c \uc2dc\ud5d8\uc744 \ubabb \ubd10\uc11c \uc6b0\uc6b8\ud55c \ub9d8\uc5d0 \uc2dc\ud5d8\uc9c0\ub97c \ucc22\uc5b4\ubc84\ub838\ub294\ub370 \uc9c0\uae08\uc740 \ud6c4\ud68c\ub3fc.", "offset": 0, "length": 39, "sentiment": "negative", "confidence": {"negative": 0.9981993, "positive": 0.00079892116, "neutral": 0.0010018417}, "highlights": [{"offset": 31, "length": 7}]}]}