{"document": {"sentiment": "negative", "confidence": {"negative": 99.94051, "positive": 0.0038347372, "neutral": 0.055654135}}, "sentences": [{"content": "\uacb0\ud63c\ud558\uae30\ub85c \uc57d\uc18d\ud55c \ub0a8\uc790\uac00 \uc788\ub294\ub370 \uadf8\ucabd \uc9d1\uc548\uc5d0\uc11c \ub098\ub97c \ubc18\ub300\ud574.", "offset": 0, "length": 33, "sentiment": "negative", "confidence": {"negative": 0.9964307, "positive": 0.00023008423, "neutral": 0.003339248}, "highlights": [{"offset": 18, "length": 14}]}]}