{"document": {"sentiment": "negative", "confidence": {"negative": 99.99659, "positive": 0.00093022943, "neutral": 0.002480775}}, "sentences": [{"content": "\uc544\ube60\ub294 \uc26c\ub294 \ub0a0\ub3c4 \uc5c6\uc774 \uc77c\ud558\uc154\uc11c \ubcf4\uace0 \uc788\uc73c\uba74 \ub108\ubb34 \uc8c4\uc1a1\ud574.", "offset": 0, "length": 32, "sentiment": "negative", "confidence": {"negative": 0.9997954, "positive": 5.5813765e-05, "neutral": 0.00014884649}, "highlights": [{"offset": 0, "length": 31}]}]}