{"document": {"sentiment": "negative", "confidence": {"negative": 85.671165, "positive": 0.011682574, "neutral": 14.317153}}, "sentences": [{"content": "\uc544\ub0b4\uc640 \ub098\ub294 \uc784\uc2e0 \uacc4\ud68d\uc744 \uc138\uc6b0\uc9c0 \uc54a\uace0 \uc788\uc5b4.", "offset": 0, "length": 24, "sentiment": "neutral", "confidence": {"negative": 0.0013099585, "positive": 0.00032143868, "neutral": 0.99836856}, "highlights": [{"offset": 0, "length": 21}]}, {"content": " \uc804\uc5d0 \ud55c \ubc88 \uc544\uc774\ub97c \uc783\uc5b4\uc11c \uc0c1\ucc98\uac00 \ub418\uc5c8\uac70\ub4e0.", "offset": 24, "length": 25, "sentiment": "negative", "confidence": {"negative": 0.9956715, "positive": 0.0004963415, "neutral": 0.0038321589}, "highlights": [{"offset": 8, "length": 16}]}]}