{"document": {"sentiment": "negative", "confidence": {"negative": 99.98632, "positive": 0.0077441465, "neutral": 0.0059351893}}, "sentences": [{"content": "\ub204\ub098\ub294 \ud56d\uc0c1 \uc790\uae30\uac00 \uc4f4 \ubb3c\uac74\uc774\ub098 \uba39\uc740 \uc74c\uc2dd\uc744 \uc2a4\uc2a4\ub85c \uce58\uc6b8 \uc0dd\uac01\uc744 \uc548 \ud574\uc11c \ud55c\uc2ec\ud558\uac8c \ub290\uaef4\uc838.", "offset": 0, "length": 50, "sentiment": "negative", "confidence": {"negative": 0.9991792, "positive": 0.0004646488, "neutral": 0.00035611136}, "highlights": [{"offset": 32, "length": 17}]}]}