{"document": {"sentiment": "negative", "confidence": {"negative": 99.98249, "positive": 0.0051040174, "neutral": 0.012405252}}, "sentences": [{"content": "\ub0b4\uac00 \uacf5\ubd80\ub97c \uc798 \ubabb\ud558\ub294 \uac74 \ub0b4 \uba38\ub9ac\uac00 \ub098\ube60\uc11c \uadf8\ub7f0 \uac83 \uac19\ub2e4\ub294 \uc0dd\uac01\uc774 \ub4e4\uc5b4.", "offset": 0, "length": 41, "sentiment": "negative", "confidence": {"negative": 0.99894947, "positive": 0.00030624104, "neutral": 0.00074431516}, "highlights": [{"offset": 25, "length": 15}]}]}