{"document": {"sentiment": "negative", "confidence": {"negative": 99.97476, "positive": 0.0063408506, "neutral": 0.01889548}}, "sentences": [{"content": "\uc624\ub298 \uccab \ucd9c\uadfc\ud558\ub294 \ub0a0\uc778\ub370 \uc5b4\ub824\uc6b4 \uc5c5\ubb34\ub97c \ub9e1\uac8c \ub420\uae4c \ubd10 \ucd08\uc870\ud574.", "offset": 0, "length": 34, "sentiment": "negative", "confidence": {"negative": 0.99848586, "positive": 0.00038045103, "neutral": 0.0011337289}, "highlights": [{"offset": 14, "length": 19}]}]}