{"document": {"sentiment": "negative", "confidence": {"negative": 99.98855, "positive": 0.0065392647, "neutral": 0.00490891}}, "sentences": [{"content": "\uc77c\ud560 \uc0dd\uac01\uc740 \ud558\uc9c0 \uc54a\uace0 \uc6a9\ub3c8\ub9cc \ub2ec\ub77c\uace0 \ud558\ub294 \ud070\uc544\ub4e4\uc774 \ub108\ubb34 \ud55c\uc2ec\ud574.", "offset": 0, "length": 36, "sentiment": "negative", "confidence": {"negative": 0.9993131, "positive": 0.00039235587, "neutral": 0.0002945346}, "highlights": [{"offset": 24, "length": 11}]}]}