{"document": {"sentiment": "negative", "confidence": {"negative": 99.946045, "positive": 0.003408179, "neutral": 0.05055057}}, "sentences": [{"content": "\ud68c\uc0ac\uc5d0\uc11c \uc62c\ud574 \uc5f0\ubd09\uc5d0 \ub300\ud574 \uc544\ubb34\ub7f0 \ud611\uc758 \uc5c6\uc774 \ub3d9\uacb0 \ud1b5\ubcf4\ub97c \ud574\ubc84\ub838\uc5b4.", "offset": 0, "length": 37, "sentiment": "negative", "confidence": {"negative": 0.9967624, "positive": 0.00020449073, "neutral": 0.003033034}, "highlights": [{"offset": 15, "length": 21}]}]}