{"document": {"sentiment": "neutral", "confidence": {"negative": 0.31415924, "positive": 0.052622743, "neutral": 99.63322}}, "sentences": [{"content": "\uc624\ub298 \uce5c\uad6c \uc9d1\uc5d0 \ub180\ub7ec \uac14\ub294\ub370. \uc815\ub9d0 \uc9d1\uc774 \uc791\uc544\uc11c \uc774\ub7f0\ub370\ub3c4 \uc0ac\ub78c\uc774 \uc0ac\ub294 \uad6c\ub098 \ud588\uc5b4.", "offset": 0, "length": 45, "sentiment": "neutral", "confidence": {"negative": 0.0031415923, "positive": 0.0005262274, "neutral": 0.9963321}, "highlights": [{"offset": 20, "length": 7}]}]}