{"document": {"sentiment": "negative", "confidence": {"negative": 99.9689, "positive": 0.016523287, "neutral": 0.014571564}}, "sentences": [{"content": "\ub09c \ub178\uc778\uc774 \ub41c \ub0b4 \ubbf8\ub798\uac00 \uc5b4\ub450\uc6b4\ub370 \uacf5\ubb34\uc6d0 \uce5c\uad6c\ub294 \uc5f0\uae08 \ub355\uc5d0 \ub4e0\ub4e0\ud55c \uac83 \uac19\uc544\uc11c \uc9c8\ud22c\uac00 \ub098.", "offset": 0, "length": 49, "sentiment": "negative", "confidence": {"negative": 0.9981343, "positive": 0.0009913972, "neutral": 0.00087429385}, "highlights": [{"offset": 19, "length": 29}]}]}