{"document": {"sentiment": "neutral", "confidence": {"negative": 12.109401, "positive": 0.098436594, "neutral": 87.79216}}, "sentences": [{"content": "\ud559\uad50\uc5d0\uc11c \ucabd\uc9c0\uc2dc\ud5d8 \ucc44\uc810\uc744 \ud588\ub294\ub370 \uc624\ub2f5\uc778\ub370\ub3c4 \uc815\ub2f5\uc73c\ub85c \ucc44\uc810\ud588\uc5b4.", "offset": 0, "length": 34, "sentiment": "neutral", "confidence": {"negative": 0.12109401, "positive": 0.0009843659, "neutral": 0.87792164}, "highlights": [{"offset": 24, "length": 9}]}]}