{"document": {"sentiment": "negative", "confidence": {"negative": 99.99846, "positive": 0.0006461151, "neutral": 0.00089488697}}, "sentences": [{"content": "\uc9d1 \uc55e \uace8\ubaa9\uc5d0\uc11c \uc5b4\ub9b0\uc560\ub4e4\uc774 \ub2f4\ubc30\ub97c \ud53c\uc6b0\uace0 \uc788\uae30\uc5d0 \ub098\uac14\ub354\ub2c8 \uc138\uc0c1\uc774 \ubb34\ub108\uc9c0\ub354\ub77c.", "offset": 0, "length": 42, "sentiment": "negative", "confidence": {"negative": 0.9999076, "positive": 3.8766906e-05, "neutral": 5.369322e-05}, "highlights": [{"offset": 27, "length": 14}]}]}