{"document": {"sentiment": "negative", "confidence": {"negative": 99.97899, "positive": 0.008042954, "neutral": 0.012970418}}, "sentences": [{"content": "\uce5c\uad6c\uac00 \ub0b4\uac00 \uad34\ub86d\ud798\uc744 \ub2f9\ud560 \ub54c\uba74 \uc5b8\uc81c\ub4e0 \ucc3e\uc544\uc640 \uc8fc\uaca0\ub2e4\uace0 \ub9d0\ud574\ub193\uace0 \uc228\uc5b4\ubc84\ub838\uc5b4. \uc18d\uc0c1\ud574.", "offset": 0, "length": 47, "sentiment": "negative", "confidence": {"negative": 0.9987393, "positive": 0.00048257725, "neutral": 0.0007782251}, "highlights": [{"offset": 43, "length": 3}]}]}