{"document": {"sentiment": "positive", "confidence": {"negative": 0.025441017, "positive": 99.9648, "neutral": 0.009759679}}, "sentences": [{"content": "\uc624\ub298 \uc9c1\uc7a5\uc5d0\uc11c \ud68c\uc0ac \ub3d9\ub8cc\uc5d0\uac8c \uc18d \uc2dc\uc6d0\ud558\uac8c \ud55c \ub9c8\ub514\ub97c \ud588\ub354\ub2c8 \uc18d\uc774 \ud6c4\ub828\ud574!", "offset": 0, "length": 40, "sentiment": "positive", "confidence": {"negative": 0.001526461, "positive": 0.9978879, "neutral": 0.00058558077}, "highlights": [{"offset": 25, "length": 8}]}]}