{"document": {"sentiment": "negative", "confidence": {"negative": 99.975296, "positive": 0.004436122, "neutral": 0.020266393}}, "sentences": [{"content": "\uba70\ub290\ub9ac \uc0dd\uc77c\uc774\ub77c\uace0 \uc9d1\uc5d0 \ubd88\ub7ec\uc11c \ubc25\uc744 \uba39\uc774\ub294\ub370 \ubc18\ucc2c\uc774 \uc9dc\ub2e4\uace0 \ud558\ub354\ub77c.", "offset": 0, "length": 37, "sentiment": "negative", "confidence": {"negative": 0.9985178, "positive": 0.0002661673, "neutral": 0.0012159835}, "highlights": [{"offset": 25, "length": 8}]}]}