{"document": {"sentiment": "negative", "confidence": {"negative": 99.98693, "positive": 0.0060079363, "neutral": 0.007057808}}, "sentences": [{"content": "\uace7 \uc740\ud1f4\ud560 \ub54c\uac00 \ub2e4\uac00\uc624\ub294\ub370 \ub098\uc774\ub294 \ub4e4\uace0 \uc900\ube44\ud55c \uac83\uc740 \uc5c6\uc5b4\uc11c \ub108\ubb34 \uc6b0\uc6b8\ud574.", "offset": 0, "length": 40, "sentiment": "negative", "confidence": {"negative": 0.9992161, "positive": 0.00036047617, "neutral": 0.00042346847}, "highlights": [{"offset": 22, "length": 17}]}]}