{"document": {"sentiment": "neutral", "confidence": {"negative": 0.41217768, "positive": 0.06287633, "neutral": 99.52495}}, "sentences": [{"content": "\ud639\uc2dc\ub77c\ub3c4 \uc911\uac04\uace0\uc0ac \uc815\ub2f5\uc744 \uc798\ubabb \uc801\uc744\uae4c \ubd10 \ud558\ub098\ud558\ub098 \uc2e0\uc911\ud558\uac8c \uccb4\ud06c\ud588\uc5b4.", "offset": 0, "length": 38, "sentiment": "neutral", "confidence": {"negative": 0.0041217767, "positive": 0.0006287632, "neutral": 0.9952494}, "highlights": [{"offset": 28, "length": 9}]}]}