{"document": {"sentiment": "negative", "confidence": {"negative": 99.93101, "positive": 0.0068194135, "neutral": 0.062177006}}, "sentences": [{"content": "\uc2dc\uac04\uc740 \uc9c0\uae08 \uc5bc\ub9c8 \ub0a8\uc9c0 \uc54a\uc558\ub294\ub370 \ud480\uc9c0 \uc54a\uc740 \uc2dc\ud5d8\ubb38\uc81c\ub294 \ub108\ubb34 \ub9ce\uc774 \ub0a8\uc558\uc5b4.", "offset": 0, "length": 40, "sentiment": "negative", "confidence": {"negative": 0.99586016, "positive": 0.00040916482, "neutral": 0.0037306203}, "highlights": [{"offset": 24, "length": 15}]}]}