{"document": {"sentiment": "negative", "confidence": {"negative": 99.993126, "positive": 0.0026950422, "neutral": 0.004178114}}, "sentences": [{"content": "\uc2dc\ub825\uc774 \ub108\ubb34 \uc548 \uc88b\uc544\uc838\uc11c \uac80\uc0ac\ub97c \ubc1b\uc558\ub294\ub370 \uacb0\uacfc\uac00 \uc2ec\uac01\ud574.", "offset": 0, "length": 31, "sentiment": "negative", "confidence": {"negative": 0.9995876, "positive": 0.00016170253, "neutral": 0.00025068683}, "highlights": [{"offset": 23, "length": 7}]}]}