{"document": {"sentiment": "negative", "confidence": {"negative": 99.943275, "positive": 0.0043879137, "neutral": 0.05233543}}, "sentences": [{"content": "\ub09c \uc5c4\ub9c8 \uc790\uc2dd\uc778\ub370 \uc5c4\ub9c8\ub294 \uc65c \uc790\uc2dd \ub9d0\uc744 \uc548 \ub4e4\uc73c\ub824 \ud558\ub294\uc9c0 \ubaa8\ub974\uaca0\uc5b4.", "offset": 0, "length": 37, "sentiment": "negative", "confidence": {"negative": 0.99659663, "positive": 0.00026327482, "neutral": 0.003140126}, "highlights": [{"offset": 16, "length": 20}]}]}