{"document": {"sentiment": "negative", "confidence": {"negative": 99.98324, "positive": 0.007300409, "neutral": 0.009463339}}, "sentences": [{"content": "\ucd5c\uadfc \ub538\uacfc \ub300\ud654\ud558\ub294 \ub370 \uc5b4\ub824\uc6c0\uc774 \uc788\uc5b4\uc11c \uad34\ub85c\uc6b4\ub370 \ub0a8\ud3b8\uc740 \ub0b4 \ub9d0\uc744 \ub4e3\uae30\ubcf4\ub2e8 \ub098\ub97c \ube44\ub09c\ud574.", "offset": 0, "length": 48, "sentiment": "negative", "confidence": {"negative": 0.9989942, "positive": 0.00043802455, "neutral": 0.00056780037}, "highlights": [{"offset": 41, "length": 6}]}]}