{"document": {"sentiment": "positive", "confidence": {"negative": 0.02475847, "positive": 99.952995, "neutral": 0.022242824}}, "sentences": [{"content": "\uc77c\ud558\ub2e4 \uc544\ud30c \ubcd1\uc6d0\uc5d0 \uc2e4\ub824 \uac14\uc744 \ub54c \ubc14\ub85c \ub0a8\ud3b8\uc774 \ub2ec\ub824\uc640 \uc606\uc5d0 \uc788\uc5b4\uc8fc\uc5b4\uc11c \uace0\ub9c8\uc6e0\uc5b4.", "offset": 0, "length": 44, "sentiment": "positive", "confidence": {"negative": 0.0014855082, "positive": 0.99718, "neutral": 0.0013345694}, "highlights": [{"offset": 22, "length": 21}]}]}