{"document": {"sentiment": "negative", "confidence": {"negative": 99.98278, "positive": 0.0085989535, "neutral": 0.008619183}}, "sentences": [{"content": "\uac74\uac15 \ubb38\uc81c\ub85c \ub2e4\ub2c8\ub358 \uc9c1\uc7a5\uc744 \uadf8\ub9cc\ub480\ub294\ub370 \uc8fc\uc704 \uc0ac\ub78c\ub4e4\uc774 \ub098\ub97c \ubb34\uc2dc\ud574\uc11c \uc0c1\ucc98 \ubc1b\uc558\uc5b4.", "offset": 0, "length": 44, "sentiment": "negative", "confidence": {"negative": 0.99896693, "positive": 0.0005159372, "neutral": 0.00051715097}, "highlights": [{"offset": 21, "length": 22}]}]}