{"document": {"sentiment": "negative", "confidence": {"negative": 99.98115, "positive": 0.005819016, "neutral": 0.013033776}}, "sentences": [{"content": "\uac19\uc740 \ubc18 \uc544\uc774 \uc911 \ud55c \uba85\uc774 \ud3ed\ub825\uc744 \ub2f9\ud558\uace0 \ub530\ub3cc\ub9bc\ub2f9\ud558\ub294 \ubaa8\uc2b5\uc744 \uc9c0\ucf1c\ubcf4\uc558\uc5c8\uc5b4.", "offset": 0, "length": 41, "sentiment": "negative", "confidence": {"negative": 0.9984143, "positive": 0.0004064486, "neutral": 0.0011792231}, "highlights": [{"offset": 23, "length": 17}]}, {"content": " \uc774\ubc88\uc5d0 \ub0b4\uac00 \uc804\ud559\uc744 \uac00\uac8c \ub418\uc5c8\ub294\ub370 \ub9c8\uc74c\uc774 \ubd88\ud3b8\ud574.", "offset": 41, "length": 28, "sentiment": "negative", "confidence": {"negative": 0.99932337, "positive": 0.0002918333, "neutral": 0.00038483003}, "highlights": [{"offset": 20, "length": 7}]}]}