{"document": {"sentiment": "negative", "confidence": {"negative": 99.98411, "positive": 0.009236745, "neutral": 0.0066534984}}, "sentences": [{"content": "\uacc4\uc18d\ud574\uc11c \ud575\uc2ec\uc744 \uc7a1\uc9c0 \ubabb\ud558\uace0 \uac89\ub3c4\ub294 \ud68c\uc758\uac00 \uacc4\uc18d\ub418\uc5b4 \ub2f5\ub2f5\ud574.", "offset": 0, "length": 33, "sentiment": "negative", "confidence": {"negative": 0.9990466, "positive": 0.0005542047, "neutral": 0.0003992099}, "highlights": [{"offset": 16, "length": 16}]}]}