{"document": {"sentiment": "negative", "confidence": {"negative": 99.983604, "positive": 0.0063463203, "neutral": 0.010045484}}, "sentences": [{"content": "\ud559\uad50\uc5d0\uc11c \ud63c\uc790 \ubc25\uc744 \uba39\ub294\ub370 \uc0ac\ub78c\ub4e4\uc774 \ub0a0 \uc5b4\ub5bb\uac8c \ubcfc\uc9c0 \uc758\uc2dd\ub3fc\uc11c \uadf8\uac8c \ucc3d\ud53c\ud574.", "offset": 0, "length": 41, "sentiment": "negative", "confidence": {"negative": 0.9990165, "positive": 0.0003807792, "neutral": 0.00060272904}, "highlights": [{"offset": 29, "length": 11}]}]}