{"document": {"sentiment": "positive", "confidence": {"negative": 0.039081078, "positive": 85.682, "neutral": 14.278923}}, "sentences": [{"content": "\uba87 \ub144 \ub3d9\uc548 \uc54c\uace0 \uc9c0\ub0b4\ub294 \uc9c0\uc778\uc774 \uc788\ub294\ub370 \uc790\uc8fc \ub9cc\ub098\uc11c \uc598\uae30\ub3c4 \ud558\uace0 \uace0\ubbfc \uc0c1\ub2f4\ub3c4 \ud574.", "offset": 0, "length": 45, "sentiment": "neutral", "confidence": {"negative": 0.00023677367, "positive": 0.0005610707, "neutral": 0.9992022}, "highlights": [{"offset": 36, "length": 8}]}, {"content": "  \ubd80\ub2f4 \uc5c6\uc774 \ub300\ud560 \uc218 \uc788\ub294 \uc0ac\ub78c\uc774\ub77c \ub298 \uace0\ub9c8\uc6cc.", "offset": 45, "length": 27, "sentiment": "positive", "confidence": {"negative": 0.002498902, "positive": 0.9971787, "neutral": 0.00032244867}, "highlights": [{"offset": 2, "length": 24}]}]}