{"document": {"sentiment": "negative", "confidence": {"negative": 99.9976, "positive": 0.0013384568, "neutral": 0.0010639994}}, "sentences": [{"content": "\ub0b4\uac00 \uc655\ub530\ub77c\ub294 \uc0ac\uc2e4\uc744 \uc6b0\ub9ac \ubd80\ubaa8\ub2d8\uaed8\uc11c \uc544\uc2dc\uac8c \ub41c\ub2e4\uba74 \ub9c8\uc74c\uc774 \ucc22\uc5b4\uc9c0\uac8c \uc544\ud50c \uac70 \uac19\uc544.", "offset": 0, "length": 46, "sentiment": "negative", "confidence": {"negative": 0.99985576, "positive": 8.030741e-05, "neutral": 6.383996e-05}, "highlights": [{"offset": 29, "length": 16}]}]}