{"document": {"sentiment": "negative", "confidence": {"negative": 99.98416, "positive": 0.005432325, "neutral": 0.01040402}}, "sentences": [{"content": "\uace7 \uc9c1\uc7a5\uc5d0\uc11c \uc740\ud1f4\ud574\uc57c \ud574.", "offset": 0, "length": 14, "sentiment": "negative", "confidence": {"negative": 0.9990631, "positive": 0.00033880008, "neutral": 0.0005981666}, "highlights": [{"offset": 2, "length": 11}]}, {"content": " \uc544\ud30c\ud2b8 \ub300\ucd9c\uae08\uc774 \uc544\uc9c1 \ub0a8\uc544\uc788\ub294\ub370 \ub0a8\ud3b8\uacfc \uc5b4\ub5bb\uac8c \uc0c1\uc758\ud574\uc57c \ud560\uc9c0 \ud63c\ub780\uc2a4\ub7fd\ub124.", "offset": 14, "length": 41, "sentiment": "negative", "confidence": {"negative": 0.99903655, "positive": 0.0003130789, "neutral": 0.0006503157}, "highlights": [{"offset": 35, "length": 5}]}]}