{"document": {"sentiment": "negative", "confidence": {"negative": 99.990746, "positive": 0.0032871896, "neutral": 0.0059641767}}, "sentences": [{"content": "\uc911\ud559\uad50 \uc774 \ud559\ub144 \ub54c \uac19\uc740 \ubc18 \uce5c\uad6c\uc5d0\uac8c \uba54\uc2dc\uc9c0\ub97c \ubcf4\ub0b4\ub3c4 \ub2f5\uc7a5\uc774 \uc548 \uc640\uc11c \uc2ac\ud37c.", "offset": 0, "length": 42, "sentiment": "negative", "confidence": {"negative": 0.9994449, "positive": 0.00019723138, "neutral": 0.0003578506}, "highlights": [{"offset": 30, "length": 11}]}]}