{"document": {"sentiment": "negative", "confidence": {"negative": 99.982285, "positive": 0.007146702, "neutral": 0.0105697885}}, "sentences": [{"content": "\ub204\uad6c\ubcf4\ub2e4 \ubbff\uc5c8\ub358 \uce5c\uad6c\uac00 \uc6b0\ub9ac \uc9d1 \uac00\uc815\uc0ac\ub97c \ub9d0\ud558\uace0 \ub2e4\ub154\ub2e4\ub294 \uc0ac\uc2e4\uc744 \uc54c\uac8c \ub418\uc5b4\uc11c \ubc30\uc2e0\uac10\uc774 \ub4e4\uc5b4.", "offset": 0, "length": 51, "sentiment": "negative", "confidence": {"negative": 0.99893695, "positive": 0.00042880213, "neutral": 0.0006341873}, "highlights": [{"offset": 27, "length": 23}]}]}