{"document": {"sentiment": "neutral", "confidence": {"negative": 0.012424434, "positive": 0.023924315, "neutral": 99.96365}}, "sentences": [{"content": "\ub09c \uc608\uc804\ubd80\ud130 \ud30c\ud2f0\uc2dc\uc5d0\uac00 \uafc8\uc774\uc5b4\uc11c \ubca0\uc774\ud0b9\ub3c4 \ub9ce\uc774 \ud558\uace0 \ub514\uc800\ud2b8\ub3c4 \ub9ce\uc774 \ub9cc\ub4e4\uace0 \ud588\uc5c8\ub294\ub370 \ub9c9\uc0c1 \uc9c4\ub85c\ub97c \uadf8\ucabd\uc73c\ub85c \uc815\ud558\ub824\ub2c8 \ub9ce\uc774 \uace0\ubbfc\ub3fc.", "offset": 0, "length": 70, "sentiment": "neutral", "confidence": {"negative": 0.00012424432, "positive": 0.00023924313, "neutral": 0.9996364}, "highlights": [{"offset": 49, "length": 20}]}]}