{"document": {"sentiment": "negative", "confidence": {"negative": 99.024025, "positive": 0.01229038, "neutral": 0.9636834}}, "sentences": [{"content": "\ud1f4\uadfc\uc744 \uc548 \ud558\ub294 \uc8fc\ub9d0\uc5d0\ub294 \uc790\uae30\uacc4\ubc1c\uc744 \ud558\uace0 \uc2f6\uc5c8\ub294\ub370 \uc790\uafb8 \uc544\ubb34\uac83\ub3c4 \uc548 \ud558\uace0 \ub204\uc6cc \uc788\uac8c \ub3fc\uc11c \uace0\ubbfc\uc774\uc57c.", "offset": 0, "length": 55, "sentiment": "negative", "confidence": {"negative": 0.9414415, "positive": 0.0007374228, "neutral": 0.057821006}, "highlights": [{"offset": 0, "length": 23}]}]}