{"document": {"sentiment": "negative", "confidence": {"negative": 99.91908, "positive": 0.020685092, "neutral": 0.06023191}}, "sentences": [{"content": "\uc6b0\ub9ac \uc9d1\uc740 \ub0a8\uc544\uc120\ud638 \uc0ac\uc0c1\uc744 \uac00\uc9c0\uc2e0 \ubd84\ub4e4\uc774 \ub9ce\uc740\ub370 \uba85\uc808\ub0a0\ub9c8\ub2e4 \ub098\uc5d0\uac8c\ub294 \uad00\uc2ec\uc744 \uc548 \uc918\uc11c \uc678\ub85c\uc6cc.", "offset": 0, "length": 51, "sentiment": "negative", "confidence": {"negative": 0.9951449, "positive": 0.0012411055, "neutral": 0.0036139146}, "highlights": [{"offset": 27, "length": 23}]}]}