{"document": {"sentiment": "negative", "confidence": {"negative": 99.96488, "positive": 0.009293405, "neutral": 0.02582093}}, "sentences": [{"content": "\uc9c1\uc7a5\uc5d0\uc11c \uc778\ub825 \uac10\ucd95\uc744 \uacb0\uc815\ud588\uace0 \uc7ac\uacc4\uc57d\uc744 \ubabb \ud558\uac8c \ub410\uc5b4.", "offset": 0, "length": 30, "sentiment": "negative", "confidence": {"negative": 0.9975712, "positive": 0.00030911696, "neutral": 0.0021197132}, "highlights": [{"offset": 0, "length": 29}]}, {"content": " \ub2e4\uc2dc \uc9c1\uc7a5\uc744 \uad6c\ud558\ub824\ub2c8 \ub9c9\ub9c9\ud558\uace0 \uc138\uc0c1\uc774 \ub098\ub97c \ubc84\ub9b0 \uac83\ub9cc \uac19\uc544.", "offset": 30, "length": 34, "sentiment": "negative", "confidence": {"negative": 0.9982152, "positive": 0.00080609164, "neutral": 0.0009787983}, "highlights": [{"offset": 4, "length": 9}]}]}