{"document": {"sentiment": "negative", "confidence": {"negative": 99.98208, "positive": 0.005868234, "neutral": 0.012054662}}, "sentences": [{"content": "\ud559\uad50\uc5d0\uc11c \uce5c\uad6c\uac00 \ub9de\ub294 \uac83\uc744 \ubcf4\uace0 \uacbd\ucc30\uc5d0 \uc2e0\uace0\ud588\ub294\ub370 \ub0b4\uac00 \uc2e0\uace0\ud55c \uac83\uc744 \ub4e4\ud0a8 \uac83 \uac19\uc544\uc11c \ub9ce\uc774 \ubd88\uc548\ud574.", "offset": 0, "length": 54, "sentiment": "negative", "confidence": {"negative": 0.99892455, "positive": 0.00035209404, "neutral": 0.0007232797}, "highlights": [{"offset": 18, "length": 35}]}]}