{"document": {"sentiment": "positive", "confidence": {"negative": 0.08765388, "positive": 84.50087, "neutral": 15.411477}}, "sentences": [{"content": "\uc5b4\ub838\uc744 \ub54c\ubd80\ud130 \uad70\uc778\uc774 \ub418\uaca0\ub2e4\ub294 \uafc8\uc744 \uac00\uc84c\uc5c8\ub294\ub370 \uc911\uac04\uc5d0 \ub2e4\ub978 \uafc8\uc73c\ub85c \ubc29\ud5a5\uc744 \ud2c0\uc5c8\uc5c8\uac70\ub4e0?", "offset": 0, "length": 47, "sentiment": "neutral", "confidence": {"negative": 0.0036129095, "positive": 0.0010011574, "neutral": 0.99538594}, "highlights": [{"offset": 8, "length": 18}]}, {"content": " \uadf8\ub7f0\ub370 \uacb0\uad6d\uc740 \ub450 \uafc8\uc744 \ud569\uccd0\uc11c \uc774\ub8e8\uac8c \ub420 \uac83 \uac19\uc544.", "offset": 47, "length": 29, "sentiment": "positive", "confidence": {"negative": 0.002522862, "positive": 0.91405964, "neutral": 0.08341746}, "highlights": [{"offset": 11, "length": 17}]}]}