{"document": {"sentiment": "negative", "confidence": {"negative": 99.97774, "positive": 0.010850997, "neutral": 0.011414577}}, "sentences": [{"content": "\uadf8\uac00 \uc5ec\ud0dc\uae4c\uc9c0 \ub098\ub791 \uc0ac\ub791\ud558\ub294 \ucc99\ud558\uba74\uc11c \ub098\ub97c \uc18d\uc5ec \uc654\ub358 \uac78 \uc0dd\uac01\ud558\ub2c8 \ub108\ubb34 \ud654\uac00 \ub098\uace0 \uc2ac\ud37c.", "offset": 0, "length": 49, "sentiment": "negative", "confidence": {"negative": 0.998664, "positive": 0.0006510598, "neutral": 0.00068487466}, "highlights": [{"offset": 30, "length": 18}]}]}