{"document": {"sentiment": "negative", "confidence": {"negative": 99.986374, "positive": 0.0049503283, "neutral": 0.00867689}}, "sentences": [{"content": "\uc6b0\ub9ac \uc544\ub4e4\ud558\uace0\ub294 \uc815\ub9d0 \ub300\ud654\uac00 \uc548 \ub3fc.", "offset": 0, "length": 20, "sentiment": "negative", "confidence": {"negative": 0.9993635, "positive": 0.00015214075, "neutral": 0.00048435337}, "highlights": [{"offset": 0, "length": 19}]}, {"content": " \uc774\uc820 \ub300\ud654 \uc911\uc5d0 \uc11c\ub85c \uc0c1\ucc98\ubc1b\ub294 \uac8c \ub290\uaef4\uc838.", "offset": 20, "length": 24, "sentiment": "negative", "confidence": {"negative": 0.9990012, "positive": 0.00044189865, "neutral": 0.00055687345}, "highlights": [{"offset": 4, "length": 19}]}]}