{"document": {"sentiment": "neutral", "confidence": {"negative": 0.01107085, "positive": 0.008066606, "neutral": 99.980865}}, "sentences": [{"content": "\uc624\ub298 \uce5c\uad6c\ub791 \uc2dd\ub2f9\uc744 \uac14\ub294\ub370 \ub0a8\uc790\uce5c\uad6c\uac00 \ub2e4\ub978 \uc5ec\uc790\ub791 \ubc25\uc744 \uba39\uace0 \uc788\ub354\ub77c.", "offset": 0, "length": 38, "sentiment": "neutral", "confidence": {"negative": 0.000110708505, "positive": 8.066606e-05, "neutral": 0.9998086}, "highlights": [{"offset": 24, "length": 13}]}]}