{"document": {"sentiment": "negative", "confidence": {"negative": 99.99913, "positive": 0.0003754046, "neutral": 0.00049271144}}, "sentences": [{"content": "\ub098\uc774\uac00 \ub4e4\uc5b4\uc11c\uc778\uc9c0 \uc870\uae08\uc774\ub77c\ub3c4 \ucc2c \uac83\uc744 \uba39\uc73c\uba74 \uc787\ubab8\uc774 \uc2dc\ub824\uc11c \ubd88\uc548\ud574.", "offset": 0, "length": 37, "sentiment": "negative", "confidence": {"negative": 0.9999479, "positive": 2.2524277e-05, "neutral": 2.9562685e-05}, "highlights": [{"offset": 10, "length": 23}]}]}