{"document": {"sentiment": "negative", "confidence": {"negative": 85.65581, "positive": 0.050042953, "neutral": 14.294153}}, "sentences": [{"content": "\ub0b4\uac00 \uc0dd\uc77c \uc120\ubb3c\ub85c \ube44\uc2fc \uc7a5\ub09c\uac10 \uc0ac\ub2ec\ub77c\uace0 \uce6d\uc5bc\ub314\ub294\ub370 \ub204\ub098\uac00 \uc790\uae30 \ub300\ud559 \ub4f1\ub85d\uae08\uc744 \uae68\uac00\uba74\uc11c \uc120\ubb3c\ud574\uc92c\uc5b4.", "offset": 0, "length": 54, "sentiment": "neutral", "confidence": {"negative": 0.00027236936, "positive": 0.00201697, "neutral": 0.9977107}, "highlights": [{"offset": 48, "length": 5}]}, {"content": " \ub204\ub098\uac00 \uadf8\ub807\uac8c\uae4c\uc9c0 \ud574\uc8fc\ub2c8 \ubbf8\uc548\ud574\uc11c \ub208\ubb3c\uc774 \ub098.", "offset": 54, "length": 26, "sentiment": "negative", "confidence": {"negative": 0.995634, "positive": 0.0014860368, "neutral": 0.0028800212}, "highlights": [{"offset": 11, "length": 14}]}]}