{"document": {"sentiment": "negative", "confidence": {"negative": 99.97881, "positive": 0.011075454, "neutral": 0.01010963}}, "sentences": [{"content": "\ucd5c\uadfc \uac11\uc790\uae30 \ub2e4\ub2c8\ub358 \uc9c1\uc7a5\uc744 \uadf8\ub9cc\ub450\uac8c \ub418\uc5b4\uc11c \uc55e\uc73c\ub85c \uc5b4\ub5bb\uac8c \uc0b4\uc544\uac00\uc57c \ud560\uc9c0 \ub9c9\ub9c9\ud574.", "offset": 0, "length": 44, "sentiment": "negative", "confidence": {"negative": 0.9987288, "positive": 0.00066452724, "neutral": 0.00060657784}, "highlights": [{"offset": 11, "length": 13}]}]}