{"document": {"sentiment": "negative", "confidence": {"negative": 99.98131, "positive": 0.007579776, "neutral": 0.011113518}}, "sentences": [{"content": "\ub300\ud559\uc5d0 \uc9c4\ud559\ud558\uace0 \uc2f6\uc740\ub370 \ubd80\ubaa8\ub2d8\uc740 \ub3c8\uc774 \uc5c6\ub2e4\uace0 \ucde8\uc5c5\ud558\ub77c\uace0 \ud558\uc154. \ub108\ubb34 \uc6b0\uc6b8\ud574.", "offset": 0, "length": 42, "sentiment": "negative", "confidence": {"negative": 0.9988784, "positive": 0.00045478655, "neutral": 0.0006668111}, "highlights": [{"offset": 35, "length": 6}]}]}