{"document": {"sentiment": "negative", "confidence": {"negative": 99.98481, "positive": 0.0070172343, "neutral": 0.008174201}}, "sentences": [{"content": "\ub178\ud6c4 \uc900\ube44\ub97c \uc720\ud559 \uac04 \uc544\uc774\ub4e4 \ub4b7\ubc14\ub77c\uc9c0 \ub54c\ubb38\uc5d0 \ud3ec\uae30\ud574\uc57c \ud574\uc11c \ube44\ud1b5\ud558\ub124.", "offset": 0, "length": 38, "sentiment": "negative", "confidence": {"negative": 0.9990885, "positive": 0.00042103406, "neutral": 0.00049045205}, "highlights": [{"offset": 25, "length": 12}]}]}