{"document": {"sentiment": "negative", "confidence": {"negative": 99.97313, "positive": 0.010110055, "neutral": 0.016758012}}, "sentences": [{"content": "\uc815\ub9d0 \uc131\uc2e4\ud788 \uc77c\uc744 \ud558\ub358 \ucc29\ud55c \uce5c\uad6c\uac00 \ubd88\uc758\uc758 \uc0ac\uace0\ub97c \ub2f9\ud588\uc5b4.", "offset": 0, "length": 32, "sentiment": "negative", "confidence": {"negative": 0.99838793, "positive": 0.0006066033, "neutral": 0.0010054806}, "highlights": [{"offset": 13, "length": 18}]}]}