{"document": {"sentiment": "neutral", "confidence": {"negative": 0.0018264344, "positive": 0.0025717213, "neutral": 99.995605}}, "sentences": [{"content": "\ub09c \uc624\ub298\ub3c4 \uc775\uc219\ud558\uac8c \ub0a8\ud3b8\uacfc \uc544\uc774\ub4e4 \ubc25 \uba3c\uc800 \ucc59\uaca8\uc8fc\uace0 \ub0a8\uc740 \ubc25\uc744 \uba39\uc5c8\uc5b4.", "offset": 0, "length": 39, "sentiment": "neutral", "confidence": {"negative": 1.8264343e-05, "positive": 2.5717214e-05, "neutral": 0.999956}, "highlights": [{"offset": 0, "length": 29}]}]}