{"document": {"sentiment": "negative", "confidence": {"negative": 99.954834, "positive": 0.016992485, "neutral": 0.028173346}}, "sentences": [{"content": "\ub0b4 \uce5c\uad6c\ub4e4\uc740 \uacf5\ubd80\ub97c \uc798 \ud558\ub294\ub370 \uc120\uc0dd\ub2d8\uc774 \uc628\uac16 \ud3b8\uc758\ub97c \ub204\ub9ac\uac8c \ud574\uc918\uc11c \ubd80\ub2f4\uc2a4\ub7ec\uc6cc.", "offset": 0, "length": 43, "sentiment": "negative", "confidence": {"negative": 0.99729, "positive": 0.0010195491, "neutral": 0.0016904008}, "highlights": [{"offset": 17, "length": 20}]}]}