{"document": {"sentiment": "negative", "confidence": {"negative": 99.98431, "positive": 0.006283394, "neutral": 0.009407308}}, "sentences": [{"content": "\ud604\uc7ac \uacf5\ubd80\ud558\uace0 \uc788\ub294 \uac83\uc744 \uc774\uc6a9\ud574\uc11c \ub0b4 \uc9c4\ub85c\ub97c \uc815\ud558\uace0 \uc2f6\uc740\ub370 \uc798 \ud560 \uc218 \uc788\uc744\uae4c \ubd88\uc548\ud558\ub124.", "offset": 0, "length": 48, "sentiment": "negative", "confidence": {"negative": 0.99905854, "positive": 0.00037700366, "neutral": 0.00056443847}, "highlights": [{"offset": 14, "length": 33}]}]}