{"document": {"sentiment": "negative", "confidence": {"negative": 99.974976, "positive": 0.0062090126, "neutral": 0.018817317}}, "sentences": [{"content": "\uc6b0\ub9ac \ubc18\uc5d0 \ub530\ub3cc\ub9bc \ub2f9\ud558\ub294 \uce5c\uad6c\uac00 \uc788\ub294\ub370 \ubaa8\ub978\ucc99 \ud558\ub824\ub2c8 \ubbf8\uc548\ud574.", "offset": 0, "length": 34, "sentiment": "negative", "confidence": {"negative": 0.99807334, "positive": 0.00036160246, "neutral": 0.0015650856}, "highlights": [{"offset": 22, "length": 8}]}, {"content": " \ubc29\uad00\uc790\uac00 \ub418\uc5b4\ubc84\ub824\uc11c \uc6b0\uc6b8\ud574.", "offset": 34, "length": 16, "sentiment": "negative", "confidence": {"negative": 0.9989235, "positive": 0.00038347906, "neutral": 0.0006929923}, "highlights": [{"offset": 1, "length": 14}]}]}