{"document": {"sentiment": "negative", "confidence": {"negative": 99.99137, "positive": 0.003625989, "neutral": 0.005006409}}, "sentences": [{"content": "\ub0a8\ud3b8\uc774 \ubc14\ub78c\uc744 \ud53c\uc6b0\ub294 \uac83 \uac19\uc544\uc11c \ub108\ubb34\ub108\ubb34 \uc18d\uc0c1\ud558\uace0 \ud798\ub4e4\uc5b4.", "offset": 0, "length": 32, "sentiment": "negative", "confidence": {"negative": 0.9994821, "positive": 0.00021755934, "neutral": 0.00030038453}, "highlights": [{"offset": 0, "length": 31}]}]}