{"document": {"sentiment": "neutral", "confidence": {"negative": 0.51068836, "positive": 0.11061037, "neutral": 99.3787}}, "sentences": [{"content": "\uc0ac\uadc0\ub294 \ub0a8\uc790\uac00 \uc788\ub294\ub370 \uc694\uc998\uc740 \uac19\uc774 \uc788\uc5b4\ub3c4 \ud63c\uc790 \uc788\ub294 \uae30\ubd84\uc774 \ub4e4\uc5b4.", "offset": 0, "length": 36, "sentiment": "neutral", "confidence": {"negative": 0.0051068836, "positive": 0.0011061038, "neutral": 0.99378705}, "highlights": [{"offset": 0, "length": 12}]}]}