{"document": {"sentiment": "positive", "confidence": {"negative": 0.0150249405, "positive": 99.973404, "neutral": 0.011574942}}, "sentences": [{"content": "\uc624\ub298 \ubcd1\uc6d0\uc744 \uac14\ub2e4 \uc654\ub354\ub2c8 \ub538\uc774 \ubbf8\uc5ed\uad6d\uc744 \ub053\uc5ec\uc92c\ub294\ub370 \uc815\ub9d0 \ub9db\uc788\uc5c8\uc5b4.", "offset": 0, "length": 36, "sentiment": "positive", "confidence": {"negative": 0.00090149645, "positive": 0.99840397, "neutral": 0.0006944965}, "highlights": [{"offset": 28, "length": 7}]}]}