{"document": {"sentiment": "negative", "confidence": {"negative": 99.98168, "positive": 0.0060263462, "neutral": 0.012291039}}, "sentences": [{"content": "\uc6b0\ub9ac \ub538\uc774 \ud559\uad50\uc5d0\uc11c \ub2e4\ub978 \uc544\uc774\ub4e4\uc744 \uad34\ub86d\ud600\uc11c \uc815\ud559\uc744 \ub2f9\ud588\ub2e4\uace0 \ud558\ub124.", "offset": 0, "length": 36, "sentiment": "negative", "confidence": {"negative": 0.99890065, "positive": 0.0002509213, "neutral": 0.00084840937}, "highlights": [{"offset": 24, "length": 9}]}, {"content": " \ubd80\ubaa8\ub85c\uc11c \ucc38\ub2f4\ud55c \uc2ec\uc815\uc774\uc57c.", "offset": 36, "length": 15, "sentiment": "negative", "confidence": {"negative": 0.99890125, "positive": 0.00047224027, "neutral": 0.0006265153}, "highlights": [{"offset": 1, "length": 13}]}]}