{"document": {"sentiment": "positive", "confidence": {"negative": 0.017502468, "positive": 99.93613, "neutral": 0.04637316}}, "sentences": [{"content": "\uc5c4\ub9c8\uac00 \ud559\uad50\uc5d0 \ucc3e\uc544\uc640\uc11c \ub0b4\uac00 \ub2f9\ud55c \ud3ed\ud589\uc5d0 \ub300\ud574 \uc120\uc0dd\ub2d8\uacfc \uc0c1\ub2f4\ud558\uace0 \ud559\ud3ed\uc704\ub97c \uc5f4\uc5b4\uc11c \ud574\uacb0\ud560 \uc218 \uc788\ub3c4\ub85d \ud798\uc368 \uc8fc\uc168\uc5b4.", "offset": 0, "length": 62, "sentiment": "positive", "confidence": {"negative": 0.001050148, "positive": 0.9961675, "neutral": 0.0027823895}, "highlights": [{"offset": 55, "length": 6}]}]}