{"document": {"sentiment": "negative", "confidence": {"negative": 99.97796, "positive": 0.007865426, "neutral": 0.0141768055}}, "sentences": [{"content": "\ub2e4\ub978 \uad34\ub86d\ud798\uc740 \ub2e4 \ucc38\uc544\ub3c4 \ub0b4 \ubd80\ubaa8\ub2d8 \uc695\ud558\ub294 \uac74 \uc815\ub9d0 \ucc38\uc744 \uc218 \uc5c6\uc5b4.", "offset": 0, "length": 37, "sentiment": "negative", "confidence": {"negative": 0.99867743, "positive": 0.00047192557, "neutral": 0.00085060834}, "highlights": [{"offset": 0, "length": 36}]}]}