{"document": {"sentiment": "negative", "confidence": {"negative": 99.97278, "positive": 0.013650263, "neutral": 0.013572514}}, "sentences": [{"content": "\uc560\ub4e4\uc774 \uc131\uc778\uc774 \ub418\uace0 \uac01\uc790\uc758 \uc0dd\ud65c\uc774 \uc788\ub2e4 \ubcf4\ub2c8 \uc774\uc81c \uc9d1\uc5d0 \ud65c\uae30\ucc30 \ub9cc\ud55c \uc77c\uc774 \uc5c6\uc5b4.", "offset": 0, "length": 44, "sentiment": "negative", "confidence": {"negative": 0.99836665, "positive": 0.0008190158, "neutral": 0.00081435085}, "highlights": [{"offset": 28, "length": 15}]}]}