{"document": {"sentiment": "negative", "confidence": {"negative": 99.97312, "positive": 0.007104351, "neutral": 0.019777492}}, "sentences": [{"content": "\ud559\uad50\ud3ed\ub825\uc744 \ub2f9\ud55c\ub2e4\uace0 \uc120\uc0dd\ub2d8\uaed8 \ub9d0\uc500\ub4dc\ub838\ub294\ub370 \ub0b4\uc77c \ubcf4\ubcf5\uc744 \ub2f9\ud560\uae4c \ubd10 \ub450\ub824\uc6cc.", "offset": 0, "length": 40, "sentiment": "negative", "confidence": {"negative": 0.9983871, "positive": 0.00042626107, "neutral": 0.0011866495}, "highlights": [{"offset": 11, "length": 12}]}]}