{"document": {"sentiment": "negative", "confidence": {"negative": 99.98425, "positive": 0.007850584, "neutral": 0.00789827}}, "sentences": [{"content": "\uc6b0\ub9ac \uc5c4\ub9c8 \uc544\ube60\ub294 \ubcf8\uc778 \ub9d0\uc774 \ubb34\uc870\uac74 \uc633\ub2e4\uace0 \ubbff\uc5b4. \ub0b4 \ub9d0\uc740 \ub2e4 \ubb34\uc2dc\ub3fc\uc11c \uc2a4\ud2b8\ub808\uc2a4 \ubc1b\uc544.", "offset": 0, "length": 48, "sentiment": "negative", "confidence": {"negative": 0.9990551, "positive": 0.00047103505, "neutral": 0.00047389622}, "highlights": [{"offset": 28, "length": 19}]}]}