{"document": {"sentiment": "negative", "confidence": {"negative": 99.960815, "positive": 0.011631828, "neutral": 0.027552119}}, "sentences": [{"content": "\ub098\ub294 \ubd80\ubaa8\ub2d8\ubcf4\ub2e4 \ud615\uc774 \ub354 \uc2a4\ud2b8\ub808\uc2a4\uc57c \ud615\uc774 \ube68\ub9ac \uad70\ub300\ub098 \uac14\uc73c\uba74 \uc88b\uaca0\uc5b4.", "offset": 0, "length": 38, "sentiment": "negative", "confidence": {"negative": 0.997649, "positive": 0.0006979097, "neutral": 0.0016531271}, "highlights": [{"offset": 0, "length": 37}]}]}