{"document": {"sentiment": "negative", "confidence": {"negative": 99.98207, "positive": 0.0073261787, "neutral": 0.0106001925}}, "sentences": [{"content": "\ub204\uad70\uac00\uc758 \uac70\uc9d3 \uc9c4\uc220\ub85c \uc778\ud574 \uce5c\uad6c\ub4e4\ub85c\ubd80\ud130 \ub530\ub3cc\ub9bc\uc744 \ub2f9\ud558\uac8c \ub418\uc5c8\uc5b4.", "offset": 0, "length": 35, "sentiment": "negative", "confidence": {"negative": 0.99892443, "positive": 0.00043957072, "neutral": 0.00063601154}, "highlights": [{"offset": 15, "length": 19}]}]}