{"document": {"sentiment": "negative", "confidence": {"negative": 99.98158, "positive": 0.006579665, "neutral": 0.011834392}}, "sentences": [{"content": "\uc9c1\uc7a5\ub3d9\ub8cc\uac00 \ud559\ubc8c\uc774 \ub098\ubcf4\ub2e4 \uc880 \ub098\uc740\ub370 \uadf8\uc774\uc720\ub85c \ub098\ub97c \ubb34\uc2dc\ud574.", "offset": 0, "length": 32, "sentiment": "negative", "confidence": {"negative": 0.9988952, "positive": 0.0003947799, "neutral": 0.00071006356}, "highlights": [{"offset": 20, "length": 11}]}]}