{"document": {"sentiment": "negative", "confidence": {"negative": 85.775085, "positive": 0.022489764, "neutral": 14.202421}}, "sentences": [{"content": "\ub300\ud559\uad50 \uc785\ud559\ud558\uc790\ub9c8\uc790 \ubbf8\ub9ac\ubbf8\ub9ac \ucde8\uc5c5 \uc900\ube44\ub97c \ud574\ub193\uc744 \uac78 \uadf8\ub7ac\uc5b4.", "offset": 0, "length": 33, "sentiment": "neutral", "confidence": {"negative": 0.004497603, "positive": 0.001426362, "neutral": 0.99407613}, "highlights": [{"offset": 16, "length": 16}]}, {"content": " \uc878\uc5c5\ud560 \ub54c\uac00 \ub418\ub2c8 \ub108\ubb34 \ud6c4\ud68c\ub41c\ub2e4.", "offset": 33, "length": 19, "sentiment": "negative", "confidence": {"negative": 0.99975866, "positive": 0.00014792151, "neutral": 9.338444e-05}, "highlights": [{"offset": 8, "length": 10}]}]}