{"document": {"sentiment": "negative", "confidence": {"negative": 99.98572, "positive": 0.0037382902, "neutral": 0.010543186}}, "sentences": [{"content": "\uc5bc\ub9c8 \uc804\uc5d0 \ucd9c\uc0b0\ud588\ub294\ub370 \ubab8\uc774 \uc608\uc804\ub9cc\ud07c \uc88b\uc9c0\uac00 \uc54a\uc544.", "offset": 0, "length": 27, "sentiment": "negative", "confidence": {"negative": 0.9995833, "positive": 0.00015136876, "neutral": 0.00026536264}, "highlights": [{"offset": 0, "length": 26}]}, {"content": " \uc774\ub7f0 \uc0c1\ud669\uc5d0\uc11c \ub0a8\ud3b8\uc774 \uc0ac\uc18c\ud55c \uac83\ub3c4 \uc794\uc18c\ub9ac\ud574\uc11c \ub108\ubb34 \ub2f9\ud669\uc2a4\ub7ec\uc6cc.", "offset": 27, "length": 35, "sentiment": "negative", "confidence": {"negative": 0.9987029, "positive": 0.00029722607, "neutral": 0.0009998197}, "highlights": [{"offset": 20, "length": 14}]}]}