{"document": {"sentiment": "positive", "confidence": {"negative": 0.02419722, "positive": 99.968834, "neutral": 0.0069717313}}, "sentences": [{"content": "\uc774\ub807\uac8c \uc218\ud589\ud3c9\uac00\ub97c \uc5f4\uc2ec\ud788 \uc900\ube44\ud574\uc11c \uc88b\uc740 \uc810\uc218\ub97c \ubc1b\uc740 \ub0b4\uac00 \uc790\ub791\uc2a4\ub7ec\uc6cc.", "offset": 0, "length": 38, "sentiment": "positive", "confidence": {"negative": 0.0014518333, "positive": 0.9981299, "neutral": 0.00041830388}, "highlights": [{"offset": 0, "length": 37}]}]}