{"document": {"sentiment": "negative", "confidence": {"negative": 99.94321, "positive": 0.0058934186, "neutral": 0.050901268}}, "sentences": [{"content": "\uc2e0\uc785 \uc0ac\uc6d0\uc774 \uc0c8\ub85c \ub4e4\uc5b4\uc654\ub294\ub370 \uc790\uafb8\ub9cc \ub098\uc5d0\uac8c \ub9d0\ub300\uafb8\ub97c \ud574.", "offset": 0, "length": 31, "sentiment": "negative", "confidence": {"negative": 0.99659234, "positive": 0.0003536051, "neutral": 0.003054076}, "highlights": [{"offset": 0, "length": 16}]}]}