{"document": {"sentiment": "negative", "confidence": {"negative": 99.98321, "positive": 0.008085534, "neutral": 0.00871005}}, "sentences": [{"content": "\ubb34\ucc99 \uac00\uace0 \uc2f6\uc5c8\ub358 \ud68c\uc0ac\uc5d0 \uc9c0\uc6d0\ud574\uc11c \ucd5c\uc885 \uba74\uc811\uae4c\uc9c0 \uc62c\ub77c\uac14\ub294\ub370 \uacb0\uad6d \ub5a8\uc5b4\uc84c\uc5b4. \ub108\ubb34 \uc2e4\ub9dd\uc2a4\ub7fd\uace0 \ubb58 \uc798\ubabb\ud588\ub294\uc9c0 \uacc4\uc18d \uc0dd\uac01\ud558\uac8c \ub3fc.", "offset": 0, "length": 69, "sentiment": "negative", "confidence": {"negative": 0.99899226, "positive": 0.00048513204, "neutral": 0.000522603}, "highlights": [{"offset": 42, "length": 9}]}]}