{"document": {"sentiment": "negative", "confidence": {"negative": 99.989, "positive": 0.004857896, "neutral": 0.006145748}}, "sentences": [{"content": "\ub3d9\uc0dd\uc758 \uc219\uc81c\ub97c \ub3c4\uc640\uc92c\ub294\ub370 \uace0\ub9d9\ub2e4\ub294 \ub9d0\uc744 \ud55c\ub9c8\ub514\ub3c4 \uc548 \ud558\ub354\ub77c. \uc815\ub9d0 \ubd84\ud558\uace0 \uc12d\uc12d\ud574\uc11c \ud654\uac00 \ub098!", "offset": 0, "length": 51, "sentiment": "negative", "confidence": {"negative": 0.99933976, "positive": 0.00029147376, "neutral": 0.00036874486}, "highlights": [{"offset": 14, "length": 18}]}]}