{"document": {"sentiment": "negative", "confidence": {"negative": 99.986336, "positive": 0.006032954, "neutral": 0.0076314467}}, "sentences": [{"content": "\ud56d\uc0c1 \ud300\uc73c\ub85c \ud504\ub85c\uc81d\ud2b8\ub97c \uc9c4\ud589\ud558\ub294\ub370 \uacf5\ub85c\ub294 \uc0c1\uc0ac\uac00 \ub2e4 \uac00\uc838\uac00\uc11c \uc9dc\uc99d \ub098.", "offset": 0, "length": 39, "sentiment": "negative", "confidence": {"negative": 0.99918014, "positive": 0.00036197723, "neutral": 0.0004578868}, "highlights": [{"offset": 3, "length": 35}]}]}