{"document": {"sentiment": "negative", "confidence": {"negative": 99.98262, "positive": 0.0050985487, "neutral": 0.012283174}}, "sentences": [{"content": "\ud559\uad50\uac00 \uc801\uc131\uc5d0 \uc548 \ub9de\ub294\ub370 \uc790\ud1f4\ud574\uc57c \ud560\uc9c0 \uadf8\ub0e5 \ub2e4\ub140\uc57c \ud560\uc9c0 \ud63c\ub780\uc2a4\ub7ec\uc6cc.", "offset": 0, "length": 38, "sentiment": "negative", "confidence": {"negative": 0.99895704, "positive": 0.00030591292, "neutral": 0.0007369905}, "highlights": [{"offset": 14, "length": 23}]}]}