{"document": {"sentiment": "negative", "confidence": {"negative": 99.94168, "positive": 0.0055944473, "neutral": 0.052728374}}, "sentences": [{"content": "\ub098\ub97c \ud1b5\ud574 \uc54c\uac8c \ub41c \ub450 \uc0ac\ub78c\uc774 \uc5b4\uc81c \uc2ec\ud558\uac8c \uc2f8\uc6b4 \uac83\uc744 \ubcf4\ub2c8 \ucda9\uaca9\uc801\uc774\uc57c.", "offset": 0, "length": 39, "sentiment": "negative", "confidence": {"negative": 0.9965006, "positive": 0.00033566685, "neutral": 0.0031637023}, "highlights": [{"offset": 13, "length": 25}]}]}