{"document": {"sentiment": "negative", "confidence": {"negative": 99.983696, "positive": 0.0074577187, "neutral": 0.00884991}}, "sentences": [{"content": "\ub108\ubb34 \ubd88\uacf5\ud3c9\ud558\uace0 \uc9dc\uc99d\uc774 \ub098. \ubd80\ubd80\uac00 \ub9de\ubc8c\uc774\ud558\ub294\ub370\ub3c4 \uac00\uc0ac\ub294 \uc804\ubd80 \ub0b4 \ucc28\uc9c0\uc57c.", "offset": 0, "length": 41, "sentiment": "negative", "confidence": {"negative": 0.99902153, "positive": 0.00044746313, "neutral": 0.0005309946}, "highlights": [{"offset": 0, "length": 9}]}]}