{"document": {"sentiment": "negative", "confidence": {"negative": 99.97382, "positive": 0.0099479025, "neutral": 0.016225185}}, "sentences": [{"content": "\uc900\ube44\ud558\ub358 \uc2dc\ud5d8\ub3c4 \ud569\uaca9\ud558\uace0 \ucde8\uc5c5\uc5d0 \uc131\uacf5\ud588\ub294\ub370 \ub9c8\uc74c\uc774 \ud56d\uc0c1 \ubd88\uc548\ud574.", "offset": 0, "length": 35, "sentiment": "negative", "confidence": {"negative": 0.9984296, "positive": 0.00059687416, "neutral": 0.00097351114}, "highlights": [{"offset": 0, "length": 34}]}]}