{"document": {"sentiment": "neutral", "confidence": {"negative": 0.037789684, "positive": 0.016491245, "neutral": 99.94572}}, "sentences": [{"content": "\uc720\ubc29\uc554 \uac80\uc9c4\uc744 \ubc1b\uc558\ub294\ub370 \uc758\uc0ac\uac00 \uc870\uc9c1\uac80\uc0ac\uac00 \ud544\uc694\ud558\ub2e4\uace0 \ud588\uc5b4.", "offset": 0, "length": 32, "sentiment": "neutral", "confidence": {"negative": 0.00037789682, "positive": 0.00016491246, "neutral": 0.9994572}, "highlights": [{"offset": 0, "length": 13}]}]}