{"document": {"sentiment": "negative", "confidence": {"negative": 99.94162, "positive": 0.0049116407, "neutral": 0.053471036}}, "sentences": [{"content": "\ub0b4 \uc55e\uc5d0\uc120 \ud56d\uc0c1 \uc6c3\uc73c\uc2dc\ub358 \uc544\ube60\uc778\ub370 \uc5b4\uc81c \uc544\ube60\uac00 \ub204\ub098\ub97c \ub54c\ub9ac\ub294 \uac78 \ubd10\ubc84\ub838\uc5b4.", "offset": 0, "length": 41, "sentiment": "negative", "confidence": {"negative": 0.99330795, "positive": 0.000424806, "neutral": 0.0062671253}, "highlights": [{"offset": 19, "length": 21}]}, {"content": " \ub108\ubb34 \uc2e4\ub9dd\uc774\uc57c.", "offset": 41, "length": 9, "sentiment": "negative", "confidence": {"negative": 0.999686, "positive": 0.00016459085, "neutral": 0.00014939919}, "highlights": [{"offset": 1, "length": 7}]}]}