{"document": {"sentiment": "negative", "confidence": {"negative": 99.97899, "positive": 0.006380415, "neutral": 0.014629345}}, "sentences": [{"content": "\uc62c\ud574\ub294 \ucde8\uc5c5\ud558\uae30\uac00 \uc5b4\ub824\uc6b8 \uac83 \uac19\uc544.", "offset": 0, "length": 19, "sentiment": "negative", "confidence": {"negative": 0.99931324, "positive": 0.0003121762, "neutral": 0.00037451892}, "highlights": [{"offset": 0, "length": 18}]}, {"content": " \uc900\ube44\ub97c \uc18c\ud640\ud788 \ud574\uc11c \uc5b4\ub5a4 \ud68c\uc0ac\ub3c4 \ub098\ub97c \ubc1b\uc544\uc904 \uac83 \uac19\uc9c0 \uc54a\uc544.", "offset": 19, "length": 34, "sentiment": "negative", "confidence": {"negative": 0.99816555, "positive": 0.0004534736, "neutral": 0.0013810025}, "highlights": [{"offset": 1, "length": 11}]}]}