{"document": {"sentiment": "negative", "confidence": {"negative": 99.97832, "positive": 0.010358256, "neutral": 0.011327493}}, "sentences": [{"content": "\uc740\ud1f4 \ud6c4\uc5d0 \ub0b4\uac00 \uacbd\uc81c\uc801\uc73c\ub85c \uc758\uc9c0\ud560 \uacf3\uc740 \uc5f0\uae08\ubc16\uc5d0 \uc5c6\uc5b4\uc11c \ub108\ubb34 \uc2ac\ud37c.", "offset": 0, "length": 37, "sentiment": "negative", "confidence": {"negative": 0.99869883, "positive": 0.00062149536, "neutral": 0.0006796496}, "highlights": [{"offset": 0, "length": 36}]}]}