{"document": {"sentiment": "negative", "confidence": {"negative": 99.98017, "positive": 0.0095526045, "neutral": 0.010278845}}, "sentences": [{"content": "\uce5c\uad6c\uac00 \uce5c\uad6c\ub4e4\uc744 \uad34\ub86d\ud788\uc9c0 \uc54a\uae30\ub85c \ub098\ub791 \uc57d\uc18d\ud588\ub294\ub370 \ub610 \ud559\uad50\ud3ed\ub825\uc744 \uc800\uc9c8\ub800\uc5b4. \uc18d\uc0c1\ud574.", "offset": 0, "length": 45, "sentiment": "negative", "confidence": {"negative": 0.99881005, "positive": 0.0005731563, "neutral": 0.0006167307}, "highlights": [{"offset": 41, "length": 3}]}]}