{"document": {"sentiment": "negative", "confidence": {"negative": 99.910675, "positive": 0.009581208, "neutral": 0.07974463}}, "sentences": [{"content": "\uc544\ubb34\ub798\ub3c4 \ub0b4\uac00 \ub098\uc774\uac00 \uc5b4\ub824\uc11c \uc9c4\uae09\uc774 \ube60\uc9c4 \uac70 \uac19\uc544.", "offset": 0, "length": 28, "sentiment": "negative", "confidence": {"negative": 0.9946405, "positive": 0.0005748725, "neutral": 0.0047846776}, "highlights": [{"offset": 16, "length": 11}]}]}