{"document": {"sentiment": "negative", "confidence": {"negative": 99.985146, "positive": 0.003981661, "neutral": 0.010869887}}, "sentences": [{"content": "\uc5c5\ubb34\ub97c \ub0b4\uac00 \ud558\ub77c\ub294 \ub300\ub85c \ud558\uc9c0 \uc54a\ub294 \ubc15 \uc8fc\uc784 \ub54c\ubb38\uc5d0 \uc694\uc998 \uc2a4\ud2b8\ub808\uc2a4\ub97c \ubc1b\uc544.", "offset": 0, "length": 41, "sentiment": "negative", "confidence": {"negative": 0.99910885, "positive": 0.00023889965, "neutral": 0.0006521932}, "highlights": [{"offset": 29, "length": 11}]}]}