{"document": {"sentiment": "negative", "confidence": {"negative": 99.97253, "positive": 0.006828923, "neutral": 0.020641845}}, "sentences": [{"content": "\ub0b4\uc77c\uc774 \uc2dc\ud5d8\uc778\ub370 \uc624\ub298 \uacf5\ubd80\ub97c \ud558\ub098\ub3c4 \uc548 \ud574\ubc84\ub838\uc5b4. \uac71\uc815\ub3fc.", "offset": 0, "length": 32, "sentiment": "negative", "confidence": {"negative": 0.9983517, "positive": 0.00040973537, "neutral": 0.0012385107}, "highlights": [{"offset": 28, "length": 3}]}]}