{"document": {"sentiment": "neutral", "confidence": {"negative": 0.07517694, "positive": 0.046063136, "neutral": 99.87876}}, "sentences": [{"content": "\ub098\ub294 \ud604\uc7ac \ud68c\uc0ac\uc5d0 \ub2e4\ub2c8\uace0 \uc788\ub294\ub370 \uc5b8\uc81c\uae4c\uc9c0 \uc774 \uc77c\uc744 \ud560 \uc218 \uc788\uc744\uc9c0 \ubaa8\ub974\uaca0\uc5b4.", "offset": 0, "length": 41, "sentiment": "neutral", "confidence": {"negative": 0.00075176934, "positive": 0.00046063136, "neutral": 0.9987876}, "highlights": [{"offset": 18, "length": 22}]}]}