{"document": {"sentiment": "negative", "confidence": {"negative": 99.98119, "positive": 0.0072921384, "neutral": 0.011515117}}, "sentences": [{"content": "\uc0c1\uc0ac\uc5d0\uac8c \uc601\uc5c5 \ub2a5\ub825\uc744 \uc778\uc815\ubc1b\uace0 \uc2f6\uc5c8\ub294\ub370 \ub9e4\ubc88 \uafb8\uc9c0\ub78c\ub9cc \ub4e3\uace0\uc788\uc5b4\uc11c \uc6b0\uc6b8\ud574.", "offset": 0, "length": 40, "sentiment": "negative", "confidence": {"negative": 0.9988716, "positive": 0.0004375283, "neutral": 0.00069090707}, "highlights": [{"offset": 25, "length": 14}]}]}