{"document": {"sentiment": "negative", "confidence": {"negative": 99.96755, "positive": 0.0114174215, "neutral": 0.021031938}}, "sentences": [{"content": "\uc0ac\uc815\uc774 \uc5b4\ub824\uc6cc\uc838 \ud615\ub2d8\uaed8 \ub3c8\uc744 \ube4c\ub9ac\ub824 \ud588\ub2e4\uac00 \ub4e4\uc740 \ub9d0\uc774 \uc78a\ud788\uc9c0 \uc54a\uc744 \ub9cc\ud07c \uc12d\uc12d\ud574.", "offset": 0, "length": 44, "sentiment": "negative", "confidence": {"negative": 0.9980531, "positive": 0.0006850453, "neutral": 0.0012619164}, "highlights": [{"offset": 24, "length": 19}]}]}