{"document": {"sentiment": "negative", "confidence": {"negative": 99.96741, "positive": 0.007023719, "neutral": 0.025572367}}, "sentences": [{"content": "\ub09c \ubbf8\uc220\uc774\ub098 \uc74c\uc545 \uac19\uc740 \uc608\uccb4\ub2a5 \uacfc\ubaa9\uc740 \uc798\ud558\ub294\ub370 \uad6d\uc601\uc218\ub294 \uc798 \ubabb \ud574\uc11c \uc18d\uc0c1\ud574.", "offset": 0, "length": 42, "sentiment": "negative", "confidence": {"negative": 0.99804425, "positive": 0.00042142314, "neutral": 0.0015343421}, "highlights": [{"offset": 26, "length": 15}]}]}