{"document": {"sentiment": "negative", "confidence": {"negative": 99.949005, "positive": 0.0050224625, "neutral": 0.045971744}}, "sentences": [{"content": "\uc624 \ub144 \ub118\uac8c \uc0ac\uadc0\uc5c8\ub358 \uc0ac\ub78c\uc774 \uacb0\ud63c\ud558\uc790\ub2c8\uae4c \uac11\uc790\uae30 \ud0dc\ub3c4\uac00 \ub3cc\ubcc0\ud558\ub124.", "offset": 0, "length": 36, "sentiment": "negative", "confidence": {"negative": 0.9969404, "positive": 0.00030134775, "neutral": 0.0027583046}, "highlights": [{"offset": 27, "length": 8}]}]}