{"document": {"sentiment": "negative", "confidence": {"negative": 99.99367, "positive": 0.0030215248, "neutral": 0.0033085414}}, "sentences": [{"content": "\uae40 \ub300\ub9ac\ub294 \ub098\uc5d0\uac8c\ub9cc \uac70\uc9d3\uc73c\ub85c \ubcf4\uace0\ub97c \ud558\uace0\ub294 \uc77c\uc744 \uc9c4\ud589\ud574\uc11c \ub108\ubb34 \ud654\uac00 \ub098.", "offset": 0, "length": 40, "sentiment": "negative", "confidence": {"negative": 0.9996202, "positive": 0.00018129149, "neutral": 0.00019851248}, "highlights": [{"offset": 24, "length": 15}]}]}