{"document": {"sentiment": "negative", "confidence": {"negative": 99.9725, "positive": 0.0066561243, "neutral": 0.020841371}}, "sentences": [{"content": "\ud559\uad50 \uc9c4\ub3c4\uac00 \ub108\ubb34 \ubc00\ub838\uc5b4. \ub530\ub77c\uc7a1\uc744 \uc218 \uc788\uc744\uc9c0 \uac71\uc815\uc774\uc57c.", "offset": 0, "length": 31, "sentiment": "negative", "confidence": {"negative": 0.99835014, "positive": 0.00039936745, "neutral": 0.0012504823}, "highlights": [{"offset": 15, "length": 15}]}]}