{"document": {"sentiment": "negative", "confidence": {"negative": 85.70185, "positive": 0.0049240673, "neutral": 14.293226}}, "sentences": [{"content": "\ub538\uc544\uc774\uac00 \uac74\uac15\uc774 \uc548 \uc88b\uc544\uc11c \ubcd1\uc6d0\uc5d0 \uc785\uc6d0\uc744 \ud588\uc5b4.", "offset": 0, "length": 26, "sentiment": "negative", "confidence": {"negative": 0.99901295, "positive": 0.00019012665, "neutral": 0.0007969589}, "highlights": [{"offset": 0, "length": 15}]}, {"content": " \ub098\ub3c4 \ub2e4\ub2c8\ub358 \uc9c1\uc7a5\uc5d0 \uc774\uc57c\uae30\ud558\uace0 \uba70\uce60 \ud734\uac00\ub97c \uc37c\uace0.", "offset": 26, "length": 28, "sentiment": "neutral", "confidence": {"negative": 0.00011650043, "positive": 0.00015455805, "neutral": 0.99972886}, "highlights": [{"offset": 8, "length": 19}]}]}