{"document": {"sentiment": "negative", "confidence": {"negative": 99.9963, "positive": 0.001669573, "neutral": 0.0020322567}}, "sentences": [{"content": "\ubaa9\uc801 \uc788\ub294 \uacf5\ubd80\ub97c \ud558\ub77c\uace0 \ud558\ub294\ub370 \uc774\ud574\uac00 \uc548 \uac00\uace0 \uba38\ub9ac\ub9cc \uc544\ud30c.", "offset": 0, "length": 34, "sentiment": "negative", "confidence": {"negative": 0.99977785, "positive": 0.00010017438, "neutral": 0.0001219354}, "highlights": [{"offset": 27, "length": 6}]}]}