{"document": {"sentiment": "negative", "confidence": {"negative": 99.960266, "positive": 0.0048062224, "neutral": 0.034928586}}, "sentences": [{"content": "\uc624\ub298 \ud559\uad50\uc5d0\uc11c \ub530\ub3cc\ub9bc \ub2f9\ud558\ub294 \uce5c\uad6c\uc758 \uad50\uacfc\uc11c\ub97c \uc228\uaca8\ubc84\ub838\uc5b4.", "offset": 0, "length": 31, "sentiment": "negative", "confidence": {"negative": 0.99761593, "positive": 0.00028837335, "neutral": 0.0020957151}, "highlights": [{"offset": 3, "length": 27}]}]}