{"document": {"sentiment": "negative", "confidence": {"negative": 99.976006, "positive": 0.004638743, "neutral": 0.019357622}}, "sentences": [{"content": "\uc740\ud1f4 \ud6c4\uc5d0 \uc218\ub3c4\uad8c \uc678\uacfd\uc73c\ub85c \uc774\uc0ac\ud558\ub824\ub294\ub370 \uac71\uc815\uc774\uc57c.", "offset": 0, "length": 27, "sentiment": "negative", "confidence": {"negative": 0.99856025, "positive": 0.0002783246, "neutral": 0.0011614573}, "highlights": [{"offset": 22, "length": 4}]}]}