{"document": {"sentiment": "positive", "confidence": {"negative": 0.13011113, "positive": 99.571266, "neutral": 0.29862425}}, "sentences": [{"content": "\uce5c\uad6c \uc544\ub4e4\uc774 \uce5c\uad6c\uc5d0\uac8c \uc5ec\ud589\ub3c4 \ubcf4\ub0b4\uc8fc\uba70 \uc0b4\ub730\ud788 \ucc59\uae34\ub2e4\uace0 \uc790\ub791\ud558\ub294\ub370 \ub108\ubb34 \uc0d8\uc774 \ub0ac\uc5b4.", "offset": 0, "length": 45, "sentiment": "positive", "confidence": {"negative": 0.0078066676, "positive": 0.9742759, "neutral": 0.017917454}, "highlights": [{"offset": 36, "length": 8}]}]}