{"document": {"sentiment": "negative", "confidence": {"negative": 99.95413, "positive": 0.005949518, "neutral": 0.03992153}}, "sentences": [{"content": "\uc9c1\uc7a5\ub3d9\ub8cc\ub4e4\uc5d0\uac8c \uc774\ub9ac\uc800\ub9ac \uce58\uc774\ub294 \uc2e0\uc138\uac00 \ub410\uc9c0\ub9cc \uc815\ub144\ud1f4\uc9c1 \uc804\uc5d4 \ud68c\uc0ac\ub97c \uadf8\ub9cc\ub458 \uc218 \uc5c6\uc5b4.", "offset": 0, "length": 46, "sentiment": "negative", "confidence": {"negative": 0.99724764, "positive": 0.00035697108, "neutral": 0.0023952918}, "highlights": [{"offset": 13, "length": 12}]}]}