{"document": {"sentiment": "negative", "confidence": {"negative": 99.98247, "positive": 0.008596209, "neutral": 0.008935497}}, "sentences": [{"content": "\uc544\ub0b4\ub791 \uc790\uafb8 \uc2f8\uc6b0\ub294\ub370 \uc774\ub7ec\ub2e4\uac00 \uc774\ud63c\ud558\uac8c \ub420 \uac83 \uac19\uc544\uc11c \ub108\ubb34 \uc2ac\ud37c.", "offset": 0, "length": 36, "sentiment": "negative", "confidence": {"negative": 0.99894816, "positive": 0.00051577255, "neutral": 0.0005361298}, "highlights": [{"offset": 12, "length": 23}]}]}