{"document": {"sentiment": "negative", "confidence": {"negative": 99.9849, "positive": 0.0045799087, "neutral": 0.010517082}}, "sentences": [{"content": "\ub0a8\ud3b8\uc774 \uc0ac\uc5c5\uc744 \uc2dc\uc791\ud55c\ub2e4\uba70 \ub2e4\ub2c8\ub358 \ud68c\uc0ac\ub97c \ud1f4\uc0ac\ub97c \ud574\uc11c \uc815\ub9d0 \ub2f9\ud639\uc2a4\ub7fd\uace0 \ud654\uac00 \ub098.", "offset": 0, "length": 43, "sentiment": "negative", "confidence": {"negative": 0.99909425, "positive": 0.00027479453, "neutral": 0.00063102494}, "highlights": [{"offset": 18, "length": 20}]}]}