{"document": {"sentiment": "negative", "confidence": {"negative": 99.97903, "positive": 0.009797963, "neutral": 0.011174393}}, "sentences": [{"content": "\uc911\uc694\ud55c \ud504\ub85c\uc81d\ud2b8\ub97c \ub9e1\uc544\uc11c \uc5f4\uc2ec\ud788 \uc900\ube44\ud574\uc11c \ubc1c\ud45c\ud588\ub294\ub370 \uc0ac\uc7a5\ub2d8\uc774 \ub108\ubb34 \ubb34\uc2dc\ud574\uc11c \uc0c1\ucc98\ubc1b\uc558\uc5b4.", "offset": 0, "length": 48, "sentiment": "negative", "confidence": {"negative": 0.9987417, "positive": 0.0005878778, "neutral": 0.0006704636}, "highlights": [{"offset": 14, "length": 33}]}]}