{"document": {"sentiment": "negative", "confidence": {"negative": 99.98992, "positive": 0.002801319, "neutral": 0.007277846}}, "sentences": [{"content": "\uc9c0\ub3c4\uad50\uc218\ub2d8\uc774 \ucd94\ucc9c\uc11c\ub97c \uc368\uc8fc\uae30\ub85c \ud588\ub294\ub370 \uc544\uc9c1 \uc5f0\ub77d\uc774 \uc5c6\uc5b4\uc11c \uc870\uae09\ud574.", "offset": 0, "length": 36, "sentiment": "negative", "confidence": {"negative": 0.99995065, "positive": 1.4166458e-05, "neutral": 3.5126577e-05}, "highlights": [{"offset": 0, "length": 21}]}, {"content": " \ub098\ub294 \uae09\ud55c\ub370 \uc5b8\uc81c \ud574\uc8fc\uc2e0\ub2e4\uace0 \ud655\ub2f5\uc774 \uc5c6\uc73c\ub2c8 \ub2f5\ub2f5\ud574.", "offset": 36, "length": 29, "sentiment": "negative", "confidence": {"negative": 0.9988398, "positive": 0.0003219918, "neutral": 0.00083821494}, "highlights": [{"offset": 17, "length": 11}]}]}