{"document": {"sentiment": "neutral", "confidence": {"negative": 1.5923069, "positive": 0.027110176, "neutral": 98.380585}}, "sentences": [{"content": "\uc694\uc998 \uc5ec\uc790\ub4e4\uc740 \uc65c \uadf8\ub807\uac8c \uc870\uac74\uc744 \ub9ce\uc774 \ub530\uc9c0\ub294\uc9c0 \ubaa8\ub974\uaca0\uc5b4.", "offset": 0, "length": 31, "sentiment": "neutral", "confidence": {"negative": 0.015923068, "positive": 0.00027110174, "neutral": 0.9838058}, "highlights": [{"offset": 10, "length": 20}]}]}