{"document": {"sentiment": "negative", "confidence": {"negative": 99.99433, "positive": 0.0018115585, "neutral": 0.0038558776}}, "sentences": [{"content": "\uc2dc\ud0a8 \ub300\ub85c \ud558\ub77c\uace0 \ud588\ub294\ub370 \uc2dc\ud0a4\ub294 \ub300\ub85c \ud588\ub2e4\uace0 \ud654\ub0b4.", "offset": 0, "length": 28, "sentiment": "negative", "confidence": {"negative": 0.99966, "positive": 0.00010869351, "neutral": 0.00023135265}, "highlights": [{"offset": 14, "length": 13}]}]}