{"document": {"sentiment": "neutral", "confidence": {"negative": 0.21423589, "positive": 0.04121651, "neutral": 99.744545}}, "sentences": [{"content": "\uc2a4\ubb3c\uc544\ud649 \uc0b4\uc774 \ub418\ub2c8\uae4c \uc810\uc810 \uacb0\ud63c\uc744 \ud574\uc57c \ud560 \uac83 \uac19\ub2e4\ub294 \uc0dd\uac01\uc774 \ub4e4\uc5b4.", "offset": 0, "length": 37, "sentiment": "neutral", "confidence": {"negative": 0.002142359, "positive": 0.00041216516, "neutral": 0.9974456}, "highlights": [{"offset": 5, "length": 31}]}]}