{"document": {"sentiment": "negative", "confidence": {"negative": 99.98204, "positive": 0.008001809, "neutral": 0.009961052}}, "sentences": [{"content": "\ubd80\uc7a5\ub2d8\uc774 \ud0c0 \ubd80\uc11c \uc9c1\uc6d0\uacfc \ubd88\ub95c\uad00\uacc4\ub77c\ub294 \uc0ac\uc2e4\uc744 \uc54c\uace0\uc11c \uac10\uc815\uc774 \ub9c8\ube44\ub41c \uac83 \uac19\uc740 \ucda9\uaca9\uc744 \ubc1b\uc558\uc5b4.", "offset": 0, "length": 50, "sentiment": "negative", "confidence": {"negative": 0.9989222, "positive": 0.00048010855, "neutral": 0.0005976631}, "highlights": [{"offset": 29, "length": 20}]}]}