{"document": {"sentiment": "negative", "confidence": {"negative": 99.99161, "positive": 0.002716186, "neutral": 0.005673403}}, "sentences": [{"content": "\uc544\uae4c \uc81c\ucd9c\ud588\ub358 \ubcf4\uace0\uc11c\uac00 \uc218\uc815\ud558\uae30 \uc804\uc758 \uc790\ub8cc\uc778\uc9c0 \uc218\uc815\ub41c \uc790\ub8cc\uc778\uc9c0 \uae30\uc5b5\uc774 \ub098\uc9c0 \uc54a\uc544\uc11c \ubd88\uc548\ud574.", "offset": 0, "length": 50, "sentiment": "negative", "confidence": {"negative": 0.9994966, "positive": 0.00016297116, "neutral": 0.00034040416}, "highlights": [{"offset": 35, "length": 14}]}]}