{"document": {"sentiment": "neutral", "confidence": {"negative": 0.40423217, "positive": 0.019751731, "neutral": 99.57602}}, "sentences": [{"content": "\uace7 \uc788\uc73c\uba74 \ub300\ud559\uad50 \uc6d0\uc11c \uc811\uc218\ud558\ub294 \ub0a0\uc778\ub370 \uc5b4\ub290 \uacf3\uc5d0 \uc9c0\uc6d0\ud574\uc57c \ud560\uc9c0 \ubaa8\ub974\uaca0\uc5b4.", "offset": 0, "length": 41, "sentiment": "neutral", "confidence": {"negative": 0.004042322, "positive": 0.0001975173, "neutral": 0.99576014}, "highlights": [{"offset": 22, "length": 18}]}]}