{"document": {"sentiment": "negative", "confidence": {"negative": 85.79415, "positive": 0.13244605, "neutral": 14.073402}}, "sentences": [{"content": "\uace0\ub4f1\ud559\uad50 \ub3d9\ucc3d\uc774 \uc8fc\uc2dd\uc73c\ub85c \ub3c8 \uc880 \ubc8c\ub354\ub2c8 \ubc25 \uc0ac\uc900\ub300.", "offset": 0, "length": 28, "sentiment": "neutral", "confidence": {"negative": 0.0069005867, "positive": 0.008801215, "neutral": 0.9842981}, "highlights": [{"offset": 18, "length": 9}]}, {"content": " \ub204\uad70 \uc544\uc9c1\ub3c4 \uc9c1\uc7a5 \ub2e4\ub2c8\uba74\uc11c \uc798\ub9b4\uae4c \uac71\uc815\ud558\ub294\ub370 \uc880 \uc584\ubbf8\uc6b4 \uac70 \uc788\uc9c0.", "offset": 28, "length": 37, "sentiment": "negative", "confidence": {"negative": 0.99868995, "positive": 0.000470008, "neutral": 0.00084005087}, "highlights": [{"offset": 26, "length": 10}]}]}