{"document": {"sentiment": "negative", "confidence": {"negative": 99.87289, "positive": 0.0073193396, "neutral": 0.11979123}}, "sentences": [{"content": "\ud68c\uc0ac\uc5d0\uc11c \uc2e4\uc2dc\ud588\ub358 \uac74\uac15\uac80\uc9c4 \uacb0\uacfc\ub97c \ubc1b\uc558\ub294\ub370 \ucc98\uc74c\uc5d4 \ub0b4 \ub208\uc744 \uc758\uc2ec\ud588\uc5b4.", "offset": 0, "length": 38, "sentiment": "negative", "confidence": {"negative": 0.9923734, "positive": 0.0004391604, "neutral": 0.007187474}, "highlights": [{"offset": 24, "length": 13}]}]}