{"document": {"sentiment": "negative", "confidence": {"negative": 99.98324, "positive": 0.0065699695, "neutral": 0.010188198}}, "sentences": [{"content": "\ud68c\uc0ac \ud569\ubcd1\uc73c\ub85c \uc778\ud574\uc11c \ub0b4\uac00 \ucc98\ub9ac\ud574\uc57c \ud560 \uc5c5\ubb34\uac00 \uc5c6\uc5b4\uc84c\ub294\ub370 \uc5b4\ucc0c\ud560\uc9c0 \ub9c8\ube44\ub41c \uac83 \uac19\uc544.", "offset": 0, "length": 46, "sentiment": "negative", "confidence": {"negative": 0.9989945, "positive": 0.00039419817, "neutral": 0.00061129185}, "highlights": [{"offset": 32, "length": 13}]}]}