{"document": {"sentiment": "negative", "confidence": {"negative": 99.97951, "positive": 0.005793132, "neutral": 0.014697393}}, "sentences": [{"content": "\ub098\ub294 \ud559\uad50 \ud3ed\ub825\uc744 \ub2f9\ud588\uc5b4.", "offset": 0, "length": 14, "sentiment": "negative", "confidence": {"negative": 0.9987876, "positive": 0.0004251124, "neutral": 0.00078733446}, "highlights": [{"offset": 0, "length": 13}]}, {"content": " \uadf8\ub7f0\ub370 \uadf8\uac83\ubcf4\ub2e4 \ub354 \uc5b5\uc6b8\ud55c \uac74 \ub2f9\ud55c \ub0b4\uac00 \uc804\ud559\uc744 \uac14\ub2e4\ub294 \uac70\uc57c.", "offset": 14, "length": 35, "sentiment": "negative", "confidence": {"negative": 0.99875367, "positive": 0.0002700634, "neutral": 0.0009763527}, "highlights": [{"offset": 5, "length": 29}]}]}