{"document": {"sentiment": "negative", "confidence": {"negative": 99.99936, "positive": 0.000206004, "neutral": 0.00043383313}}, "sentences": [{"content": "\uc624\ub298 \uac00\uc871\ub4e4\uc774\ub791 \uc5ec\ud589\uc744 \uac00\uae30\ub85c \ud588\ub294\ub370 \uc5ec\ud589\uc774 \ucde8\uc18c\ub410\uc5b4.", "offset": 0, "length": 30, "sentiment": "negative", "confidence": {"negative": 0.9999616, "positive": 1.236024e-05, "neutral": 2.6029988e-05}, "highlights": [{"offset": 21, "length": 8}]}]}