{"document": {"sentiment": "negative", "confidence": {"negative": 99.98088, "positive": 0.0033451242, "neutral": 0.01577721}}, "sentences": [{"content": "\uc7a0\uc2dc \ub0b4 \uc790\ucde8\ubc29\uc5d0 \uc2e0\uc138\ub97c \uc9c0\uaca0\ub2e4\ub294 \uce5c\uad6c\uac00 \ub098\uac08 \uc0dd\uac01\ub3c4 \uc54a\ub294\ub370\ub2e4 \ucf54\uae4c\uc9c0 \uc2ec\ud558\uac8c \uace8\uc544.", "offset": 0, "length": 46, "sentiment": "negative", "confidence": {"negative": 0.9988526, "positive": 0.00020070745, "neutral": 0.0009466325}, "highlights": [{"offset": 26, "length": 19}]}]}