{"document": {"sentiment": "negative", "confidence": {"negative": 99.99006, "positive": 0.0034023488, "neutral": 0.006537895}}, "sentences": [{"content": "\uc2dc\uc5b4\uba38\ub2c8\uc758 \uc804\ud654\ub9cc \uac78\ub824\uc640\ub3c4 \ub9c8\uc74c\uc774 \uc870\ub9c8\uc870\ub9c8\ud558\uace0 \ubd88\uc548\ud574.", "offset": 0, "length": 30, "sentiment": "negative", "confidence": {"negative": 0.9994036, "positive": 0.00020414093, "neutral": 0.0003922737}, "highlights": [{"offset": 15, "length": 14}]}]}