{"document": {"sentiment": "negative", "confidence": {"negative": 99.9805, "positive": 0.009784202, "neutral": 0.009716258}}, "sentences": [{"content": "\uc740\ud1f4\ub97c \ud558\uace0 \ub2e4\ub978 \uc0ac\ub78c\ub4e4\uc744 \ub9cc\ub098 \uac74\ub12c \uba85\ud568\uc774 \uc5c6\ub2e4\ub294 \uac83\uc744 \uc54c\uc558\uc744 \ub54c \uae30\ubd84\uc774 \ub9e4\uc6b0 \uc501\uc4f8\ud558\ub354\ub77c.", "offset": 0, "length": 51, "sentiment": "negative", "confidence": {"negative": 0.99883, "positive": 0.00058705214, "neutral": 0.0005829755}, "highlights": [{"offset": 38, "length": 12}]}]}