{"document": {"sentiment": "negative", "confidence": {"negative": 99.96267, "positive": 0.00512764, "neutral": 0.032202832}}, "sentences": [{"content": "\uc774\ubc88\uc5d0 \uc5ec\uc790\uce5c\uad6c\uc5d0\uac8c \ud504\ub7ec\ud3ec\uc988\ud558\uace0 \uc2f6\uc740\ub370 \uc5ec\uc790\uce5c\uad6c\uac00 \uc774\ud63c\ud55c \uacbd\ud5d8\uc774 \uc788\uc5b4\uc11c \uace0\ubc31\ud558\uae30\uac00 \uc870\uc2ec\uc2a4\ub7fd\ub124.", "offset": 0, "length": 52, "sentiment": "negative", "confidence": {"negative": 0.99776006, "positive": 0.0003076584, "neutral": 0.00193217}, "highlights": [{"offset": 40, "length": 11}]}]}