{"document": {"sentiment": "negative", "confidence": {"negative": 99.976974, "positive": 0.006959111, "neutral": 0.01606706}}, "sentences": [{"content": "\uac1c\ubc1c \uc911\uc778 \ud504\ub85c\uc81d\ud2b8\uc5d0\uc11c \uc7a5\uc560\uac00 \ubc1c\uc0dd\ud574\uc11c \uc624\ub298\ub3c4 \uc57c\uadfc\ud574\uc57c \ud560  \uac83 \uac19\uc544.", "offset": 0, "length": 39, "sentiment": "negative", "confidence": {"negative": 0.9986185, "positive": 0.00041754666, "neutral": 0.00096402364}, "highlights": [{"offset": 6, "length": 16}]}]}