{"document": {"sentiment": "negative", "confidence": {"negative": 99.97423, "positive": 0.0053575747, "neutral": 0.020412672}}, "sentences": [{"content": "\ub098 \uc5b4\uc81c \uc9d1\uc5d0\ub9cc \uc788\uc5c8\ub294\ub370 \uc5ec\uc790\uce5c\uad6c\uac00 \uc624\ud574\ud574\uc11c \ub108\ubb34 \uc5b5\uc6b8\ud574.", "offset": 0, "length": 32, "sentiment": "negative", "confidence": {"negative": 0.99845374, "positive": 0.00032145448, "neutral": 0.0012247603}, "highlights": [{"offset": 14, "length": 17}]}]}