{"document": {"sentiment": "negative", "confidence": {"negative": 99.975174, "positive": 0.0124259945, "neutral": 0.012403181}}, "sentences": [{"content": "\uc11c\uc6b8\uc5d0 \uc788\ub294 \ub300\ud559 \uc911 \ub0b4 \uc131\uc801\uc73c\ub85c \uc9c0\uc6d0\ud560 \uc218 \uc788\ub294 \uacf3\uc740 \uba87 \uc5c6\ub294 \uac83 \uac19\uc544\uc11c \ub108\ubb34 \uc2ac\ud37c.", "offset": 0, "length": 48, "sentiment": "negative", "confidence": {"negative": 0.9985102, "positive": 0.00074555964, "neutral": 0.0007441908}, "highlights": [{"offset": 0, "length": 47}]}]}