{"document": {"sentiment": "negative", "confidence": {"negative": 99.97756, "positive": 0.005119434, "neutral": 0.017319847}}, "sentences": [{"content": "\uc624\ub298 \uc601\uad6c \uc784\uc2e0 \ubd88\uac00\ub77c\ub294 \uc9c4\ub2e8\uc744 \ubc1b\uc544\uc11c \ube44\ud1b5\ud55c \uae30\ubd84\uc774 \ub4e4\uc5b4.", "offset": 0, "length": 33, "sentiment": "negative", "confidence": {"negative": 0.99865365, "positive": 0.00030716605, "neutral": 0.0010391908}, "highlights": [{"offset": 14, "length": 18}]}]}