{"document": {"sentiment": "negative", "confidence": {"negative": 99.99067, "positive": 0.003561772, "neutral": 0.005766814}}, "sentences": [{"content": "\uc560\ub4e4\uc774 \uc880 \ubaa8\uc790\ub780 \uce5c\uad6c\ub97c \ub530\ub3cc\ub824\uc11c \ub108\ubb34 \ud654\uac00 \ub098.", "offset": 0, "length": 27, "sentiment": "negative", "confidence": {"negative": 0.99944025, "positive": 0.00021370631, "neutral": 0.00034600883}, "highlights": [{"offset": 10, "length": 9}]}]}