{"document": {"sentiment": "positive", "confidence": {"negative": 0.014553573, "positive": 99.97126, "neutral": 0.014185163}}, "sentences": [{"content": "\uc774\ubc88\uc5d0 \uc785\uc0ac\ud55c \ud68c\uc0ac \uac70\ub798\ucc98\uac00 \uae30\ud55c\uc744 \uc798 \ub9de\ucdb0\uc918\uc11c \uc77c\ud558\uae30\uac00 \uc218\uc6d4\ud574.", "offset": 0, "length": 36, "sentiment": "positive", "confidence": {"negative": 0.0008732144, "positive": 0.99827564, "neutral": 0.0008511098}, "highlights": [{"offset": 0, "length": 27}]}]}