{"document": {"sentiment": "negative", "confidence": {"negative": 99.96426, "positive": 0.006332667, "neutral": 0.029408941}}, "sentences": [{"content": "\ub9c9\uc0c1 \uc740\ud1f4\ub97c \ud558\ub2c8\uae4c \uc0c1\uc2e4\uac10\uc774 \ucee4\uc11c \ubb34\uc5c7\uc744 \ud574\uc57c \ud560\uc9c0 \ubaa8\ub974\uaca0\uc5b4.", "offset": 0, "length": 34, "sentiment": "negative", "confidence": {"negative": 0.9978555, "positive": 0.00037996002, "neutral": 0.0017645365}, "highlights": [{"offset": 3, "length": 16}]}]}