{"document": {"sentiment": "negative", "confidence": {"negative": 99.984184, "positive": 0.0058816085, "neutral": 0.0099366605}}, "sentences": [{"content": "\uc791\ub144\uc5d0 \uc654\ub358 \uc774\uc9c1 \uc81c\uc548\uc744 \uac70\uc808\ud55c \uac8c \ud6c4\ud68c\ub3fc.", "offset": 0, "length": 24, "sentiment": "negative", "confidence": {"negative": 0.9990509, "positive": 0.00035289652, "neutral": 0.00059619965}, "highlights": [{"offset": 7, "length": 16}]}]}