{"document": {"sentiment": "negative", "confidence": {"negative": 99.99944, "positive": 0.00022744083, "neutral": 0.00033031337}}, "sentences": [{"content": "\ub531 \ud55c \ubc88 \uc219\uc81c \ubabb \ud588\ub294\ub370 \ubc18 \uc544\uc774\ub4e4\uc774 \ubcf4\ub294 \uc55e\uc5d0\uc11c \uc5c4\uccad \ud63c\uc774 \ub0ac\uc5b4.", "offset": 0, "length": 38, "sentiment": "negative", "confidence": {"negative": 0.9999666, "positive": 1.36464505e-05, "neutral": 1.9818803e-05}, "highlights": [{"offset": 15, "length": 22}]}]}