{"document": {"sentiment": "neutral", "confidence": {"negative": 0.09606498, "positive": 0.03715596, "neutral": 99.866776}}, "sentences": [{"content": "\uc544\ub0b4\uac00 \uc77c\uc774 \ubc14\ube60\uc11c \ud568\uaed8 \ud560 \uc2dc\uac04\uc774 \ubcc4\ub85c \uc5c6\ub294\ub370 \uba70\uce60 \ub4a4\uc5d0 \ub2e4\uc2dc \uc7a5\uae30 \ucd9c\uc7a5\uc744 \uac04\ub2e4\uace0 \ud558\ub124.", "offset": 0, "length": 50, "sentiment": "neutral", "confidence": {"negative": 0.0009606498, "positive": 0.0003715596, "neutral": 0.99866784}, "highlights": [{"offset": 0, "length": 11}]}]}