{"document": {"sentiment": "negative", "confidence": {"negative": 99.99949, "positive": 0.00027303913, "neutral": 0.0002357462}}, "sentences": [{"content": "\uacb0\ud63c\uc2dd \ub0a0\uc9dc\ub97c \uc7a1\uc544\ub193\uc558\ub294\ub370 \uc608\uc57d\ud55c \uacb0\ud63c\uc2dd\uc7a5\uc774 \ubb38\uc744 \ub2eb\uc544\uc11c \ub2f9\ud639\uc2a4\ub7ec\uc6cc.", "offset": 0, "length": 38, "sentiment": "negative", "confidence": {"negative": 0.9999695, "positive": 1.6382348e-05, "neutral": 1.4144773e-05}, "highlights": [{"offset": 15, "length": 22}]}]}