{"document": {"sentiment": "neutral", "confidence": {"negative": 0.08214843, "positive": 0.082968995, "neutral": 99.834885}}, "sentences": [{"content": "\ud604\uc7ac \uc9c1\uc7a5\uc5d0\uc11c \uc0ac \ub144 \ucc28 \ub300\ub9ac\ub85c \uc77c\ud558\uace0 \uc788\ub294\ub370 \ud68c\uc0ac\uc5d0 \ub2e4\ub2c8\uba74\uc11c \ub300\ud559\uc6d0 \uacf5\ubd80\ub3c4 \ud558\uace0 \uc788\uace0 \uc544\uc774\ub3c4 \ud0a4\uc6b0\uace0 \uc788\ub294 \uc0c1\ud669\uc774\uc57c.", "offset": 0, "length": 65, "sentiment": "neutral", "confidence": {"negative": 0.00082148437, "positive": 0.00082968996, "neutral": 0.99834883}, "highlights": [{"offset": 49, "length": 8}]}]}