{"document": {"sentiment": "negative", "confidence": {"negative": 99.99246, "positive": 0.001657925, "neutral": 0.0058762175}}, "sentences": [{"content": "\uc6b0\ub9ac \ub538 \ud559\uc5c5\uc5d0 \ub4dc\ub294 \ube44\uc6a9\uc774 \ub9cc\ub9cc\uce58\uc54a\uc544\uc11c \ub2e4\ub978 \uc9c1\uc7a5\uc744 \uc54c\uc544\ubd10\uc57c \ud560 \uac83 \uac19\uc544.", "offset": 0, "length": 42, "sentiment": "negative", "confidence": {"negative": 0.9995479, "positive": 9.9475496e-05, "neutral": 0.00035257306}, "highlights": [{"offset": 0, "length": 23}]}]}