{"document": {"sentiment": "negative", "confidence": {"negative": 99.95659, "positive": 0.004489114, "neutral": 0.038918726}}, "sentences": [{"content": "\ubbf8\uc220 \uc2e4\uae30\ub97c \uc900\ube44\ud558\ub824\uba74 \ud559\uc6d0\uc744 \ub2e4\ub140\uc57c \ud558\ub294\ub370 \ub3c8\uc774 \ub9ce\uc774 \ub4e4\uc5b4\uc11c \ubabb\ud560 \uac83 \uac19\uc544.", "offset": 0, "length": 43, "sentiment": "negative", "confidence": {"negative": 0.9973955, "positive": 0.00026934684, "neutral": 0.0023351235}, "highlights": [{"offset": 25, "length": 17}]}]}