{"document": {"sentiment": "negative", "confidence": {"negative": 99.980705, "positive": 0.009912225, "neutral": 0.009379185}}, "sentences": [{"content": "\uc774\ubc88 \uc2dc\ud5d8\uc5d0\uc11c\ub3c4 \ub0b4\uac00 \uc2eb\uc5b4\ud558\ub294 \ub3d9\uae30\uac00 \ub098\ubcf4\ub2e4 \uc88b\uc740 \ud559\uc810\uc744 \ubc1b\uc544\uc11c \uae30\ubd84 \ub098\ube60.", "offset": 0, "length": 42, "sentiment": "negative", "confidence": {"negative": 0.99884254, "positive": 0.0005947335, "neutral": 0.0005627511}, "highlights": [{"offset": 36, "length": 5}]}]}