{"document": {"sentiment": "negative", "confidence": {"negative": 99.9819, "positive": 0.008151375, "neutral": 0.009946524}}, "sentences": [{"content": "\uc544\ub4e4\uc774 \ud56d\uc0c1 \uc5c4\ub9c8\uac00 \ud558\ub294 \ub9d0\uc740 \ubb34\uc2a8 \ub9d0\uc774\ub4e0 \uc798 \ub4e4\uc5c8\ub294\ub370 \uc694\uc998 \uc880 \ud798\ub4e4\uac8c \ud558\ub124.", "offset": 0, "length": 43, "sentiment": "negative", "confidence": {"negative": 0.9989141, "positive": 0.0004890825, "neutral": 0.00059679145}, "highlights": [{"offset": 31, "length": 11}]}]}