{"document": {"sentiment": "positive", "confidence": {"negative": 0.022256976, "positive": 99.972916, "neutral": 0.0048254235}}, "sentences": [{"content": "\uc778\uc131\uc774 \ubc14\ub978 \uc544\uc774\ub85c \ud0a4\uc6b0\uace0 \uc2f6\uc5c8\ub294\ub370 \ub2e4\ud589\ud788 \ud559\uad50\uc5d0\uc11c \uad50\uc6b0 \uad00\uacc4\uac00 \uc88b\uc544 \uae30\ubd84\uc774 \uc88b\uc544.", "offset": 0, "length": 46, "sentiment": "positive", "confidence": {"negative": 0.0013354186, "positive": 0.99837506, "neutral": 0.0002895254}, "highlights": [{"offset": 20, "length": 25}]}]}