{"document": {"sentiment": "negative", "confidence": {"negative": 99.97112, "positive": 0.0042656544, "neutral": 0.024613686}}, "sentences": [{"content": "\uc9c1\uc7a5\uc5d0 \uc785\uc0ac\ud55c \uc9c0 \uc0bc \uac1c\uc6d4\uc774 \uc9c0\ub0ac\ub294\ub370 \ud68c\uc0ac \uc0ac\ub78c\ub4e4 \ub204\uad6c\uc640\ub3c4 \uce5c\ud574\uc9c0\uc9c0 \ubabb\ud558\uace0 \uc788\uc5b4.", "offset": 0, "length": 45, "sentiment": "negative", "confidence": {"negative": 0.9982672, "positive": 0.00025593926, "neutral": 0.0014768211}, "highlights": [{"offset": 21, "length": 21}]}]}