{"document": {"sentiment": "negative", "confidence": {"negative": 99.57188, "positive": 0.021137415, "neutral": 0.40698573}}, "sentences": [{"content": "\uc624\ube60\uac00 \ub098\ud55c\ud14c \uc790\uafb8 \ubb34\uc2a8 \uc77c\uc744 \uc2dc\ucf1c\uc11c \ub098\ub294 \uc624\ube60\ud55c\ud14c \uc790\uc8fc \ud234\ud234\ub300\ub294 \ud3b8\uc774\uc57c.", "offset": 0, "length": 41, "sentiment": "negative", "confidence": {"negative": 0.97431266, "positive": 0.0012682449, "neutral": 0.024419144}, "highlights": [{"offset": 21, "length": 19}]}]}