{"document": {"sentiment": "negative", "confidence": {"negative": 85.71266, "positive": 0.017061576, "neutral": 14.270274}}, "sentences": [{"content": "\uc774\ubc88\uc5d0 \ub0b4\uac00 \uc6d0\ud558\ub294 \ubaa8\uc758\uace0\uc0ac \ub4f1\uae09\uc774 \ub098\uc62c\uae4c?", "offset": 0, "length": 24, "sentiment": "neutral", "confidence": {"negative": 0.00093856116, "positive": 0.00077154476, "neutral": 0.9982899}, "highlights": [{"offset": 0, "length": 23}]}, {"content": " \uc2dc\ud5d8\uc744 \ubcfc \ub54c\ub9c8\ub2e4 \uc131\uc801\uc774 \ubc14\ub00c\uc5b4\uc11c \ubd88\uc548\ud574.", "offset": 24, "length": 24, "sentiment": "negative", "confidence": {"negative": 0.99894804, "positive": 0.00042276562, "neutral": 0.00062929053}, "highlights": [{"offset": 11, "length": 12}]}]}