{"document": {"sentiment": "negative", "confidence": {"negative": 99.98115, "positive": 0.0065499963, "neutral": 0.012305864}}, "sentences": [{"content": "\uba87\uba87 \uc560\ub4e4\uc774 \ub098\ub97c \ub530\ub3cc\ub9ac\ub824\ub294\uac70 \uac19\uc544\uc11c \uac71\uc815\ub3fc.", "offset": 0, "length": 25, "sentiment": "negative", "confidence": {"negative": 0.99886864, "positive": 0.0003929998, "neutral": 0.00073835184}, "highlights": [{"offset": 3, "length": 21}]}]}