{"document": {"sentiment": "negative", "confidence": {"negative": 99.976906, "positive": 0.003734964, "neutral": 0.019357262}}, "sentences": [{"content": "\uc624\ub298 \uba74\uc811 \uac14\ub294\ub370 \uba74\uc811\uad00\uc774 \uacf5\ubc31\uae30 \ub3d9\uc548 \ub180\uc558\ub290\ub0d0\uba74\uc11c \ube44\uc544\ub0e5\ub300\ub354\ub77c.", "offset": 0, "length": 36, "sentiment": "negative", "confidence": {"negative": 0.99861455, "positive": 0.00022409784, "neutral": 0.0011614357}, "highlights": [{"offset": 10, "length": 25}]}]}