{"document": {"sentiment": "negative", "confidence": {"negative": 99.97809, "positive": 0.0070186444, "neutral": 0.014893511}}, "sentences": [{"content": "\uc544\ube60\uac00 \ub0b4\uac00 \uacf5\ubd80\ub3c4 \ubabb\ud558\uace0 \uc57d\ud574\uc11c \uad34\ub86d\ud798\ub2f9\ud558\ub294 \uac70\ub798.", "offset": 0, "length": 29, "sentiment": "negative", "confidence": {"negative": 0.9987993, "positive": 0.00032725354, "neutral": 0.0008733264}, "highlights": [{"offset": 0, "length": 28}]}, {"content": " \uc544\ube60\uac00 \uadf8\ub7f0 \ub9d0\uc744 \ud574\uc11c \ub108\ubb34 \uc2ac\ud37c.", "offset": 29, "length": 20, "sentiment": "negative", "confidence": {"negative": 0.99857116, "positive": 0.0005149838, "neutral": 0.00091389497}, "highlights": [{"offset": 1, "length": 18}]}]}