{"document": {"sentiment": "negative", "confidence": {"negative": 99.96886, "positive": 0.005576515, "neutral": 0.0255701}}, "sentences": [{"content": "\uc870\uac74\uc744 \ubcf4\uace0 \uc911\ub9e4\ub97c \ud1b5\ud574 \uacb0\ud63c\uc744 \ud588\ub354\ub2c8 \uc0ac\ub791\ud558\ub294 \uac10\uc815\uc774 \uc798 \uc548 \ub4e4\uc5b4.", "offset": 0, "length": 38, "sentiment": "negative", "confidence": {"negative": 0.9970951, "positive": 0.00028718731, "neutral": 0.0026177573}, "highlights": [{"offset": 14, "length": 8}]}, {"content": " \ub2f5\ub2f5\ud558\uace0 \ud654\uac00 \ub098.", "offset": 38, "length": 11, "sentiment": "negative", "confidence": {"negative": 0.9991673, "positive": 0.00038199453, "neutral": 0.00045065465}, "highlights": [{"offset": 1, "length": 5}]}]}