{"document": {"sentiment": "neutral", "confidence": {"negative": 0.004302318, "positive": 0.001081238, "neutral": 99.99461}}, "sentences": [{"content": "\uc0ac\uc7a5\ub2d8\uc774 \ub098\ub97c \ubd88\ub7ec\uc11c \uac14\ub354\ub2c8 \uc815\ub144\uc774 \uc544\uc9c1 \ub0a8\uc558\uc9c0\ub9cc \uc870\uae08 \uc77c\ucc0d \ud1f4\uc0ac\ud558\ub77c\uace0 \uad8c\ud588\uc5b4.", "offset": 0, "length": 44, "sentiment": "neutral", "confidence": {"negative": 4.302318e-05, "positive": 1.08123795e-05, "neutral": 0.9999461}, "highlights": [{"offset": 34, "length": 9}]}]}