{"document": {"sentiment": "negative", "confidence": {"negative": 99.964195, "positive": 0.007306239, "neutral": 0.028500343}}, "sentences": [{"content": "\ubc1c\ud45c\ub97c \ud574\uc57c \ud558\ub294\ub370 \uce5c\uad6c\ub4e4 \uc55e\uc5d0\uc11c \ubc1c\ud45c\ub97c \ud558\uae30\uac00 \ub108\ubb34 \ubd80\ub044\ub7ec\uc6cc.", "offset": 0, "length": 35, "sentiment": "negative", "confidence": {"negative": 0.9978516, "positive": 0.00043837435, "neutral": 0.0017100206}, "highlights": [{"offset": 11, "length": 23}]}]}