{"document": {"sentiment": "negative", "confidence": {"negative": 99.88622, "positive": 0.0069525097, "neutral": 0.10682473}}, "sentences": [{"content": "\uc774 \uc218\ub2a5 \uc131\uc801\uc73c\ub85c\ub294 \uc544\ubb34\ub370\ub3c4 \uc9c0\uc6d0\ud560 \ub370\uac00 \uc5c6\uc5b4.", "offset": 0, "length": 26, "sentiment": "negative", "confidence": {"negative": 0.9931734, "positive": 0.0004171506, "neutral": 0.006409484}, "highlights": [{"offset": 16, "length": 9}]}]}