{"document": {"sentiment": "negative", "confidence": {"negative": 99.95305, "positive": 0.0034858566, "neutral": 0.04346439}}, "sentences": [{"content": "\uc9c0\uae08 \ub9cc\ub098\ub294 \uc0ac\ub78c\uacfc \uc5f0\uc560\ub97c \uc2dc\uc791\ud588\ub294\ub370 \uacb0\ud63c\uae4c\uc9c0\ub294 \uc0dd\uac01\uc774 \uc548 \ub4e4\uc5b4\uc11c \uace0\ubbfc\uc774\uc57c.", "offset": 0, "length": 42, "sentiment": "negative", "confidence": {"negative": 0.9971831, "positive": 0.0002091514, "neutral": 0.0026078634}, "highlights": [{"offset": 3, "length": 38}]}]}