{"document": {"sentiment": "negative", "confidence": {"negative": 99.94175, "positive": 0.002541651, "neutral": 0.055711824}}, "sentences": [{"content": "\ud734\ub300\uc804\ud654\uac00 \uace0\uc7a5 \ub098\uc11c \uc5f0\ub77d\uc744 \uc8fc\uace0\ubc1b\uc744 \uc218\uac00 \uc5c6\uc5b4.", "offset": 0, "length": 27, "sentiment": "negative", "confidence": {"negative": 0.9996749, "positive": 6.003436e-05, "neutral": 0.0002650779}, "highlights": [{"offset": 12, "length": 14}]}, {"content": " \uc9c1\uc7a5\uc5d0\uc11c \uc5f0\ub77d\uc774 \uc62c \uc218\ub3c4 \uc788\ub294\ub370 \uc5b4\ub5a1\ud558\uc9c0.", "offset": 27, "length": 24, "sentiment": "negative", "confidence": {"negative": 0.99333465, "positive": 0.00024496377, "neutral": 0.006420341}, "highlights": [{"offset": 19, "length": 4}]}]}