{"document": {"sentiment": "negative", "confidence": {"negative": 99.99463, "positive": 0.0027133077, "neutral": 0.0026555548}}, "sentences": [{"content": "\uc544\ube60 \uc9c1\uc7a5 \ub54c\ubb38\uc5d0 \uc804\ud559\uc744 \uc624\uac8c \ub418\uc5c8\ub294\ub370 \uc804\ud559 \uc628 \uac83\uc774 \ub108\ubb34 \ud6c4\ud68c\uac00 \ub3fc.", "offset": 0, "length": 39, "sentiment": "negative", "confidence": {"negative": 0.9996779, "positive": 0.00016279846, "neutral": 0.00015933329}, "highlights": [{"offset": 22, "length": 16}]}]}