{"document": {"sentiment": "negative", "confidence": {"negative": 99.976776, "positive": 0.0061729928, "neutral": 0.017047398}}, "sentences": [{"content": "\uc785\uc0ac\ud558\uace0 \uc2f6\uc740 \uae30\uc5c5\uc774 \uc788\ub294\ub370 \ud0c8\ub77d\ub420\uae4c\ubd10 \ub450\ub824\uc6cc.", "offset": 0, "length": 26, "sentiment": "negative", "confidence": {"negative": 0.99860686, "positive": 0.00037037957, "neutral": 0.0010228439}, "highlights": [{"offset": 16, "length": 9}]}]}