{"document": {"sentiment": "negative", "confidence": {"negative": 99.936325, "positive": 0.007973192, "neutral": 0.055704992}}, "sentences": [{"content": "\uc6b0\ub9ac\uac00 \ud53c\ud574\uc790\ub97c \ub3c4\uc640 \uac00\ud574\uc790\ub4e4\uc744 \uc774\uae38 \uc218 \uc788\uc744\uc9c0 \uc798 \ubaa8\ub974\uaca0\uc5b4.", "offset": 0, "length": 34, "sentiment": "negative", "confidence": {"negative": 0.9935409, "positive": 0.00063673296, "neutral": 0.0058223307}, "highlights": [{"offset": 0, "length": 33}]}, {"content": " \ud68c\uc758\uc801\uc774\uc57c.", "offset": 34, "length": 7, "sentiment": "negative", "confidence": {"negative": 0.9988176, "positive": 0.00032005014, "neutral": 0.0008622683}, "highlights": [{"offset": 1, "length": 5}]}]}