{"document": {"sentiment": "negative", "confidence": {"negative": 99.98619, "positive": 0.0057722516, "neutral": 0.008039978}}, "sentences": [{"content": "\ub0a8\ud3b8\uc774 \ub3c4\ubc15\uc73c\ub85c \ub3c8\uc744 \ub2e4 \ub0a0\ub9ac\uace0\ub3c4 \ub610 \ub3c4\ubc15\uc744 \ud558\uace0 \uc654\ub124.", "offset": 0, "length": 31, "sentiment": "negative", "confidence": {"negative": 0.99917126, "positive": 0.0003463351, "neutral": 0.0004823987}, "highlights": [{"offset": 0, "length": 28}]}]}