{"document": {"sentiment": "negative", "confidence": {"negative": 99.99216, "positive": 0.0019792712, "neutral": 0.0058603897}}, "sentences": [{"content": "\uac19\uc740 \ubc18 \uce5c\uad6c\uac00 \uc2dc\ud5d8 \uc2dc\uac04\uc5d0 \ucee4\ub2dd\uc744 \ud588\ub294\ub370 \ud559\uad50\uc5d0\uc11c \uc870\uce58 \uc5c6\uc774 \ub118\uc5b4\uac00\uc11c \ud654\uac00 \ub098.", "offset": 0, "length": 45, "sentiment": "negative", "confidence": {"negative": 0.9995296, "positive": 0.000118756274, "neutral": 0.00035162337}, "highlights": [{"offset": 24, "length": 20}]}]}