{"document": {"sentiment": "negative", "confidence": {"negative": 99.86489, "positive": 0.003354331, "neutral": 0.13175206}}, "sentences": [{"content": "\uc624\ub298 \uc544\uce68\uc5d0 \ud68c\uc0ac\ub85c \ucd9c\uadfc\ud588\ub294\ub370 \ud3d0\uc1c4\ub77c\ub294 \uc885\uc774\uac00 \ubd99\uc5b4\uc788\uc5c8\uc5b4.", "offset": 0, "length": 32, "sentiment": "negative", "confidence": {"negative": 0.9918936, "positive": 0.00020125986, "neutral": 0.007905124}, "highlights": [{"offset": 3, "length": 25}]}]}