{"document": {"sentiment": "negative", "confidence": {"negative": 99.86558, "positive": 0.003371477, "neutral": 0.13105184}}, "sentences": [{"content": "\ubc25 \uba39\uace0 \uc788\ub294\ub370 \uc5b8\ub2c8\uac00 \uac11\uc790\uae30 \ud559\uad50\ub97c \uc790\ud1f4\ud558\uaca0\ub2e4\uace0 \uc120\uc5b8\ud588\uc5b4.", "offset": 0, "length": 33, "sentiment": "negative", "confidence": {"negative": 0.99193454, "positive": 0.00020228862, "neutral": 0.00786311}, "highlights": [{"offset": 17, "length": 11}]}]}