{"document": {"sentiment": "negative", "confidence": {"negative": 99.70567, "positive": 0.00988796, "neutral": 0.28444046}}, "sentences": [{"content": "\uce5c\uad6c\uac00 \uc694\uc998 \uc9d1\uc548 \ubb38\uc81c\ub85c \ud798\ub4e4\uc5b4\ud558\ub294\ub370 \ubb50\ub77c\uace0 \uc870\uc5b8\ud574\uc904\uc9c0 \uc870\uc2ec\uc2a4\ub7ec\uc6cc.", "offset": 0, "length": 37, "sentiment": "negative", "confidence": {"negative": 0.98234034, "positive": 0.00059327757, "neutral": 0.017066428}, "highlights": [{"offset": 25, "length": 11}]}]}