{"document": {"sentiment": "negative", "confidence": {"negative": 99.94863, "positive": 0.003158573, "neutral": 0.048208006}}, "sentences": [{"content": "\ub098\uc5d0\uac8c \uc790\uc8fc \ud3ed\uc5b8\uc744 \ud558\ub294 \uc624\ube60\ub791 \ub9d0\uc2f8\uc6c0\uc744 \ud588\uc5b4.", "offset": 0, "length": 26, "sentiment": "negative", "confidence": {"negative": 0.99691796, "positive": 0.00018951438, "neutral": 0.0028924802}, "highlights": [{"offset": 7, "length": 18}]}]}