{"document": {"sentiment": "negative", "confidence": {"negative": 99.97298, "positive": 0.00509376, "neutral": 0.0219316}}, "sentences": [{"content": "\ud559\uad50\ud3ed\ub825 \uac74\uc73c\ub85c \uc7ac\ud310\uc5d0 \ub118\uae30\uaca0\ub2e4\uace0 \uc120\ud3ec\ud558\uc790 \uac00\ud574\uc790\ub4e4\uc774 \ub0b4 \uc190\uc744 \ubd99\uc7a1\uace0 \ube4c\uae30 \uc2dc\uc791\ud588\uc5b4.", "offset": 0, "length": 47, "sentiment": "negative", "confidence": {"negative": 0.9983785, "positive": 0.00030562558, "neutral": 0.001315896}, "highlights": [{"offset": 42, "length": 4}]}]}