{"document": {"sentiment": "negative", "confidence": {"negative": 99.93123, "positive": 0.0046192, "neutral": 0.064153016}}, "sentences": [{"content": "\uc6b0\ub9ac \ubc18 \uc560\ub4e4\uc774 \uc624\ub298 \uad50\uc2e4 \uccad\uc18c\ub97c \ub098\ud55c\ud14c\ub9cc \ub5a0\ub118\uaca8\uc11c \ud63c\uc790 \uccad\uc18c\ud560 \uc218\ubc16\uc5d0 \uc5c6\uc5c8\uc5b4.", "offset": 0, "length": 44, "sentiment": "negative", "confidence": {"negative": 0.99587363, "positive": 0.000277152, "neutral": 0.003849181}, "highlights": [{"offset": 12, "length": 17}]}]}