{"document": {"sentiment": "neutral", "confidence": {"negative": 0.24619088, "positive": 0.8306768, "neutral": 98.923134}}, "sentences": [{"content": "\uc5f4\uc2ec\ud788 \ubaa8\uc544\uc11c \ub178\ud6c4\uc900\ube44\ud558\uba74 \uac71\uc815 \uc5c6\uc774 \uc9c0\ub0bc \uc904 \uc54c\uc558\ub354\ub2c8 \uc544\ub2c8\uc57c.", "offset": 0, "length": 35, "sentiment": "neutral", "confidence": {"negative": 0.0024619086, "positive": 0.008306768, "neutral": 0.9892313}, "highlights": [{"offset": 8, "length": 26}]}]}