{"document": {"sentiment": "negative", "confidence": {"negative": 99.98374, "positive": 0.0073400894, "neutral": 0.008915157}}, "sentences": [{"content": "\ub0a8\ud3b8\uc774 \ucf54\ub85c\ub098\ub85c \uba87 \ub2ec\uac04 \uc77c\uc744 \ubabb \ud574\uc11c \uc9d1\uc548\uc7ac\uc815\uc774 \ub9c8\ube44 \uc0c1\ud0dc\uc57c.", "offset": 0, "length": 35, "sentiment": "negative", "confidence": {"negative": 0.9990246, "positive": 0.00044040536, "neutral": 0.0005349094}, "highlights": [{"offset": 14, "length": 20}]}]}