{"document": {"sentiment": "neutral", "confidence": {"negative": 5.6519685, "positive": 0.14451109, "neutral": 94.20352}}, "sentences": [{"content": "\ub098\ub294 \uc9c4\uc2ec\uc73c\ub85c \ub300\ud588\ub2e4\uace0 \uc0dd\uac01\ud588\ub294\ub370 \uc0c1\ub300\ub294 \uc5b4\ub5bb\uac8c \ub098\ud55c\ud14c \uadf8\ub7f4 \uc218 \uc788\uc744\uae4c?", "offset": 0, "length": 40, "sentiment": "neutral", "confidence": {"negative": 0.056519687, "positive": 0.001445111, "neutral": 0.94203526}, "highlights": [{"offset": 13, "length": 26}]}]}