{"document": {"sentiment": "negative", "confidence": {"negative": 99.89411, "positive": 0.01538626, "neutral": 0.09050095}}, "sentences": [{"content": "\uadf8\uc774 \ud734\ub300\ud3f0\uc744 \uc6b0\uc5f0\ud788 \ubd24\ub294\ub370 \ub098 \ubab0\ub798 \ub2e4\ub978 \uc5ec\uc790\ub97c \ub9cc\ub098\uace0 \uc788\ub354\ub77c. \uacb0\ud63c \uc0dd\ud65c\uc774 \ud5c8\ubb34\ud558\uac8c \ub290\uaef4\uc838.", "offset": 0, "length": 53, "sentiment": "negative", "confidence": {"negative": 0.99364674, "positive": 0.0009231756, "neutral": 0.005430057}, "highlights": [{"offset": 37, "length": 15}]}]}