{"document": {"sentiment": "negative", "confidence": {"negative": 99.9393, "positive": 0.0156785, "neutral": 0.04501812}}, "sentences": [{"content": "\uc5f4\uc2ec\ud788 \ud55c\ub2e4\uace0 \ud588\ub294\ub370 \ub2e4\ub978 \uce5c\uad6c\ub4e4\ub3c4 \uc5f4\uc2ec\ud788 \ud574\uc11c \uc131\uc801\uc740 \uc62c\ub77c\ub3c4 \ub0b4\uc2e0 \ub4f1\uae09\uc740 \ubcc4\ub85c \uc624\ub97c \uac83 \uac19\uc9c0 \uc54a\uc544.", "offset": 0, "length": 56, "sentiment": "negative", "confidence": {"negative": 0.9963582, "positive": 0.0009407101, "neutral": 0.0027010874}, "highlights": [{"offset": 35, "length": 20}]}]}