{"document": {"sentiment": "negative", "confidence": {"negative": 99.990616, "positive": 0.0032891328, "neutral": 0.0060985857}}, "sentences": [{"content": "\uc798\ub098\uac00\ub294 \uc560\ub4e4\uc774 \uc790\uae30 \uc219\uc81c\ub97c \ub534 \uc560\ud55c\ud14c \uc2dc\ud0a4\ub294 \uac78 \ubcf4\uba74 \ud654\uac00 \ub098\uc11c \ucc38\uc744 \uc218\uac00 \uc5c6\uc5b4.", "offset": 0, "length": 46, "sentiment": "negative", "confidence": {"negative": 0.9994368, "positive": 0.00019734797, "neutral": 0.00036591516}, "highlights": [{"offset": 31, "length": 14}]}]}