{"document": {"sentiment": "negative", "confidence": {"negative": 85.68582, "positive": 0.012986835, "neutral": 14.30119}}, "sentences": [{"content": "\uc9c0\ub09c\uc8fc\uc5d0 \ud559\uad50\uc5d0\uc11c \ub538\uc544\uc774\uac00 \ud559\ub825 \ud3c9\uac00 \uc2dc\ud5d8\uc744 \ubcf4\uc558\uc5b4.", "offset": 0, "length": 29, "sentiment": "neutral", "confidence": {"negative": 0.00016488263, "positive": 0.0001736491, "neutral": 0.99966145}, "highlights": [{"offset": 0, "length": 28}]}, {"content": " \uc624\ub298 \uc131\uc801\uc774 \ub098\uc628\ub2e4\uace0 \ud574\uc11c \ucd08\uc870\ud574.", "offset": 29, "length": 20, "sentiment": "negative", "confidence": {"negative": 0.99784267, "positive": 0.00073542935, "neutral": 0.0014218882}, "highlights": [{"offset": 4, "length": 15}]}]}