{"document": {"sentiment": "negative", "confidence": {"negative": 99.982834, "positive": 0.009208572, "neutral": 0.007958703}}, "sentences": [{"content": "\uc544\uc9c1\ub3c4 \uc9c4\ub85c\ub97c \uacb0\uc815\ud558\uc9c0 \ubabb\ud55c \ucc44 \uc9c0\ub0b4\ub294 \uac83\uc5d0 \ub300\ud574 \ub098 \uc2a4\uc2a4\ub85c \ub108\ubb34 \uc2e4\ub9dd\uc2a4\ub7ec\uc6cc.", "offset": 0, "length": 43, "sentiment": "negative", "confidence": {"negative": 0.9989699, "positive": 0.00055251434, "neutral": 0.00047752218}, "highlights": [{"offset": 28, "length": 14}]}]}