{"document": {"sentiment": "neutral", "confidence": {"negative": 0.019409725, "positive": 0.032983385, "neutral": 99.94761}}, "sentences": [{"content": "\uba70\uce60 \uc804\uc5d0 \ub0a8\uc790\uce5c\uad6c\ub791 \ucc98\uc74c\uc73c\ub85c \uacb0\ud63c \uc774\uc57c\uae30\ub97c \uc9c4\uc9c0\ud558\uac8c \ud588\uc5b4.", "offset": 0, "length": 33, "sentiment": "neutral", "confidence": {"negative": 0.00019409727, "positive": 0.00032983386, "neutral": 0.99947613}, "highlights": [{"offset": 0, "length": 32}]}]}