{"document": {"sentiment": "positive", "confidence": {"negative": 0.0443716, "positive": 85.70562, "neutral": 14.250008}}, "sentences": [{"content": "\uac19\uc740 \uc9c1\uc7a5\uc5d0\uc11c \uc77c\ud558\ub358 \uc0c1\uc0ac\uc640 \ud568\uaed8 \ub530\ub85c \ud68c\uc0ac\ub97c \ucc28\ub838\uc5b4.", "offset": 0, "length": 30, "sentiment": "neutral", "confidence": {"negative": 0.00215623, "positive": 0.00071512203, "neutral": 0.99712867}, "highlights": [{"offset": 22, "length": 7}]}, {"content": " \uc6b0\ub9ac \ub458\ub9cc\uc73c\ub85c\ub3c4 \ucda9\ubd84\ud788 \uc798 \ud574\ub0bc \uc218 \uc788\uc744 \uac83 \uac19\uc544.", "offset": 30, "length": 29, "sentiment": "positive", "confidence": {"negative": 0.0009497821, "positive": 0.99867827, "neutral": 0.00037188077}, "highlights": [{"offset": 1, "length": 27}]}]}