{"document": {"sentiment": "negative", "confidence": {"negative": 99.84963, "positive": 0.009844756, "neutral": 0.1405192}}, "sentences": [{"content": "\ub098\ub294 \uc131\uaca9\uc774 \uae09\ud558\uace0 \ub2e4\ud608\uc9c8\uc774\ub77c \ub73b\ub300\ub85c \uc548 \ub418\uba74 \ud654\uac00 \ub9ce\uc774 \ub098\ub294 \uc131\uaca9\uc774\uc57c.", "offset": 0, "length": 40, "sentiment": "negative", "confidence": {"negative": 0.9909781, "positive": 0.00059068535, "neutral": 0.008431152}, "highlights": [{"offset": 26, "length": 13}]}]}