{"document": {"sentiment": "negative", "confidence": {"negative": 99.98946, "positive": 0.005038847, "neutral": 0.005495713}}, "sentences": [{"content": "\uc560\uac00 \uc18d\uc744 \ub9ce\uc774 \uc369\uc774\uace0 \ub9d0\uc744 \uc798 \ub4e3\uc9c0 \uc54a\uc544\uc11c \ub9ce\uc774 \ud798\ub4e4\uc5b4.", "offset": 0, "length": 32, "sentiment": "negative", "confidence": {"negative": 0.9993679, "positive": 0.00030233082, "neutral": 0.0003297428}, "highlights": [{"offset": 13, "length": 18}]}]}