{"document": {"sentiment": "positive", "confidence": {"negative": 0.0030981395, "positive": 99.99322, "neutral": 0.0036836849}}, "sentences": [{"content": "\uc694\uc998 \uc804\uc138 \uad6c\ud558\uae30\uac00 \ud558\ub298\uc758 \ubcc4 \ub530\uae30\ub77c\ub294\ub370 \ub098\ub294 \uadf8\ub798\ub3c4 \ub0b4 \uc9d1\uc774 \uc788\uc5b4\uc11c \uc694\uc998 \uc815\ub9d0 \ub4e0\ub4e0\ud574.", "offset": 0, "length": 49, "sentiment": "positive", "confidence": {"negative": 0.00018588838, "positive": 0.9995931, "neutral": 0.0002210211}, "highlights": [{"offset": 39, "length": 9}]}]}