{"document": {"sentiment": "negative", "confidence": {"negative": 99.97238, "positive": 0.00546271, "neutral": 0.022153493}}, "sentences": [{"content": "\ub0b4 \ubca0\uc2a4\ud2b8 \ud504\ub80c\ub4dc \ub458\uc774 \ub098 \ubab0\ub798 \uc0bc \ub144\uc774\ub098 \uc5f0\uc560\ud558\uace0 \uc788\uc5c8\ub294\ub370 \ub098\ub294 \uc804\ud600 \ubaa8\ub974\uace0 \uc788\uc5b4\uc11c \ucda9\uaca9\ubc1b\uc558\uc5b4.", "offset": 0, "length": 54, "sentiment": "negative", "confidence": {"negative": 0.998343, "positive": 0.0003277626, "neutral": 0.0013292095}, "highlights": [{"offset": 34, "length": 19}]}]}