{"document": {"sentiment": "negative", "confidence": {"negative": 99.99747, "positive": 0.0010306722, "neutral": 0.0015046131}}, "sentences": [{"content": "\uce5c\uad6c\uac00 \ub2e4\uc774\uc5b4\ud2b8\ub97c \uc2dc\uc791\ud55c\ub2e4\ub294 \uc774\uc57c\uae30\ub97c \ub4e4\uc5c8\ub354\ub2c8 \ub108\ubb34 \ud654\uac00 \ub098.", "offset": 0, "length": 34, "sentiment": "negative", "confidence": {"negative": 0.9998479, "positive": 6.1840336e-05, "neutral": 9.0276786e-05}, "highlights": [{"offset": 0, "length": 33}]}]}