{"document": {"sentiment": "negative", "confidence": {"negative": 99.99119, "positive": 0.0032549824, "neutral": 0.00556039}}, "sentences": [{"content": "\uce5c\uad6c\uac00 \ub0b4 \uc790\ucde8\ubc29 \ube44\ubc00\ubc88\ud638\ub97c \uc54c\uace0 \ub098\uc11c\ubd80\ud130 \uc544\ubb34 \ub54c\ub098 \ub4e4\ub77d\ub0a0\ub77d\ud558\ub294\ub370 \uae30\ubd84\uc774 \ub108\ubb34 \ub098\ube60.", "offset": 0, "length": 48, "sentiment": "negative", "confidence": {"negative": 0.9994711, "positive": 0.00019529894, "neutral": 0.0003336234}, "highlights": [{"offset": 38, "length": 9}]}]}