{"document": {"sentiment": "negative", "confidence": {"negative": 99.98221, "positive": 0.009230522, "neutral": 0.00855981}}, "sentences": [{"content": "\ucde8\uc5c5 \uc900\ube44 \uc911\uc778\ub370 \uc798\ud558\uace0 \uc788\ub294\uc9c0 \ubaa8\ub974\uaca0\uace0 \ubbf8\ub798\uac00 \ubd88\ud22c\uba85\ud574\uc11c \ubd88\uc548\ud574.", "offset": 0, "length": 37, "sentiment": "negative", "confidence": {"negative": 0.99893254, "positive": 0.00055383134, "neutral": 0.0005135886}, "highlights": [{"offset": 23, "length": 13}]}]}