{"document": {"sentiment": "negative", "confidence": {"negative": 99.981544, "positive": 0.010181424, "neutral": 0.0082711745}}, "sentences": [{"content": "\uc5b4\uc81c \ub0b4\uac00 \ud68c\uc0ac \ub9e4\ucd9c\uc5d0 \uc545\uc601\ud5a5\uc744 \ubbf8\uce60 \uc218 \uc788\ub294 \uc2e4\uc218\ub97c \uc800\uc9c8\ub7ec\uc11c \uacc4\uc18d \uc6b8\uace0 \uc788\uc5b4.", "offset": 0, "length": 44, "sentiment": "negative", "confidence": {"negative": 0.99889284, "positive": 0.00061088544, "neutral": 0.0004962705}, "highlights": [{"offset": 21, "length": 20}]}]}