{"document": {"sentiment": "negative", "confidence": {"negative": 99.96247, "positive": 0.006578097, "neutral": 0.030953921}}, "sentences": [{"content": "\uccb4\uc721 \uc2dc\uac04\uc5d0 \uc9dd\uc744 \uc9c0\uc5b4 \ud558\ub294 \uc6b4\ub3d9\uc744 \uc544\ubb34\ub3c4 \ub098\ub791 \ud558\uace0 \uc2f6\uc5b4 \ud558\uc9c0 \uc54a\uc544\uc11c \uc18d\uc0c1\ud574.", "offset": 0, "length": 44, "sentiment": "negative", "confidence": {"negative": 0.9977481, "positive": 0.00039468583, "neutral": 0.0018572353}, "highlights": [{"offset": 0, "length": 43}]}]}