{"document": {"sentiment": "negative", "confidence": {"negative": 99.99315, "positive": 0.003126236, "neutral": 0.0037271162}}, "sentences": [{"content": "\ub208 \uc5ec\uaca8 \ubcf8 \uac00\uac8c\uac00 \uc7a5\uc0ac\uac00 \uc798 \ub418\ub294 \uac83 \uac19\uc544 \uc778\uc218\ud588\ub294\ub370 \ub9e4\ucd9c\uc774 \uc601 \uc2e0\ud1b5\uce58 \uc54a\ub124.", "offset": 0, "length": 44, "sentiment": "negative", "confidence": {"negative": 0.9995888, "positive": 0.00018757416, "neutral": 0.00022362696}, "highlights": [{"offset": 17, "length": 26}]}]}