{"document": {"sentiment": "neutral", "confidence": {"negative": 0.122696824, "positive": 0.027489915, "neutral": 99.849815}}, "sentences": [{"content": "\uc624\ub7ab\ub3d9\uc548 \uc5f0\ub77d \ubabb \ud558\uace0 \uc9c0\ub0b4\uc628 \ucd08\ub4f1\ud559\uad50 \ub3d9\ucc3d\uc774 \ud22c\ubcd1 \uc911\uc774\ub77c\uace0 \uc5f0\ub77d\ubc1b\uc558\uc5b4.", "offset": 0, "length": 40, "sentiment": "neutral", "confidence": {"negative": 0.0012269684, "positive": 0.00027489918, "neutral": 0.9984982}, "highlights": [{"offset": 17, "length": 22}]}]}