{"document": {"sentiment": "negative", "confidence": {"negative": 99.95262, "positive": 0.008737572, "neutral": 0.038643155}}, "sentences": [{"content": "\ub098\ub294 \ud559\uad50\uc5d0\uc11c \ub098\ub984 \uc5f4\uc2ec\ud788 \ub2e4\ub154\ub294\ub370 \uc5b4\ub5a4 \uce5c\uad6c\uac00 \ub098\ub97c \uad34\ub86d\ud600\uc11c \ub2f9\ud669\uc2a4\ub7ec\uc6e0\uc5b4.", "offset": 0, "length": 42, "sentiment": "negative", "confidence": {"negative": 0.9971572, "positive": 0.0005242543, "neutral": 0.0023185892}, "highlights": [{"offset": 35, "length": 6}]}]}