{"document": {"sentiment": "negative", "confidence": {"negative": 99.99231, "positive": 0.0030743713, "neutral": 0.0046185115}}, "sentences": [{"content": "\ub098\ub294 \ub098\ub984\ub300\ub85c \uc77c \ucc98\ub9ac\ub294 \uc798\ud558\ub294\ub370 \uc720\ub3c5 \uae30\uae30 \ub2e4\ub8e8\ub294 \uac74 \uc5b4\ub835\ub124.", "offset": 0, "length": 35, "sentiment": "negative", "confidence": {"negative": 0.9995384, "positive": 0.00018446227, "neutral": 0.0002771107}, "highlights": [{"offset": 22, "length": 12}]}]}