{"document": {"sentiment": "negative", "confidence": {"negative": 99.986824, "positive": 0.0062051234, "neutral": 0.006973921}}, "sentences": [{"content": "\uc544\ub0b4\uac00 \uc544\uae4c \uc6b0\ub9ac \uc5b4\uba38\ub2c8\ud55c\ud14c \uc695\uc744 \ud558\ub294 \uac78 \ub4e4\uc5c8\ub294\ub370 \uc774\uc820 \ud658\uba78\uc774 \ub098.", "offset": 0, "length": 38, "sentiment": "negative", "confidence": {"negative": 0.9992092, "positive": 0.0003723074, "neutral": 0.00041843526}, "highlights": [{"offset": 29, "length": 8}]}]}