{"document": {"sentiment": "negative", "confidence": {"negative": 99.98795, "positive": 0.004245503, "neutral": 0.0077998466}}, "sentences": [{"content": "\uac13 \ucde8\uc5c5\ud574\uc11c \ubaa8\ub974\ub294 \uac8c \ub9ce\uc740\ub370 \uc0c1\uc0ac\ub4e4\uc740 \uc54c\ub824\uc8fc\uc9c0 \uc54a\uace0 \ubb50\ub77c \ud574\uc11c \ud654\uac00\ub098.", "offset": 0, "length": 40, "sentiment": "negative", "confidence": {"negative": 0.9992773, "positive": 0.00025473017, "neutral": 0.0004679908}, "highlights": [{"offset": 30, "length": 9}]}]}