{"document": {"sentiment": "negative", "confidence": {"negative": 99.93085, "positive": 0.008828474, "neutral": 0.060321786}}, "sentences": [{"content": "\uce5c\uad6c\uac00 \uc88b\uc740 \uacf3\uc5d0 \ucde8\uc9c1\ud574\uc11c \uc9c8\ud22c\ub098.", "offset": 0, "length": 19, "sentiment": "negative", "confidence": {"negative": 0.9935011, "positive": 0.0007973924, "neutral": 0.005701411}, "highlights": [{"offset": 0, "length": 18}]}, {"content": " \ub098\ub294 \ub180\uc9c0\ub3c4 \uc54a\uace0 \ub9e4\uc77c \uacf5\ubd80\ud574\ub3c4 \ucde8\uc9c1 \ubabb \ud588\uace0 \uce5c\uad6c\ub294 \ucde8\uc9c1 \uacf5\ubd80\ub3c4 \uc548 \ud558\uace0 \ub180\uc558\ub294\ub370 \ub9d0\uc774\uc57c.", "offset": 19, "length": 52, "sentiment": "negative", "confidence": {"negative": 0.9982008, "positive": 0.00026202452, "neutral": 0.0015372032}, "highlights": [{"offset": 1, "length": 10}]}]}