{"document": {"sentiment": "negative", "confidence": {"negative": 99.97453, "positive": 0.009672021, "neutral": 0.015797416}}, "sentences": [{"content": "\ub098\uc774\ub97c \uba39\uc744\uc218\ub85d \uc0ac\ub78c\ub4e4 \uc0ac\uc774\uc5d0\uc11c \uace0\ub9bd\ub418\ub294 \uac83 \uac19\uc544.", "offset": 0, "length": 28, "sentiment": "negative", "confidence": {"negative": 0.9984718, "positive": 0.00058032124, "neutral": 0.00094784494}, "highlights": [{"offset": 9, "length": 18}]}]}