{"document": {"sentiment": "negative", "confidence": {"negative": 99.96801, "positive": 0.003439816, "neutral": 0.028551461}}, "sentences": [{"content": "\ud559\uad50\uc5d0\uc11c \uac11\uc790\uae30 \uce5c\uad6c\uac00 \uc544\ube60\ub294 \ubb34\uc2a8 \uc77c\uc744 \ud558\ub0d0\uace0 \ubb3c\uc5b4\ubd24\ub294\ub370 \uc0ac\uc2e4\ub300\ub85c \ub9d0\ud558\uc9c0 \ubabb\ud558\uace0 \uac70\uc9d3\ub9d0\uc744 \ud588\uc5b4.", "offset": 0, "length": 54, "sentiment": "negative", "confidence": {"negative": 0.9980805, "positive": 0.00020638896, "neutral": 0.0017130877}, "highlights": [{"offset": 33, "length": 20}]}]}