{"document": {"sentiment": "negative", "confidence": {"negative": 99.9814, "positive": 0.011306075, "neutral": 0.0072909156}}, "sentences": [{"content": "\uc790\uc2dd\ub4e4 \ud0a4\uc6b0\uace0 \ub0b4\uac00 \ub299\uc5b4\uac00\ub294 \ubaa8\uc2b5\uc744 \ubcf4\uba74 \uac00\ub09c\ud558\uace0 \ubd88\uc6b0\ud55c \ub0b4 \ubaa8\uc2b5\ub9cc \uc790\uafb8 \ubcf4\uc5ec\uc11c \uc18d\uc0c1\ud574.", "offset": 0, "length": 49, "sentiment": "negative", "confidence": {"negative": 0.99888414, "positive": 0.00067836454, "neutral": 0.00043745493}, "highlights": [{"offset": 23, "length": 25}]}]}