{"document": {"sentiment": "neutral", "confidence": {"negative": 0.027546365, "positive": 0.043003347, "neutral": 99.92945}}, "sentences": [{"content": "\uacbd\ub825\ub2e8\uc808\uc774 \ub418\uc5c8\ub358 \uc544\ub0b4\uac00 \uc9c1\uc7a5 \uc0dd\ud65c\uc744 \ub2e4\uc2dc \ud558\uac8c \ub418\uc5c8\uc5b4.", "offset": 0, "length": 31, "sentiment": "neutral", "confidence": {"negative": 0.00027546365, "positive": 0.00043003348, "neutral": 0.9992945}, "highlights": [{"offset": 0, "length": 30}]}]}