{"document": {"sentiment": "positive", "confidence": {"negative": 0.008053572, "positive": 99.98957, "neutral": 0.002378228}}, "sentences": [{"content": "\uacb0\ud63c\uc744 \ud558\uace0 \ub098\ub2c8 \uc0dd\ud65c\uc774 \ub354 \uc548\uc815\uac10 \uc788\ub294 \uac83 \uac19\uc544\uc11c \ub108\ubb34 \uc88b\uc544.", "offset": 0, "length": 35, "sentiment": "positive", "confidence": {"negative": 0.0004832143, "positive": 0.9993741, "neutral": 0.00014269368}, "highlights": [{"offset": 10, "length": 24}]}]}