{"document": {"sentiment": "positive", "confidence": {"negative": 0.047719706, "positive": 99.948715, "neutral": 0.0035631773}}, "sentences": [{"content": "\uc694\uc998 \ub9cc\ub098\ub294 \uc0ac\ub78c\uc774\ub791 \ub108\ubb34 \uc798 \ub9de\uc544\uc11c \ud589\ubcf5\ud574.", "offset": 0, "length": 25, "sentiment": "positive", "confidence": {"negative": 0.0028631825, "positive": 0.996923, "neutral": 0.00021379064}, "highlights": [{"offset": 0, "length": 24}]}]}