{"document": {"sentiment": "negative", "confidence": {"negative": 99.99016, "positive": 0.0033875667, "neutral": 0.0064530075}}, "sentences": [{"content": "\uc544\uc774\uc758 \uc131\uc801\uc774 \ub5a8\uc5b4\uc838 \ud654\ub97c \ub0c8\ub354\ub2c8 \uc6b8\ub354\ub77c\uace0.", "offset": 0, "length": 24, "sentiment": "negative", "confidence": {"negative": 0.99940956, "positive": 0.00020325399, "neutral": 0.00038718045}, "highlights": [{"offset": 0, "length": 19}]}]}