{"document": {"sentiment": "negative", "confidence": {"negative": 99.983665, "positive": 0.0055749356, "neutral": 0.010759414}}, "sentences": [{"content": "\uc9c1\uc7a5\uc5d0\uc11c \uc815\ub9ac\ud574\uace0 \uba85\ub2e8\uc5d0 \ub4e4\uc5b4\uac14\uc5b4. \ub0b4 \uccad\ucd98\uc744 \ubc14\ucce4\ub294\ub370 \ubc84\ub824\uc9c4 \uae30\ubd84\uc774\uc57c.", "offset": 0, "length": 40, "sentiment": "negative", "confidence": {"negative": 0.99901986, "positive": 0.00033449614, "neutral": 0.00064556487}, "highlights": [{"offset": 31, "length": 8}]}]}