{"document": {"sentiment": "negative", "confidence": {"negative": 99.961525, "positive": 0.0040263967, "neutral": 0.034446444}}, "sentences": [{"content": "\uc624\ub298 \uc5b8\ub2c8\uac00 \uac11\uc790\uae30 \ub098\ud55c\ud14c \ud654\ub97c \ub0b4\uc11c \ub108\ubb34 \ub2f9\ud669\uc2a4\ub7ec\uc6cc.", "offset": 0, "length": 30, "sentiment": "negative", "confidence": {"negative": 0.99769163, "positive": 0.00024158381, "neutral": 0.0020667866}, "highlights": [{"offset": 11, "length": 18}]}]}