{"document": {"sentiment": "negative", "confidence": {"negative": 99.971214, "positive": 0.017564783, "neutral": 0.011222458}}, "sentences": [{"content": "\uadf8\ub97c \uc704\ud574 \ubaa8\ub4e0 \uac83\uc744 \ud3ec\uae30\ud588\ub358 \ub098\uc758 \uc0b6\uc774 \ub108\ubb34\ub098\ub3c4 \uc544\uae5d\uac8c \ub290\uaef4\uc838.", "offset": 0, "length": 36, "sentiment": "negative", "confidence": {"negative": 0.9982728, "positive": 0.001053887, "neutral": 0.0006733475}, "highlights": [{"offset": 12, "length": 23}]}]}