{"document": {"sentiment": "negative", "confidence": {"negative": 99.97815, "positive": 0.00588858, "neutral": 0.01595848}}, "sentences": [{"content": "\ub538\uc774 \uc720\ud559\uc744 \uac00\uace0 \uc2f6\uc5b4 \ud558\ub294\ub370 \ubcf4\ub0b4\uc904 \ud615\ud3b8\uc774 \uc548\ub3fc\uc11c \ub108\ubb34 \ubbf8\uc548\ud574.", "offset": 0, "length": 36, "sentiment": "negative", "confidence": {"negative": 0.9986891, "positive": 0.0003533148, "neutral": 0.0009575088}, "highlights": [{"offset": 21, "length": 14}]}]}