{"document": {"sentiment": "negative", "confidence": {"negative": 99.94681, "positive": 0.004680553, "neutral": 0.048515346}}, "sentences": [{"content": "\uc5b4\uc81c \uc220\uc744 \ub9ce\uc774 \ub9c8\uc154\uc11c \uae30\uc5b5\uc774 \uc798 \uc548 \ub098\ub294 \ub370 \uce5c\uad6c\uac00 \uc9c4\uc9dc \uae30\uc5b5 \uc548 \ub098\ub0d0\uace0 \ud558\ub124.", "offset": 0, "length": 45, "sentiment": "negative", "confidence": {"negative": 0.99464476, "positive": 0.00034687255, "neutral": 0.0050084493}, "highlights": [{"offset": 0, "length": 13}]}, {"content": " \uc774\ub7f0 \uc801\uc774 \uc5c6\uc5b4 \uc544\uc8fc \ub2f9\ud669\uc2a4\ub7ec\uc6cc.", "offset": 45, "length": 19, "sentiment": "negative", "confidence": {"negative": 0.9989718, "positive": 0.00021479382, "neutral": 0.00081339217}, "highlights": [{"offset": 1, "length": 17}]}]}