{"document": {"sentiment": "negative", "confidence": {"negative": 99.985886, "positive": 0.0070333863, "neutral": 0.0070815366}}, "sentences": [{"content": "\uc774\ubc88\uc5d0 \uc9c0\uc6d0\ud55c \uae30\uc5c5\uc5d0 \ub610 \uc11c\ub958\ud0c8\ub77d\uc744 \ud574\uc11c \ub108\ubb34 \uc18d\uc0c1\ud574.", "offset": 0, "length": 30, "sentiment": "negative", "confidence": {"negative": 0.99915314, "positive": 0.00042200318, "neutral": 0.0004248922}, "highlights": [{"offset": 14, "length": 15}]}]}