{"document": {"sentiment": "negative", "confidence": {"negative": 99.10631, "positive": 0.106312305, "neutral": 0.78738344}}, "sentences": [{"content": "\uc8fc\ubcc0\uc5d0\uc11c\ub294 \ub098\ub97c \ubcf5\uc774 \ub9ce\uc740 \uc0ac\ub78c\uc774\ub77c\uace0 \uadf8\ub7ec\ub294\ub370 \uc694\uc998\uc5d0\ub294 \uc678\ub85c\uc6b4 \uac10\uc815\uc774 \uc790\uafb8 \uc0dd\uae30\ub124.", "offset": 0, "length": 46, "sentiment": "negative", "confidence": {"negative": 0.9463782, "positive": 0.006378738, "neutral": 0.047243007}, "highlights": [{"offset": 26, "length": 19}]}]}