{"document": {"sentiment": "negative", "confidence": {"negative": 99.94384, "positive": 0.00717921, "neutral": 0.048984133}}, "sentences": [{"content": "\ucd9c\uc0b0\ud734\uac00 \uc911\uc778\ub370 \uc81c\ub300\ub85c \uc26c\uc9c0\ub3c4 \ubabb\ud558\uace0 \uc9d1\uc5d0\uc11c \uc5c5\ubb34\ucc98\ub9ac\ub97c \ud558\ub294 \uacbd\uc6b0\uac00 \ub9ce\uc544.", "offset": 0, "length": 41, "sentiment": "negative", "confidence": {"negative": 0.99663013, "positive": 0.00043075258, "neutral": 0.002939048}, "highlights": [{"offset": 0, "length": 21}]}]}