{"document": {"sentiment": "negative", "confidence": {"negative": 99.97821, "positive": 0.009452146, "neutral": 0.0123361945}}, "sentences": [{"content": "\uc9c0\ub09c \ubc88 \uc2dc\ud5d8\uc5d0\uc11c \uc2dc\uac04\uc5d0 \ucad3\uaca8\uc11c \uc544\ub294 \ubb38\uc81c\ub3c4 \uc81c\ub300\ub85c \ud480\uc9c0 \ubabb\ud574\uc11c \uc18d\uc0c1\ud588\uc5b4.", "offset": 0, "length": 41, "sentiment": "negative", "confidence": {"negative": 0.9986927, "positive": 0.0005671287, "neutral": 0.00074017164}, "highlights": [{"offset": 18, "length": 22}]}]}