{"document": {"sentiment": "neutral", "confidence": {"negative": 0.30337587, "positive": 0.02169614, "neutral": 99.67493}}, "sentences": [{"content": "\uc624\ub298 \uce5c\ud55c \uc120\ubc30\ub2d8\uc774 \uc6b0\uc6b8\ud574\ud558\uc2dc\uae38\ub798 \uc774\uc720\ub97c \ubb3c\uc5c8\uc5b4.", "offset": 0, "length": 27, "sentiment": "neutral", "confidence": {"negative": 0.0030337588, "positive": 0.00021696139, "neutral": 0.9967493}, "highlights": [{"offset": 19, "length": 7}]}]}