{"document": {"sentiment": "negative", "confidence": {"negative": 99.966515, "positive": 0.0053892536, "neutral": 0.028095514}}, "sentences": [{"content": "\ub3d9\uc0dd\uc740 \ud559\uad50\uc5d0\uc11c \ub530\ub3cc\ub9bc\uc744 \ub2f9\ud558\uba74\uc11c\ub3c4 \ubd80\ubaa8\ub2d8\uaed8\ub294 \uc0c1\ub2f4\ud558\ub824\uace0 \ud558\uc9c0 \uc54a\uc544.", "offset": 0, "length": 38, "sentiment": "negative", "confidence": {"negative": 0.99672997, "positive": 0.00029967853, "neutral": 0.0029704259}, "highlights": [{"offset": 0, "length": 32}]}, {"content": " \uadf8\ub798\uc11c \ub108\ubb34 \ud55c\uc2ec\ud574.", "offset": 38, "length": 12, "sentiment": "negative", "confidence": {"negative": 0.9992519, "positive": 0.00034703192, "neutral": 0.00040103577}, "highlights": [{"offset": 1, "length": 10}]}]}