{"document": {"sentiment": "negative", "confidence": {"negative": 99.95665, "positive": 0.011213841, "neutral": 0.032138463}}, "sentences": [{"content": "\uc5b4\ub838\uc744 \ub54c \ub3d9\uc0dd\uc744 \ub9ce\uc774 \uad34\ub86d\ud600\uc11c \uc9c0\uae08\uc740 \ub9ce\uc774 \ubbf8\uc548\ud574.", "offset": 0, "length": 29, "sentiment": "negative", "confidence": {"negative": 0.99739885, "positive": 0.00067283044, "neutral": 0.0019283077}, "highlights": [{"offset": 18, "length": 10}]}]}