{"document": {"sentiment": "negative", "confidence": {"negative": 99.99208, "positive": 0.003519655, "neutral": 0.004396998}}, "sentences": [{"content": "\uc544\uc774 \ub0b3\uace0 \ubcf8\uc778 \uc544\uc774\ub97c \ubc84\ub9ac\ub294 \uc0ac\ub78c\ub4e4\uc744 \ubcf4\uba74 \uc9c4\uc9dc \ud654\uac00 \ub098\ub294 \uac83 \uac19\uc544.", "offset": 0, "length": 39, "sentiment": "negative", "confidence": {"negative": 0.99952507, "positive": 0.0002111793, "neutral": 0.00026381988}, "highlights": [{"offset": 6, "length": 32}]}]}