{"document": {"sentiment": "positive", "confidence": {"negative": 0.02861184, "positive": 99.96656, "neutral": 0.004828389}}, "sentences": [{"content": "\uc694\uc998 \ud558\ub8e8\ud558\ub8e8\uac00 \ub9e4\uc6b0 \uae30\uc058\uace0 \uc138\uc0c1\uc774 \uc544\ub984\ub2e4\uc6cc \ubcf4\uc5ec.", "offset": 0, "length": 28, "sentiment": "positive", "confidence": {"negative": 0.0017167104, "positive": 0.9979936, "neutral": 0.00028970334}, "highlights": [{"offset": 16, "length": 11}]}]}