{"document": {"sentiment": "negative", "confidence": {"negative": 99.656296, "positive": 0.0026146162, "neutral": 0.34108666}}, "sentences": [{"content": "\ub0a8\ud3b8\uc774 \uce5c\uad6c\ub4e4\uacfc \uac00\ub294 \ud574\uc678\uc5ec\ud589\uc744 \ubc18\ub300\ud558\uace0 \uc788\uc5b4.", "offset": 0, "length": 26, "sentiment": "negative", "confidence": {"negative": 0.95879513, "positive": 0.0002967376, "neutral": 0.04090813}, "highlights": [{"offset": 0, "length": 23}]}, {"content": " \ub0b4\uc77c\uae4c\uc9c0 \uacb0\uc815\ud574\uc57c \ud558\ub294\ub370 \ub0a8\ud3b8\uc744 \uc124\ub4dd\ud560 \uc2dc\uac04\uc774 \ucd09\ubc15\ud574.", "offset": 26, "length": 31, "sentiment": "negative", "confidence": {"negative": 0.99996066, "positive": 1.7016351e-05, "neutral": 2.226728e-05}, "highlights": [{"offset": 15, "length": 15}]}]}