{"document": {"sentiment": "negative", "confidence": {"negative": 99.9825, "positive": 0.0073161866, "neutral": 0.010182776}}, "sentences": [{"content": "\ub0a8\ub4e4\ubcf4\ub2e4 \ub2a6\uc9c0\ub9cc \ub0b4 \uc9d1 \ub9c8\ub828\uc744 \uc704\ud574 \uacc4\uc57d\ud55c \uc544\ud30c\ud2b8\uac00 \uc774\uc911 \uacc4\uc57d \uc0ac\uae30\ub85c \ud558\ub8e8 \uc544\uce68\uc5d0 \uac00\uc9c4 \uac8c \ub2e4 \ud138\ub824\ubc84\ub838\uc5b4.", "offset": 0, "length": 59, "sentiment": "negative", "confidence": {"negative": 0.99895006, "positive": 0.00043897118, "neutral": 0.0006109665}, "highlights": [{"offset": 20, "length": 38}]}]}