{"document": {"sentiment": "negative", "confidence": {"negative": 99.980644, "positive": 0.004142295, "neutral": 0.015216877}}, "sentences": [{"content": "\uc624\ub298 \uc9d1\uc5d0 \uc654\ub294\ub370 \ub2f4\ubc30 \ub0c4\uc0c8\ub09c\ub2e4\uace0 \uc5c4\ub9c8\ud55c\ud14c \ub9de\uc558\uc5b4.", "offset": 0, "length": 28, "sentiment": "negative", "confidence": {"negative": 0.9988385, "positive": 0.00024853772, "neutral": 0.0009130126}, "highlights": [{"offset": 19, "length": 8}]}]}