{"document": {"sentiment": "negative", "confidence": {"negative": 99.98304, "positive": 0.006496015, "neutral": 0.010463206}}, "sentences": [{"content": "\uc544\ub0b4\uac00 \uc554\uc5d0 \uac78\ub838\ub294\ub370 \uce58\ub8cc\ube44\uac00 \ub108\ubb34 \ub9ce\uc774 \ub098\uc640\uc11c \ud798\ub4e4\uc5b4.", "offset": 0, "length": 31, "sentiment": "negative", "confidence": {"negative": 0.99898237, "positive": 0.00038976088, "neutral": 0.0006277924}, "highlights": [{"offset": 12, "length": 18}]}]}