{"document": {"sentiment": "positive", "confidence": {"negative": 0.02166006, "positive": 99.96646, "neutral": 0.011878135}}, "sentences": [{"content": "\uc774\ubc88 \uc2dc\ud5d8\uc740 \uacf5\ubd80\ub97c \ub9ce\uc774 \uc548 \ud574\uc11c \uac71\uc815\ub410\ub294\ub370 \ub2e4\ud589\ud788 \uc810\uc218\uac00 \uc798 \ub098\uc654\uc5b4.", "offset": 0, "length": 39, "sentiment": "positive", "confidence": {"negative": 0.00067874655, "positive": 0.9985197, "neutral": 0.00080154}, "highlights": [{"offset": 19, "length": 19}]}, {"content": " \ub108\ubb34 \uae30\ubed0.", "offset": 39, "length": 7, "sentiment": "positive", "confidence": {"negative": 0.0019204606, "positive": 0.99745566, "neutral": 0.0006238362}, "highlights": [{"offset": 1, "length": 5}]}]}