{"document": {"sentiment": "positive", "confidence": {"negative": 0.017156275, "positive": 99.97734, "neutral": 0.0055049886}}, "sentences": [{"content": "\uc218\uc5c5\uc2dc\uac04\uc5d0 \ud55c \ubc88\ub3c4 \uc878\uc9c0 \uc54a\uace0 \uc624\ub298\uc740 \uc9d1\uc911\ud574\uc11c \uc218\uc5c5\uc744 \ub4e4\uc5b4\uc11c \ub9cc\uc871\uc2a4\ub7ec\uc6cc.", "offset": 0, "length": 40, "sentiment": "positive", "confidence": {"negative": 0.0010293765, "positive": 0.99864036, "neutral": 0.0003302993}, "highlights": [{"offset": 17, "length": 22}]}]}