{"document": {"sentiment": "neutral", "confidence": {"negative": 0.07970839, "positive": 0.020278454, "neutral": 99.90002}}, "sentences": [{"content": "\uc544\ubc84\uc9c0\uac00 \ud560\uba38\ub2c8\ub294 \uc774\uc81c \uc9d1\uc5d0 \uc548 \uc624\uc2e0\ub2e4\uace0 \ud588\uc5b4.", "offset": 0, "length": 26, "sentiment": "neutral", "confidence": {"negative": 0.0007970839, "positive": 0.00020278455, "neutral": 0.99900013}, "highlights": [{"offset": 13, "length": 10}]}]}