{"document": {"sentiment": "negative", "confidence": {"negative": 99.98377, "positive": 0.0093161855, "neutral": 0.0069084414}}, "sentences": [{"content": "\uc5c5\ubb34\uc640 \uc804\ud600 \uad00\ub828 \uc5c6\ub294 \ubb38\uc81c\ub85c \ubd80\ub2f9 \ud574\uace0\ub97c \ub2f9\ud574\uc11c \uae30\ubd84 \ub098\ube60", "offset": 0, "length": 33, "sentiment": "negative", "confidence": {"negative": 0.9990264, "positive": 0.00055897114, "neutral": 0.00041450647}, "highlights": [{"offset": 28, "length": 5}]}]}