{"document": {"sentiment": "neutral", "confidence": {"negative": 0.090783, "positive": 0.81193453, "neutral": 99.09728}}, "sentences": [{"content": "\ud559\uc5c5\uc5d0 \uc5f4\uc2ec\ud788 \ucc38\uc5ec\ud574\uc11c \uc88b\uc740 \uc131\uc801\uc744 \ubc1b\uc74c\uc5d0\ub3c4 \ubd88\uad6c\ud558\uace0 \ubd80\ubaa8\ub2d8\uaed8\uc11c\ub294 \ud56d\uc0c1 \uc77c\ub4f1\uc744 \uc6d0\ud558\uc154\uc11c \uace0\ubbfc\uc774\uc57c.", "offset": 0, "length": 54, "sentiment": "neutral", "confidence": {"negative": 0.0009078301, "positive": 0.008119346, "neutral": 0.9909729}, "highlights": [{"offset": 30, "length": 19}]}]}