{"document": {"sentiment": "negative", "confidence": {"negative": 99.93773, "positive": 0.023189967, "neutral": 0.03908224}}, "sentences": [{"content": "\ub098 \uc9c4\uc9dc \uad34\ub85c\uc6e0\ub294\ub370 \uc774\uc81c \ub530\ub3cc\ub9bc\uc73c\ub85c \uace0\ud1b5 \ubc1b\uc9c0 \uc54a\uc544\ub3c4 \ub3fc\uc11c \uc9c4\uc9dc \uc9c0\uae08 \uc8fd\uc5b4\ub3c4 \uc5ec\ud55c\uc774 \uc5c6\uc5b4.", "offset": 0, "length": 50, "sentiment": "negative", "confidence": {"negative": 0.99626356, "positive": 0.001391398, "neutral": 0.0023449343}, "highlights": [{"offset": 11, "length": 22}]}]}