{"document": {"sentiment": "negative", "confidence": {"negative": 99.98488, "positive": 0.0044019576, "neutral": 0.01072084}}, "sentences": [{"content": "\uc774\ubc88\uc5d0 \ud300\uc7a5\ub2d8\uc774 \uac04\ub2e8\ud55c \uc870\uc0ac \uc5c5\ubb34\ub97c \ubd80\ud0c1\ud558\uc168\ub294\ub370 \ub0b4\uac00 \uc798\ubabb \ucc98\ub9ac\ud588\uc5b4.", "offset": 0, "length": 38, "sentiment": "negative", "confidence": {"negative": 0.99875534, "positive": 0.00026963715, "neutral": 0.00097494066}, "highlights": [{"offset": 0, "length": 37}]}, {"content": " \ub108\ubb34 \uc808\ub9dd\uc801\uc774\uc57c.", "offset": 38, "length": 10, "sentiment": "negative", "confidence": {"negative": 0.99942976, "positive": 0.00025859775, "neutral": 0.00031156006}, "highlights": [{"offset": 1, "length": 8}]}]}