{"document": {"sentiment": "negative", "confidence": {"negative": 75.00068, "positive": 0.011856259, "neutral": 24.987465}}, "sentences": [{"content": "\ud734\uc77c\uc5d0 \uc9d1 \uc548 \uccad\uc18c\ub294 \ud56d\uc0c1 \ub0b4\uac00 \ud558\uac70\ub4e0.", "offset": 0, "length": 22, "sentiment": "neutral", "confidence": {"negative": 0.00012199576, "positive": 0.0004901666, "neutral": 0.99938786}, "highlights": [{"offset": 15, "length": 6}]}, {"content": " \uc77c\uc8fc\uc77c\ub9c8\ub2e4 \uc9d1 \uccad\uc18c\ub97c \ud558\ub2c8 \ud55c\ub450 \uc2dc\uac04\uc740 \uae08\ubc29 \uc9c0\ub098\uac00\uc9c0.", "offset": 22, "length": 31, "sentiment": "neutral", "confidence": {"negative": 0.00022839762, "positive": 0.00035338095, "neutral": 0.99941826}, "highlights": [{"offset": 1, "length": 29}]}, {"content": " \uc800\ubc88 \uc8fc \uc77c\uc694\uc77c\ub3c4 \uccad\uc18c\uae30\ub97c \ub3cc\ub9ac\ub2e4\uac00 \uac11\uc790\uae30 \uc606\uad6c\ub9ac\uac00 \ub108\ubb34 \uc544\ud508 \uac70\uc57c.", "offset": 53, "length": 39, "sentiment": "negative", "confidence": {"negative": 0.9997038, "positive": 0.00010495316, "neutral": 0.00019111538}, "highlights": [{"offset": 25, "length": 13}]}]}