{"document": {"sentiment": "negative", "confidence": {"negative": 99.99157, "positive": 0.0027711734, "neutral": 0.0056577106}}, "sentences": [{"content": "\uc544\ub4e4\uc774 \uacf5\ubd80\ub294 \uc548 \ud558\uace0 \ub9e4\uc77c \uac8c\uc784\ub9cc \ud574\uc11c \ud654\uac00 \ub9ce\uc774 \ub098\ub124.", "offset": 0, "length": 32, "sentiment": "negative", "confidence": {"negative": 0.9994943, "positive": 0.0001662704, "neutral": 0.00033946263}, "highlights": [{"offset": 13, "length": 18}]}]}