{"document": {"sentiment": "negative", "confidence": {"negative": 99.97561, "positive": 0.012596602, "neutral": 0.011792574}}, "sentences": [{"content": "\ubc14\uc058\uac8c \uc0b4\uc544\uc624\ub2e4 \ubcf4\ub2c8 \uac74\uac15\ub3c4 \ub098\ube60\uc9c0\uace0 \uadf8\ub7ec\ub2e4 \ubcf4\ub2c8 \ub300\uc778 \uad00\uacc4\ub3c4 \uc18c\ud640\ud574\uc9c0\ub294 \uac83 \uac19\uc544.", "offset": 0, "length": 46, "sentiment": "negative", "confidence": {"negative": 0.9985367, "positive": 0.0007557961, "neutral": 0.00070755446}, "highlights": [{"offset": 28, "length": 17}]}]}