{"document": {"sentiment": "negative", "confidence": {"negative": 99.95496, "positive": 0.0049401987, "neutral": 0.040095884}}, "sentences": [{"content": "\uc544\ub4e4\uc774 \ub098\ub791 \uac19\uc774 \ub2e4\ub2c8\ub294 \uac78 \ubd80\ub044\ub7ec\uc6cc\ud558\ub124.", "offset": 0, "length": 23, "sentiment": "negative", "confidence": {"negative": 0.9972978, "positive": 0.00029641192, "neutral": 0.0024057531}, "highlights": [{"offset": 0, "length": 22}]}]}