{"document": {"sentiment": "negative", "confidence": {"negative": 99.982155, "positive": 0.008667597, "neutral": 0.00918107}}, "sentences": [{"content": "\uba74\uc811\uc744 \ubcfc \ub54c\ub9c8\ub2e4 \uba74\uc811\uad00\ub4e4\uc774 \ub098\ub97c \ub108\ubb34 \ubb34\uc2dc\ud558\ub294 \ub290\ub08c\uc774 \ub4dc\ub2c8\uae4c \uba74\uc811 \uc0dd\uac01\ub9cc \ud574\ub3c4 \ub108\ubb34 \uae34\uc7a5\ud574\uc11c \ud1a0\ud560 \uac83 \uac19\uc544.", "offset": 0, "length": 61, "sentiment": "negative", "confidence": {"negative": 0.9989291, "positive": 0.0005200558, "neutral": 0.0005508642}, "highlights": [{"offset": 45, "length": 15}]}]}