{"document": {"sentiment": "negative", "confidence": {"negative": 99.95787, "positive": 0.0069409334, "neutral": 0.035190374}}, "sentences": [{"content": "\ucde8\ubbf8\uc0dd\ud65c\uc744 \uc990\uae30\ub2e4\uac00 \ub178\ud6c4 \uc790\uae08\uc5d0 \uc190\uc744 \ub300 \ubc84\ub838\ub124.", "offset": 0, "length": 27, "sentiment": "negative", "confidence": {"negative": 0.99635786, "positive": 0.0005510074, "neutral": 0.0030910706}, "highlights": [{"offset": 11, "length": 15}]}, {"content": " \uc544\ub0b4\uac00 \uc54c\uac8c \ub420\uae4c \ubd10 \uac71\uc815\uc774\uc57c.", "offset": 27, "length": 18, "sentiment": "negative", "confidence": {"negative": 0.9985864, "positive": 0.0002819046, "neutral": 0.0011317743}, "highlights": [{"offset": 1, "length": 16}]}]}