{"document": {"sentiment": "positive", "confidence": {"negative": 0.016578265, "positive": 99.93899, "neutral": 0.04443221}}, "sentences": [{"content": "\uac19\uc740 \uc8fc\uc81c\ub85c \uc628\ub77c\uc778\uc5d0 \uae00 \uc62c\ub838\ub294\ub370 \ub0b4 \uae00\ubcf4\ub2e4 \uce5c\uad6c \uae00\uc5d0 \ub354 \uc88b\uc544\uc694\uac00 \ub9ce\ub124.", "offset": 0, "length": 41, "sentiment": "positive", "confidence": {"negative": 0.0009946959, "positive": 0.99633944, "neutral": 0.0026659328}, "highlights": [{"offset": 19, "length": 21}]}]}