{"document": {"sentiment": "neutral", "confidence": {"negative": 0.15664062, "positive": 0.023754189, "neutral": 99.8196}}, "sentences": [{"content": "\uc624\ub298\uc740 \ud68c\uc0ac \uc678\ubd80\uc5d0 \uc5c5\ubb34\ub97c \uc7a0\uae50 \ubcf4\ub7ec\uac14\ub2e4\uac00 \uc77c \ucc98\ub9ac\uac00 \ub298\uc5b4\uc838\uc11c \ubc14\ub85c \uc9d1\uc73c\ub85c \ud1f4\uadfc\ud588\uc5b4.", "offset": 0, "length": 47, "sentiment": "neutral", "confidence": {"negative": 0.0015664062, "positive": 0.0002375419, "neutral": 0.99819607}, "highlights": [{"offset": 38, "length": 8}]}]}