{"document": {"sentiment": "negative", "confidence": {"negative": 99.974724, "positive": 0.016855204, "neutral": 0.008418517}}, "sentences": [{"content": "\uc911\ub144\uc758 \ub098\uc774\uac00 \uae4a\uc5b4\uac00\ub294\ub370 \uc5c5\ubb34\uc758 \uacfc\uc911\ud568\uc740 \ub298\uc5b4\uac00\uace0 \ubaa8\uc544\ub193\uc740 \ub3c8\uc740 \uc5c6\uace0 \uc6b0\uc6b8\ud574", "offset": 0, "length": 42, "sentiment": "negative", "confidence": {"negative": 0.9984836, "positive": 0.0010113122, "neutral": 0.000505111}, "highlights": [{"offset": 30, "length": 12}]}]}