{"document": {"sentiment": "positive", "confidence": {"negative": 0.0039702537, "positive": 99.9792, "neutral": 0.016828053}}, "sentences": [{"content": "\uc544\ub4e4\uc774 \ucde8\uc5c5\uc744 \ud558\uace0 \ub098\ub2c8 \ub9c8\uc74c\uc774 \ub290\uae0b\ud574\uc9c4 \uac83 \uac19\uc544.", "offset": 0, "length": 28, "sentiment": "positive", "confidence": {"negative": 0.00023821523, "positive": 0.9987521, "neutral": 0.0010096831}, "highlights": [{"offset": 14, "length": 13}]}]}