{"document": {"sentiment": "positive", "confidence": {"negative": 0.047014747, "positive": 99.93269, "neutral": 0.020289829}}, "sentences": [{"content": "\uc131\uc801\uc774 \uc548 \uc88b\uac8c \ub098\uc640\uc11c \uc5c4\ub9c8\ud55c\ud14c \ud63c\ub0a0 \uc904 \uc54c\uc558\ub294\ub370 \uadf8\ub7ec\uc9c0 \uc54a\uc544\uc11c \ub2e4\ud589\uc774\uc57c.", "offset": 0, "length": 41, "sentiment": "positive", "confidence": {"negative": 0.0028208848, "positive": 0.9959617, "neutral": 0.0012173897}, "highlights": [{"offset": 28, "length": 12}]}]}