{"document": {"sentiment": "negative", "confidence": {"negative": 99.8504, "positive": 0.0067507126, "neutral": 0.14284426}}, "sentences": [{"content": "\uc800\ubc88\uc5d0 \ub0c4\ube44\ub97c \ud0dc\uc6cc\uc11c \uc5c4\ub9c8\ud55c\ud14c \ud63c\ub098\uace0 \uc694\uc998 \uc694\ub9ac\ud560 \ub550 \ucd5c\ub300\ud55c \uc870\uc2ec\ud558\uace0 \uc788\uc5b4.", "offset": 0, "length": 42, "sentiment": "negative", "confidence": {"negative": 0.99102426, "positive": 0.00040504275, "neutral": 0.008570655}, "highlights": [{"offset": 0, "length": 12}]}]}