{"document": {"sentiment": "positive", "confidence": {"negative": 0.024272652, "positive": 99.96882, "neutral": 0.00690948}}, "sentences": [{"content": "\ub09c \uc5b8\uc81c\ub098 \ub0b4 \ub4a4\uc5d0\uc11c \ub0a0 \uc9c0\uc9c0\ud558\uace0 \uc2e0\ub8b0\ud558\ub294 \uc5c4\ub9c8 \uc544\ube60\uac00 \uacc4\uc11c \ub108\ubb34\ub098 \ub4e0\ub4e0\ud574.", "offset": 0, "length": 42, "sentiment": "positive", "confidence": {"negative": 0.0014563592, "positive": 0.99812907, "neutral": 0.00041456879}, "highlights": [{"offset": 6, "length": 35}]}]}