{"document": {"sentiment": "negative", "confidence": {"negative": 99.99926, "positive": 0.00035115913, "neutral": 0.0003900204}}, "sentences": [{"content": "\uc0ac\uc7a5\ub2d8\uc774 \uc5c5\ubb34\uc2dc\uac04\uc5d0 \ub534\uc9d3\ud558\ub294 \uac78 \ubcf4\uc9c4 \uc54a\uc558\uc744\uae4c \ubd88\uc548\ud574.", "offset": 0, "length": 30, "sentiment": "negative", "confidence": {"negative": 0.99995553, "positive": 2.1069549e-05, "neutral": 2.3401224e-05}, "highlights": [{"offset": 0, "length": 29}]}]}