{"document": {"sentiment": "neutral", "confidence": {"negative": 8.9541445, "positive": 7.008714, "neutral": 84.03714}}, "sentences": [{"content": "\uc740\ud1f4\ud558\uae30 \uc804\uae4c\uc9c0 \uc5f4\uc2ec\ud788 \ubc8c\uc5b4\uc11c \ub538\uc544\uc774 \uad50\uc721\ud558\uace0 \uc2dc\uc9d1 \ubcf4\ub0b4\uace0 \uc804\uc6d0 \uc8fc\ud0dd \uc9c0\uc744 \ub3c8\uae4c\uc9c0 \ub9c8\ub828\ud558\uc790\uace0 \ud588\ub294\ub370 \uc0dd\uac01\ubcf4\ub2e4 \uc77c\ucc0d \ubaa9\ud45c\uc561\uc744 \ub9cc\ub4e4\uc5b4 \ub194\uc11c \uc5bc\ub9c8\ub098 \ub2e4\ud589\uc778\uc9c0 \ubab0\ub77c.", "offset": 0, "length": 88, "sentiment": "neutral", "confidence": {"negative": 0.08954144, "positive": 0.07008714, "neutral": 0.84037143}, "highlights": [{"offset": 64, "length": 12}]}]}