{"document": {"sentiment": "negative", "confidence": {"negative": 99.98084, "positive": 0.00905774, "neutral": 0.010096211}}, "sentences": [{"content": "\uc544\uc774\ub4e4\uc774 \ubd80\ubaa8\ub97c \ub300\ud558\ub294 \ub9c8\uc74c\uc774 \uc608\uc804 \uac19\uc9c0 \uc54a\uc544.", "offset": 0, "length": 26, "sentiment": "negative", "confidence": {"negative": 0.9988508, "positive": 0.0005434644, "neutral": 0.00060577266}, "highlights": [{"offset": 0, "length": 25}]}]}