{"document": {"sentiment": "neutral", "confidence": {"negative": 0.14356256, "positive": 12.786469, "neutral": 87.06997}}, "sentences": [{"content": "\ub098\ub294 \ub178\ud6c4\uc900\ube44\ub97c \uc704\ud574  \uc5f4\uc2ec\ud788 \uc5f0\uae08\uc744 \ub4e4\uace0 \ub610 \uc800\ucd95\ub3c4 \ub9ce\uc774 \ud574.", "offset": 0, "length": 35, "sentiment": "neutral", "confidence": {"negative": 0.0021816047, "positive": 0.25463885, "neutral": 0.7431795}, "highlights": [{"offset": 11, "length": 23}]}, {"content": " \uadf8\ub798\uc11c \ub178\ud6c4 \uc900\ube44\ub294 \uc790\uc2e0\uc774 \uc788\uc5b4.", "offset": 35, "length": 19, "sentiment": "neutral", "confidence": {"negative": 0.00068964646, "positive": 0.0010905482, "neutral": 0.9982199}, "highlights": [{"offset": 1, "length": 17}]}]}