{"document": {"sentiment": "neutral", "confidence": {"negative": 0.0040533775, "positive": 0.0022611495, "neutral": 99.99368}}, "sentences": [{"content": "\uc9d1\uc5d0 \uc788\uc744 \ub550 \uc6c0\uc9c1\uc774\uae30\uac00 \uc2eb\uc5b4\uc11c \ub3d9\uc0dd\uc5d0\uac8c \uc774\uac83\uc800\uac83 \uc2ec\ubd80\ub984\uc744 \uc790\uc8fc \uc2dc\ucf30\uc5b4.", "offset": 0, "length": 40, "sentiment": "neutral", "confidence": {"negative": 4.0533774e-05, "positive": 2.2611493e-05, "neutral": 0.9999368}, "highlights": [{"offset": 18, "length": 21}]}]}