{"document": {"sentiment": "positive", "confidence": {"negative": 0.0763022, "positive": 85.63789, "neutral": 14.285803}}, "sentences": [{"content": "\uc790\uc2dd\ub4e4\uc740 \uace0\ud608\uc555\uc774 \uc5c6\uc5b4\uc11c \ub2e4\ud589\uc774\uc57c.", "offset": 0, "length": 19, "sentiment": "positive", "confidence": {"negative": 0.003856605, "positive": 0.99413514, "neutral": 0.0020082397}, "highlights": [{"offset": 0, "length": 18}]}, {"content": " \ub0b4\uac00 \uace0\ud608\uc555\uc774 \uc788\uc5b4\uc11c \uac71\uc815\ud588\ub294\ub370 \ub9d0\uc774\uc57c.", "offset": 19, "length": 23, "sentiment": "neutral", "confidence": {"negative": 0.001484549, "positive": 0.0005175141, "neutral": 0.99799794}, "highlights": [{"offset": 1, "length": 12}]}]}