{"document": {"sentiment": "neutral", "confidence": {"negative": 0.06273896, "positive": 0.32512805, "neutral": 99.61213}}, "sentences": [{"content": "\uc5c5\ubb34\ub7c9\uc774 \ub298\uc5b4\ub098\uba74 \ubd80\ud558 \uc9c1\uc6d0\ub4e4\uc5d0\uac8c \uc801\ub2f9\ud788 \ubd84\ubc30\ud558\uc5ec \ud3c9\uc18c\ub300\ub85c \ub9de\ucd94\uace4 \ud574.", "offset": 0, "length": 39, "sentiment": "neutral", "confidence": {"negative": 0.00062738964, "positive": 0.0032512804, "neutral": 0.99612135}, "highlights": [{"offset": 0, "length": 38}]}]}