{"document": {"sentiment": "negative", "confidence": {"negative": 99.95646, "positive": 0.009801928, "neutral": 0.03373611}}, "sentences": [{"content": "\ub098\ub97c \uacc4\uc18d \uad34\ub86d\ud614\ub358 \uc560\uac00 \ub108\ubb34 \ubbf8\uc6cc\uc11c \uc624\ub298\uc740 \uadf8 \uc560 \uac00\ubc29 \ub048\uc744 \uc790\ub974\uace0 \ub3c4\ub9dd\ucce4\uc5b4.", "offset": 0, "length": 44, "sentiment": "negative", "confidence": {"negative": 0.9973878, "positive": 0.0005881157, "neutral": 0.0020241665}, "highlights": [{"offset": 39, "length": 4}]}]}