{"document": {"sentiment": "positive", "confidence": {"negative": 0.008507931, "positive": 99.968636, "neutral": 0.02285986}}, "sentences": [{"content": "\uc6b0\ub9ac \uac00\uc871\uc740 \ub0b4 \ub9d8\uc744 \uc798 \uc774\ud574\ud574 \uc8fc\ub294 \uac83 \uac19\uc544.", "offset": 0, "length": 26, "sentiment": "positive", "confidence": {"negative": 0.00051047583, "positive": 0.9981179, "neutral": 0.0013715916}, "highlights": [{"offset": 14, "length": 11}]}]}