{"document": {"sentiment": "positive", "confidence": {"negative": 0.03291818, "positive": 99.94661, "neutral": 0.020473609}}, "sentences": [{"content": "\ub0b4\uac8c \uace8\uc218\ub97c \uc774\uc2dd\ud574 \uc904 \uc218 \uc788\ub294 \uae30\uc99d\uc790\uac00 \ub098\ud0c0\ub098\uc11c \ub108\ubb34 \uae30\ubed0.", "offset": 0, "length": 34, "sentiment": "positive", "confidence": {"negative": 0.001975091, "positive": 0.99679655, "neutral": 0.0012284166}, "highlights": [{"offset": 13, "length": 20}]}]}