{"document": {"sentiment": "negative", "confidence": {"negative": 99.88981, "positive": 0.0062265703, "neutral": 0.10396453}}, "sentences": [{"content": "\uc694\uc998 \ucf54\ub85c\ub098\ubc14\uc774\ub7ec\uc2a4 \ub54c\ubb38\uc5d0 \uc8fd\ub294 \uc0ac\ub78c\ub4e4\uc774 \ub9ce\ub2e4\uace0 \ud558\ub358\ub370.", "offset": 0, "length": 31, "sentiment": "negative", "confidence": {"negative": 0.99338853, "positive": 0.00037359423, "neutral": 0.006237872}, "highlights": [{"offset": 0, "length": 27}]}]}