{"document": {"sentiment": "negative", "confidence": {"negative": 99.88188, "positive": 0.06427489, "neutral": 0.053845596}}, "sentences": [{"content": "\uc88b\uc544\ud558\ub294 \uc5ec\uc790\uc5d0\uac8c \uace0\ubc31\ud588\ub294\ub370 \ub610 \uac70\uc808\ub2f9\ud588\uc5b4.", "offset": 0, "length": 24, "sentiment": "negative", "confidence": {"negative": 0.99820185, "positive": 0.0002288531, "neutral": 0.0015692922}, "highlights": [{"offset": 16, "length": 7}]}, {"content": " \uc774\ubc88\uc5d4 \uc815\ub9d0 \uc798\ud574 \ubcf4\uace0 \uc2f6\uc5c8\ub294\ub370 \ub9e4\ubc88 \uace0\ubc31\ud574\ub3c4 \ucc28\uc774\uae30\ub9cc \ud558\uace0 \ub108\ubb34 \uc2ac\ud504\ub124.", "offset": 24, "length": 42, "sentiment": "negative", "confidence": {"negative": 0.9876237, "positive": 0.0074841343, "neutral": 0.0048921793}, "highlights": [{"offset": 22, "length": 19}]}]}