{"document": {"sentiment": "neutral", "confidence": {"negative": 0.29192227, "positive": 0.028584957, "neutral": 99.67949}}, "sentences": [{"content": "\uba70\uce60 \uc804\ubd80\ud130 \ub204\ub098\uac00 \uc9d1\uc5d0 \uc548 \ub4e4\uc5b4\uc624\uace0 \uc6b0\ub9ac \uc9d1\uc5d0\ub294 \uacbd\ucc30\uc774 \uc654\ub2e4 \uac14\ub2e4 \ud558\uace0 \uc788\uc5b4.", "offset": 0, "length": 44, "sentiment": "neutral", "confidence": {"negative": 0.0029192225, "positive": 0.00028584956, "neutral": 0.9967949}, "highlights": [{"offset": 21, "length": 20}]}]}