{"document": {"sentiment": "positive", "confidence": {"negative": 0.035124462, "positive": 99.906395, "neutral": 0.058478996}}, "sentences": [{"content": "\ud68c\uc0ac\uc5d0 \uc77c\uc774 \ub9ce\uc544 \ud734\uac00\ub97c \ubabb \uac14\ub294\ub370 \uc624\ub298 \uc0c1\uc5ec\uae08\uc774 \ub098\uc640\uc11c \uae30\ubed0.", "offset": 0, "length": 35, "sentiment": "positive", "confidence": {"negative": 0.0021074677, "positive": 0.9943838, "neutral": 0.0035087399}, "highlights": [{"offset": 23, "length": 11}]}]}