{"document": {"sentiment": "negative", "confidence": {"negative": 99.29137, "positive": 0.019060533, "neutral": 0.6895737}}, "sentences": [{"content": "\ub098\ubcf4\ub2e4 \uc77c\uc744 \ub354 \uc798\ud558\ub294 \uce5c\ud55c \ub3d9\uae30\uc758 \uc5c5\ubb34 \uc77c\uc9c0\ub97c \ud6d4\uccd0 \uac00\ub824\ub2e4 \ub4e4\ucf1c \ubbf8\uc548\ud55c \ub9c8\uc74c\uc774 \ub4e4\uc5c8\uc5b4.", "offset": 0, "length": 49, "sentiment": "negative", "confidence": {"negative": 0.957482, "positive": 0.001143632, "neutral": 0.041374423}, "highlights": [{"offset": 37, "length": 11}]}]}