{"document": {"sentiment": "negative", "confidence": {"negative": 99.97557, "positive": 0.007959894, "neutral": 0.016467238}}, "sentences": [{"content": "\uc5f4\uc2ec\ud788 \uacf5\ubd80\ud588\ub2e4\uace0 \uc0dd\uac01\ud588\ub294\ub370 \uc0dd\uac01\ub9cc\ud07c \uc131\uc801\uc774 \uc548 \uc62c\ub77c\uc11c \ud63c\ub780\uc2a4\ub7ec\uc6cc.", "offset": 0, "length": 37, "sentiment": "negative", "confidence": {"negative": 0.99853444, "positive": 0.00047759362, "neutral": 0.0009880343}, "highlights": [{"offset": 0, "length": 36}]}]}