{"document": {"sentiment": "negative", "confidence": {"negative": 99.96908, "positive": 0.011315251, "neutral": 0.01960397}}, "sentences": [{"content": "\uc694\uc998\uc740 \ud559\uad50\uc5d0 \uac00\ub294 \uac8c \ub108\ubb34 \ubb34\uc11c\uc6cc\uc11c \ub208\ubb3c\uc774 \ub098.", "offset": 0, "length": 27, "sentiment": "negative", "confidence": {"negative": 0.99814487, "positive": 0.00067891506, "neutral": 0.0011762382}, "highlights": [{"offset": 0, "length": 21}]}]}