{"document": {"sentiment": "negative", "confidence": {"negative": 99.997635, "positive": 0.0009331456, "neutral": 0.0014282757}}, "sentences": [{"content": "\uc5c4\ub9c8\uac00 \uc544\uce68\ub9c8\ub2e4 \ub4dc\uc2dc\ub294 \uc57d \uac1c\uc218\uac00 \uc810\uc810 \ub298\uc5b4\ub098 \ubd88\uc548\ud574.", "offset": 0, "length": 30, "sentiment": "negative", "confidence": {"negative": 0.99985826, "positive": 5.5988734e-05, "neutral": 8.569654e-05}, "highlights": [{"offset": 0, "length": 29}]}]}