{"document": {"sentiment": "negative", "confidence": {"negative": 99.98892, "positive": 0.003495706, "neutral": 0.0075838496}}, "sentences": [{"content": "\ud504\ub85c\uc81d\ud2b8\ub97c \uc9c4\ud589\ud558\ub294\ub370 \ubb38\uc81c\uac00 \ub108\ubb34 \ub9ce\uc544\uc11c \ub2f9\ud669\uc2a4\ub7ec\uc6cc.", "offset": 0, "length": 29, "sentiment": "negative", "confidence": {"negative": 0.9993351, "positive": 0.00020974236, "neutral": 0.00045503097}, "highlights": [{"offset": 0, "length": 28}]}]}