{"document": {"sentiment": "negative", "confidence": {"negative": 99.999084, "positive": 0.00023518824, "neutral": 0.00068249804}}, "sentences": [{"content": "\ubaa8\ub974\ub294 \uc0ac\ub78c\uc774 \uac11\uc790\uae30 \ub098\ub97c \ucc3e\uc544\uc640\uc11c \uc5f0\uc608\uc778\uc774 \ub418\uc5b4\ubcf4\uc9c0 \uc54a\uaca0\ub0d0\uace0 \ubb3c\uc5b4\uc11c \ub108\ubb34 \ub2f9\ud669\uc2a4\ub7ec\uc6e0\uc5b4.", "offset": 0, "length": 49, "sentiment": "negative", "confidence": {"negative": 0.9999449, "positive": 1.4111294e-05, "neutral": 4.0949883e-05}, "highlights": [{"offset": 20, "length": 28}]}]}