{"document": {"sentiment": "negative", "confidence": {"negative": 99.981804, "positive": 0.0025734461, "neutral": 0.01561993}}, "sentences": [{"content": "\ucc98\uc74c \ubcf4\ub294 \ub3d9\uc0dd\uc744 \uc548\uc544\ubcf4\uace0 \uc2f6\uc9c0\ub9cc \ub9c8\uc74c\ucc98\ub7fc \ub418\uc9c0 \uc54a\uc544 \ud654\uac00 \ub098\uc11c \uacc4\uc18d \ub5bc\ub97c \uc37c\uc5b4.", "offset": 0, "length": 45, "sentiment": "negative", "confidence": {"negative": 0.9989084, "positive": 0.00015440676, "neutral": 0.0009371958}, "highlights": [{"offset": 39, "length": 5}]}]}