{"document": {"sentiment": "negative", "confidence": {"negative": 99.98541, "positive": 0.006876375, "neutral": 0.007712946}}, "sentences": [{"content": "\ube44\uc804\uc774 \uc788\ub2e4\uace0 \uc0dd\uac01\ud574\uc11c \uc774 \ud68c\uc0ac\uc5d0 \ub4e4\uc5b4\uc654\ub294\ub370 \ub0b4 \ud310\ub2e8\uc774 \ud2c0\ub9b0 \uac83 \uac19\uc544 \uc2ac\ud37c.", "offset": 0, "length": 42, "sentiment": "negative", "confidence": {"negative": 0.9991247, "positive": 0.0004125825, "neutral": 0.00046277675}, "highlights": [{"offset": 25, "length": 16}]}]}