{"document": {"sentiment": "negative", "confidence": {"negative": 99.97929, "positive": 0.008766896, "neutral": 0.011944533}}, "sentences": [{"content": "\ub098\ub294 \uc694\uc998 \ub0a8\ud3b8\uc774\ub791 \uac19\uc774 \ub2e4\ub2c8\ub294 \uac8c \ub108\ubb34 \uc2eb\uc5b4.", "offset": 0, "length": 26, "sentiment": "negative", "confidence": {"negative": 0.99875736, "positive": 0.0005260138, "neutral": 0.000716672}, "highlights": [{"offset": 0, "length": 25}]}]}