{"document": {"sentiment": "negative", "confidence": {"negative": 99.99944, "positive": 0.0001866084, "neutral": 0.00036683527}}, "sentences": [{"content": "\ub0b4 \uafc8\uc740 \uc2b9\ubb34\uc6d0\uc778\ub370 \uc8fc\ubcc0\uc5d0\uc11c \ub098\ub791 \uc548 \ub9de\ub294\ub2e4\uace0 \ud3ec\uae30\ud558\ub77c \ud574\uc11c \uae30\ubd84\uc774 \uc548 \uc88b\uc544.", "offset": 0, "length": 43, "sentiment": "negative", "confidence": {"negative": 0.99996674, "positive": 1.1196505e-05, "neutral": 2.2010116e-05}, "highlights": [{"offset": 34, "length": 8}]}]}