{"document": {"sentiment": "negative", "confidence": {"negative": 94.286194, "positive": 0.07435293, "neutral": 5.6394544}}, "sentences": [{"content": "\ucd5c\uadfc\uc5d0 \ub098\uc774\uac00 \ub4e4\uc5c8\ub2e4\ub294 \uac83\uc774 \ub108\ubb34 \uc2e4\uac10\uc774 \ub098. \uc870\uae08\ub9cc \ub6f0\uba74 \uae08\uc138 \uc228\uc774 \ucc2c\ub2e4\ub2c8\uae4c.", "offset": 0, "length": 44, "sentiment": "negative", "confidence": {"negative": 0.65717155, "positive": 0.0044611758, "neutral": 0.33836725}, "highlights": [{"offset": 0, "length": 24}]}]}