{"document": {"sentiment": "negative", "confidence": {"negative": 99.97984, "positive": 0.007949154, "neutral": 0.012210266}}, "sentences": [{"content": "\uadf8\ub3d9\uc548 \uad34\ub86d\ud798\uc744 \ub2f9\ud574 \ud559\uad50 \uc0dd\ud65c\uc774 \ud798\ub4e4\uae30\ub9cc \ud588\ub294\ub370 \uac00\ud574\uc790\ub4e4\uc774 \uc804\ud559\uc744 \uac00\uc11c \uc0c1\ud669\uc774 \ub2ec\ub77c\uc84c\uc5b4.", "offset": 0, "length": 50, "sentiment": "negative", "confidence": {"negative": 0.99879044, "positive": 0.00047694924, "neutral": 0.00073261594}, "highlights": [{"offset": 41, "length": 8}]}]}