{"document": {"sentiment": "negative", "confidence": {"negative": 99.98092, "positive": 0.008094797, "neutral": 0.0109860115}}, "sentences": [{"content": "\uc694\uc998 \uc131\uc801\uc774 \uc88b\uc544\ub3c4 \uc88b\uc740 \ub300\ud559\uc5d0 \ubabb \uac00\uba74 \ubb34\uc2dc\ub2f9\ud558\ub294 \uac83 \uac19\uc544\uc11c \ub108\ubb34 \ud658\uba78\uc744 \ub290\uaef4.", "offset": 0, "length": 45, "sentiment": "negative", "confidence": {"negative": 0.9988551, "positive": 0.0004856878, "neutral": 0.00065916067}, "highlights": [{"offset": 23, "length": 21}]}]}