{"document": {"sentiment": "negative", "confidence": {"negative": 99.96557, "positive": 0.0040800413, "neutral": 0.030347658}}, "sentences": [{"content": "\ud1f4\uc0ac\ud55c \uc9c0 \uc5bc\ub9c8 \ub418\uc9c0\ub3c4 \uc54a\uc558\ub294\ub370 \ub0a8\ud3b8\uc774 \uad6c\uc9c1 \uc548 \ud558\ub0d0\uba70 \ud540\uc794\uc744 \uc918.", "offset": 0, "length": 37, "sentiment": "negative", "confidence": {"negative": 0.99793434, "positive": 0.00024480248, "neutral": 0.0018208595}, "highlights": [{"offset": 18, "length": 18}]}]}