{"document": {"sentiment": "negative", "confidence": {"negative": 99.988716, "positive": 0.004124472, "neutral": 0.007160255}}, "sentences": [{"content": "\ubd80\uc7a5\ub2d8\uc774 \ud1f4\uadfc\uc2dc\uac04\uc744 \ubb34\uc2dc\ud558\uace0 \uc5c5\ubb34\ub97c \ub3c5\ucd09\ud574\uc11c \uc790\uafb8 \uc57c\uadfc\uc744 \ud560 \uc218\ubc16\uc5d0 \uc5c6\uc5b4 \ud654\uac00 \ub098.", "offset": 0, "length": 46, "sentiment": "negative", "confidence": {"negative": 0.999323, "positive": 0.00024746833, "neutral": 0.00042961532}, "highlights": [{"offset": 28, "length": 17}]}]}