{"document": {"sentiment": "positive", "confidence": {"negative": 0.00037280275, "positive": 99.999054, "neutral": 0.00057000946}}, "sentences": [{"content": "\uc794\uc18c\ub9ac\ud558\uc9c0 \uc54a\uc544\ub3c4 \ubc29\uc744 \uae68\ub057\ud558\uac8c \uc798 \uce58\uc6b0\ub294 \uc544\ub4e4\uc774 \ub108\ubb34 \uc790\ub791\uc2a4\ub7ec\uc6cc.", "offset": 0, "length": 37, "sentiment": "positive", "confidence": {"negative": 2.2368165e-05, "positive": 0.9999434, "neutral": 3.4200566e-05}, "highlights": [{"offset": 10, "length": 26}]}]}