{"document": {"sentiment": "neutral", "confidence": {"negative": 8.485413, "positive": 0.10758586, "neutral": 91.407005}}, "sentences": [{"content": "\uc790\uc2dd\uc774 \uacb0\ud63c\ub3c4 \uc548 \ud588\ub294\ub370 \uc544\uc774\ub97c \ud558\ub098 \ub370\ub824\uc654\uc5b4.", "offset": 0, "length": 26, "sentiment": "neutral", "confidence": {"negative": 0.084854126, "positive": 0.0010758586, "neutral": 0.91407}, "highlights": [{"offset": 14, "length": 11}]}]}