{"document": {"sentiment": "negative", "confidence": {"negative": 99.98578, "positive": 0.006729169, "neutral": 0.007488436}}, "sentences": [{"content": "\uce5c\uad6c\uac00 \uc655\ub530\ub85c \uc790\uc0b4\uae4c\uc9c0 \ud588\ub294\ub370 \uac00\ud574\uc790\ub4e4\uc740 \uc544\ubb34\ub807\uc9c0 \uc54a\uac8c \uc0b4\uc544\uac00\ub294 \uac8c \ud669\ub2f9\ud574.", "offset": 0, "length": 42, "sentiment": "negative", "confidence": {"negative": 0.99914694, "positive": 0.00040375013, "neutral": 0.00044930616}, "highlights": [{"offset": 17, "length": 24}]}]}