{"document": {"sentiment": "negative", "confidence": {"negative": 99.973694, "positive": 0.010323668, "neutral": 0.015985524}}, "sentences": [{"content": "\uc5f0\uc560\uc640 \uc77c\uc740 \uc591\ub9bd\ud560 \uc218 \uc5c6\ub294 \uac83 \uac19\uc544.", "offset": 0, "length": 21, "sentiment": "negative", "confidence": {"negative": 0.99842155, "positive": 0.0006194201, "neutral": 0.00095913146}, "highlights": [{"offset": 0, "length": 20}]}]}