{"document": {"sentiment": "negative", "confidence": {"negative": 99.98124, "positive": 0.0069389017, "neutral": 0.011824425}}, "sentences": [{"content": "\uc544\uc774\uac00 \uacf5\ubd80\ub97c \ubabb\ud558\ub2c8\uae4c \ub098\ub3c4 \uc810\uc810 \uc704\ucd95\ub418\uace0 \uc788\uc5b4.", "offset": 0, "length": 27, "sentiment": "negative", "confidence": {"negative": 0.99887425, "positive": 0.0004163341, "neutral": 0.00070946553}, "highlights": [{"offset": 13, "length": 11}]}]}