{"document": {"sentiment": "negative", "confidence": {"negative": 99.68526, "positive": 0.085654125, "neutral": 0.22908834}}, "sentences": [{"content": "\uc608\uc808\uad50\uc721 \ub54c\ubb38\uc5d0 \ubc29\ud559\ub54c \uc131\ub2f9\ucea0\ud504\uc5d0 \uc640\uc788\ub294\ub370 \uac00\uc871\uc774 \ub108\ubb34 \uadf8\ub9ac\uc6cc.", "offset": 0, "length": 35, "sentiment": "negative", "confidence": {"negative": 0.9673004, "positive": 0.00986418, "neutral": 0.02283543}, "highlights": [{"offset": 24, "length": 10}]}, {"content": " \ud63c\uc790 \ub5a8\uc5b4\uc838\uc11c \uc788\uc73c\ub2c8\uae4c \uc678\ub86d\ub2e4.", "offset": 35, "length": 18, "sentiment": "negative", "confidence": {"negative": 0.99493057, "positive": 0.00041431506, "neutral": 0.0046551717}, "highlights": [{"offset": 1, "length": 16}]}]}