{"document": {"sentiment": "positive", "confidence": {"negative": 0.0039576264, "positive": 99.95357, "neutral": 0.04247726}}, "sentences": [{"content": "\ub098\ub294 \uc774\ub807\uac8c \ubb34\ub09c\ud558\uac8c \ub300\uae30\uc5c5\uc5d0\uc11c \uc544\uc9c1\ub3c4 \uc77c\uc744 \ud55c\ub2e4\ub294 \uac8c \uac10\uc0ac\ud574.", "offset": 0, "length": 35, "sentiment": "positive", "confidence": {"negative": 0.00023745759, "positive": 0.9972139, "neutral": 0.0025486357}, "highlights": [{"offset": 22, "length": 12}]}]}