{"document": {"sentiment": "negative", "confidence": {"negative": 99.99875, "positive": 0.00050414936, "neutral": 0.00074834464}}, "sentences": [{"content": "\ub0b4\uc77c \uc6e8\ub529\uc0ac\uc9c4 \ucd2c\uc601 \uc788\ub294 \ub0a0\uc778\ub370 \uc0b4\uc774 \uc0dd\uac01\ub9cc\ud07c \uc548 \ube60\uc838\uc11c \uc644\uc804\ud788 \uc2a4\ud2b8\ub808\uc2a4\ubc1b\uc544.", "offset": 0, "length": 43, "sentiment": "negative", "confidence": {"negative": 0.9999248, "positive": 3.0248963e-05, "neutral": 4.4900677e-05}, "highlights": [{"offset": 32, "length": 10}]}]}