{"document": {"sentiment": "negative", "confidence": {"negative": 99.987366, "positive": 0.0025675043, "neutral": 0.010063476}}, "sentences": [{"content": "\uc624\ub298 \uad50\uc2e4\uc5d0\uc11c \ud06c\uac8c \ub118\uc5b4\uc84c\ub294\ub370 \uc544\ubb34\ub798\ub3c4 \uac19\uc740 \ubc18 \ub140\uc11d\ub4e4\uc774 \uc544\ubb34\ub098 \uac78\ub824\ub77c \ud558\uace0 \uccd0\ub193\uc740 \ud568\uc815\uc778\uac70 \uac19\uc544.", "offset": 0, "length": 55, "sentiment": "negative", "confidence": {"negative": 0.9992422, "positive": 0.00015405026, "neutral": 0.00060380856}, "highlights": [{"offset": 32, "length": 22}]}]}