{"document": {"sentiment": "negative", "confidence": {"negative": 99.977806, "positive": 0.0062237517, "neutral": 0.015971126}}, "sentences": [{"content": "\uc218\uc785\uc774 \ub108\ubb34 \uc801\uc5b4\uc11c \ub178\ud6c4 \uc900\ube44\ub294 \uc5c4\ub450\ub3c4 \ubabb \ub0b4\uaca0\ub124.", "offset": 0, "length": 28, "sentiment": "negative", "confidence": {"negative": 0.9986683, "positive": 0.0003734251, "neutral": 0.0009582676}, "highlights": [{"offset": 0, "length": 11}]}]}