{"document": {"sentiment": "negative", "confidence": {"negative": 99.999466, "positive": 0.00019882974, "neutral": 0.00033763782}}, "sentences": [{"content": "\ub098 \ube7c\uace0 \ub178\ub294 \uce5c\uad6c\ub4e4\uc774\ub791\uc740 \uae30\ubd84\uc774 \ub098\ube60\uc11c \ub354 \uc774\uc0c1 \uc798 \uc9c0\ub0b4\uace0 \uc2f6\uc9c0 \uc54a\uc544.", "offset": 0, "length": 40, "sentiment": "negative", "confidence": {"negative": 0.9999678, "positive": 1.1929785e-05, "neutral": 2.0258269e-05}, "highlights": [{"offset": 5, "length": 18}]}]}