{"document": {"sentiment": "negative", "confidence": {"negative": 99.957954, "positive": 0.0042764004, "neutral": 0.03776545}}, "sentences": [{"content": "\uac00\uae4c\uc6b4 \uce5c\uad6c\uc5d0\uac8c \ud68c\uc0ac \ub0b4\ubd80 \uc815\ubcf4\uac00 \ub2f4\uae34 \uc5c5\ubb34 \ud30c\uc77c\uc744 \ubcf4\uc5ec\uc8fc\uc5c8\ub294\ub370 \ube44\ubc00\uc744 \uc720\ucd9c\ud588\ub2e4\ub294 \uc774\uc720\ub85c \ud1f4\uc0ac \ub2f9\ud558\uac8c \ub418\uc5c8\uc5b4.", "offset": 0, "length": 61, "sentiment": "negative", "confidence": {"negative": 0.9974775, "positive": 0.00025658403, "neutral": 0.0022659271}, "highlights": [{"offset": 36, "length": 24}]}]}