{"document": {"sentiment": "negative", "confidence": {"negative": 99.98516, "positive": 0.005738533, "neutral": 0.009102061}}, "sentences": [{"content": "\uc5c5\ubb34 \uc2a4\ud2b8\ub808\uc2a4\uac00 \ub108\ubb34 \uc2ec\ud574.", "offset": 0, "length": 15, "sentiment": "negative", "confidence": {"negative": 0.99913234, "positive": 0.00040056292, "neutral": 0.00046712457}, "highlights": [{"offset": 0, "length": 14}]}, {"content": " \ub0b4\uac00 \uc774 \uc77c\uc744 \uacc4\uc18d\ud574\uc57c \ud558\ub098 \ud68c\uc758\uc801\uc774\uc57c.", "offset": 15, "length": 23, "sentiment": "negative", "confidence": {"negative": 0.99908674, "positive": 0.00028806107, "neutral": 0.00062512275}, "highlights": [{"offset": 1, "length": 21}]}]}