{"document": {"sentiment": "neutral", "confidence": {"negative": 0.0013958042, "positive": 0.0022228335, "neutral": 99.99638}}, "sentences": [{"content": "\uc774\uc81c \uace7 \uc788\uc73c\uba74 \uacb0\ud63c\uc2dd\uc778\ub370 \uc6b0\ub9ac \ud68c\uc0ac\uc5d0 \uc0c8\ub85c \uc624\uc2e0 \ub300\ub9ac\ub2d8\uc774 \uc790\uafb8 \ub208\uc5d0 \ub4e4\uc5b4\uc640.", "offset": 0, "length": 43, "sentiment": "neutral", "confidence": {"negative": 1.3958043e-05, "positive": 2.2228336e-05, "neutral": 0.9999639}, "highlights": [{"offset": 36, "length": 6}]}]}