{"document": {"sentiment": "positive", "confidence": {"negative": 0.0027309735, "positive": 99.99385, "neutral": 0.0034180335}}, "sentences": [{"content": "\ub3d9\ud638\ud68c\uc5d0 \ub098\uac14\ub294\ub370 \uc0ac\ub78c\ub4e4\uc774 \ud558\ub098\uac19\uc774 \uc815\ub9d0 \uc88b\uc544.", "offset": 0, "length": 26, "sentiment": "positive", "confidence": {"negative": 0.0001638584, "positive": 0.99963105, "neutral": 0.000205082}, "highlights": [{"offset": 10, "length": 15}]}]}