{"document": {"sentiment": "negative", "confidence": {"negative": 99.99363, "positive": 0.0020009973, "neutral": 0.0043709055}}, "sentences": [{"content": "\ub0b4 \ub3c8\uc744 \ube4c\ub824 \uac04 \uce5c\uad6c\uc5d0\uac8c \uba70\uce60\uac04 \ub3c5\ucd09 \uc804\ud654\ub97c \ud588\ub354\ub2c8 \uc774\uc81c\ub294 \uc804\ud654\ub97c \uc548 \ubc1b\uc544.", "offset": 0, "length": 43, "sentiment": "negative", "confidence": {"negative": 0.9996176, "positive": 0.00012005984, "neutral": 0.00026225433}, "highlights": [{"offset": 8, "length": 34}]}]}