{"document": {"sentiment": "negative", "confidence": {"negative": 98.73922, "positive": 0.05359216, "neutral": 1.2071844}}, "sentences": [{"content": "\uc774\ubc88\uc5d0 \uc544\ud30c\uc9c0\uace0 \ub098\uc11c \ub290\ub080 \uac74\ub370 \ub3c8\uc774 \uc5c6\uc73c\uba74 \uc544\ud504\uc9c0\ub3c4 \ub9d0\uc544\uc57c\uaca0\ub354\ub77c.", "offset": 0, "length": 37, "sentiment": "negative", "confidence": {"negative": 0.9243534, "positive": 0.0032155297, "neutral": 0.072431065}, "highlights": [{"offset": 0, "length": 36}]}]}