{"document": {"sentiment": "negative", "confidence": {"negative": 99.98725, "positive": 0.0059165685, "neutral": 0.0068330783}}, "sentences": [{"content": "\uc790\uc2dd\uc774 \ub9cc\ub0a0 \ub098\ub9cc \ubcf4\uba74 \ud558\ub294 \uc18c\ub9ac\uac00 \uc788\ub294\ub370 \uc790\uafb8 \ub4e4\uc73c\ub2c8 \uc9dc\uc99d\uc774 \ub098\ub124.", "offset": 0, "length": 38, "sentiment": "negative", "confidence": {"negative": 0.99923503, "positive": 0.00035499412, "neutral": 0.0004099847}, "highlights": [{"offset": 24, "length": 13}]}]}