{"document": {"sentiment": "negative", "confidence": {"negative": 99.96029, "positive": 0.005528018, "neutral": 0.03418119}}, "sentences": [{"content": "\uc2dc\ud5d8\uacf5\ubd80 \ub54c\ubb38\uc5d0 \ubc14\uc05c\ub370 \uac15\uc544\uc9c0\uac00 \uc790\uafb8 \ub180\uc544 \ub2ec\ub77c\uace0 \ud574\uc11c \uc131\uac00\uc2dc\ub124.", "offset": 0, "length": 36, "sentiment": "negative", "confidence": {"negative": 0.9976174, "positive": 0.00033168108, "neutral": 0.0020508713}, "highlights": [{"offset": 13, "length": 22}]}]}