{"document": {"sentiment": "neutral", "confidence": {"negative": 0.026364008, "positive": 0.0008067632, "neutral": 99.97283}}, "sentences": [{"content": "\uce5c\uad6c\ub4e4\uc774 \ub098\uc640 \ub180\uc544 \uc8fc\uc9c0 \uc54a\uc544\uc11c \uc624\ub298\uc740 \uc810\uc2ec\uc744 \ud63c\uc790 \uba39\uc5c8\uc5b4.", "offset": 0, "length": 33, "sentiment": "neutral", "confidence": {"negative": 0.00026364007, "positive": 8.067632e-06, "neutral": 0.99972826}, "highlights": [{"offset": 0, "length": 18}]}]}