{"document": {"sentiment": "negative", "confidence": {"negative": 99.98035, "positive": 0.006163132, "neutral": 0.013489424}}, "sentences": [{"content": "\uc18c\uac1c\ud305\uc744 \ud560 \ub54c\ub9c8\ub2e4 \uc2e4\ud328\ub97c \ud574\uc11c \ub0b4\uac00 \ud639\uc2dc \ubb38\uc81c\uac00 \uc788\ub294 \uac74\uc9c0 \ubd88\uc548\ud574.", "offset": 0, "length": 38, "sentiment": "negative", "confidence": {"negative": 0.99882084, "positive": 0.00036978791, "neutral": 0.0008093655}, "highlights": [{"offset": 24, "length": 13}]}]}