{"document": {"sentiment": "negative", "confidence": {"negative": 99.97561, "positive": 0.011448866, "neutral": 0.012940711}}, "sentences": [{"content": "\ub0b4 \uafc8\uc740 \uc131\uc6b0\uc778\ub370 \uc5c4\ub9c8\uac00 \ub098\uc5d0\uac8c \ubabb \uc774\ub8f0 \uafc8\uc5d0 \uc2dc\uac04 \ub0ad\ube44\ud558\uc9c0 \ub9d0\ub77c\uace0 \ubb50\ub77c \ud558\uc154\uc11c \uc2e4\ub9dd\ud588\uc5b4.", "offset": 0, "length": 50, "sentiment": "negative", "confidence": {"negative": 0.9985366, "positive": 0.00068693195, "neutral": 0.0007764427}, "highlights": [{"offset": 38, "length": 11}]}]}