{"document": {"sentiment": "negative", "confidence": {"negative": 99.98093, "positive": 0.005854075, "neutral": 0.01322036}}, "sentences": [{"content": "\ud559\uad50\uc5d0\uc11c \uc77c\uc5b4\ub09c \uc77c\uc740 \ub0b4\uac00 \uc54c\uc544\uc11c \ud560 \uc218 \uc788\ub294\ub370 \uc790\uafb8 \uac00\uc871\ub4e4\uc774 \uc2e0\uacbd \uc368\uc11c \ub108\ubb34 \uc131\uac00\uc154.", "offset": 0, "length": 48, "sentiment": "negative", "confidence": {"negative": 0.9988555, "positive": 0.0003512445, "neutral": 0.0007932216}, "highlights": [{"offset": 30, "length": 17}]}]}