{"document": {"sentiment": "positive", "confidence": {"negative": 0.0014322469, "positive": 99.997536, "neutral": 0.0010342664}}, "sentences": [{"content": "\uc6b0\ub9ac \ud300\uc6d0 \uc911 \ud55c \uba85\uc774 \uc0c8\ub85c \uc654\ub294\ub370 \uc77c \ucc98\ub9ac\uac00 \uae54\ub054\ud574\uc11c \ub355\ubd84\uc5d0 \ub098\ub3c4 \uc9c1\uc7a5\uc0dd\ud65c\uc774 \ud3b8\uc548\ud574.", "offset": 0, "length": 48, "sentiment": "positive", "confidence": {"negative": 8.5934815e-05, "positive": 0.99985194, "neutral": 6.205599e-05}, "highlights": [{"offset": 22, "length": 9}]}]}