{"document": {"sentiment": "negative", "confidence": {"negative": 99.99943, "positive": 0.0003231094, "neutral": 0.00025104842}}, "sentences": [{"content": "\uc544\ub0b4\uac00 \ub370\ub824\uc628 \uac15\uc544\uc9c0\uc758 \ubc30\uc124\ubb3c\uc774 \uc9d1 \uacf3\uacf3\uc5d0 \uc788\uc5b4\uc11c \uc815\ub9d0 \ud654\uac00 \ub098.", "offset": 0, "length": 36, "sentiment": "negative", "confidence": {"negative": 0.99996555, "positive": 1.9386564e-05, "neutral": 1.5062906e-05}, "highlights": [{"offset": 8, "length": 27}]}]}