{"document": {"sentiment": "negative", "confidence": {"negative": 99.98336, "positive": 0.007354277, "neutral": 0.009286531}}, "sentences": [{"content": "\uc120\uc0dd\ub2d8\uaed8\uc11c \ub0b4\uac00 \ud559\uad50 \ud3ed\ub825\uc758 \uc8fc\ubc94\uc778 \uac83\uc744 \uc544\uc154\uc11c \ubd88\uc548\ud574.", "offset": 0, "length": 31, "sentiment": "negative", "confidence": {"negative": 0.99900156, "positive": 0.00044125662, "neutral": 0.0005571919}, "highlights": [{"offset": 0, "length": 27}]}]}