{"document": {"sentiment": "negative", "confidence": {"negative": 99.96624, "positive": 0.0038538645, "neutral": 0.02990735}}, "sentences": [{"content": "\ub0b4\uac00 \uc544\uc9c1 \ud658\uac11\ub3c4 \uc548 \uc9c0\ub0ac\ub294\ub370 \ub9d0\uae30 \uc554\uc774\ub77c\ub2c8 \uc778\uc815\ud560 \uc218 \uc5c6\uc5b4!", "offset": 0, "length": 34, "sentiment": "negative", "confidence": {"negative": 0.99797434, "positive": 0.00023123187, "neutral": 0.001794441}, "highlights": [{"offset": 0, "length": 17}]}]}