{"document": {"sentiment": "negative", "confidence": {"negative": 99.97636, "positive": 0.007291265, "neutral": 0.016349854}}, "sentences": [{"content": "\uc694\uc998 \ub098 \ub300\ud559\uc9c4\ud559 \uad00\ub828\ud574\uc11c \uace0\ubbfc\uc774 \ub9ce\uc544\uc11c \ud63c\ub780\uc2a4\ub7ec\uc6cc.", "offset": 0, "length": 29, "sentiment": "negative", "confidence": {"negative": 0.9985815, "positive": 0.0004374759, "neutral": 0.0009809913}, "highlights": [{"offset": 0, "length": 28}]}]}