{"document": {"sentiment": "negative", "confidence": {"negative": 99.99208, "positive": 0.00270459, "neutral": 0.0052131345}}, "sentences": [{"content": "\ubd80\ubaa8\ub2d8\uaed8\uc11c \ub3d9\uc0dd\ud55c\ud14c \uc591\ubcf4\ud558\uae30\ub97c \uacc4\uc18d \uac15\uc694\ud558\uc2dc\ub294 \uac83 \uac19\uc544\uc11c \uc18d\uc0c1\ud574.", "offset": 0, "length": 36, "sentiment": "negative", "confidence": {"negative": 0.99952495, "positive": 0.0001622754, "neutral": 0.00031278806}, "highlights": [{"offset": 20, "length": 15}]}]}