{"document": {"sentiment": "negative", "confidence": {"negative": 99.99459, "positive": 0.00260052, "neutral": 0.0028083618}}, "sentences": [{"content": "\ud68c\uc0ac \uc785\uc0ac\ud558\uace0 \uc774\uac83\uc800\uac83 \ub0b4\uc57c \ub420 \uc11c\ub958\uac00 \ub108\ubb34 \ub9ce\uc544\uc11c \uc9dc\uc99d\ub098.", "offset": 0, "length": 33, "sentiment": "negative", "confidence": {"negative": 0.9996755, "positive": 0.0001560312, "neutral": 0.0001685017}, "highlights": [{"offset": 16, "length": 16}]}]}