{"document": {"sentiment": "negative", "confidence": {"negative": 99.99247, "positive": 0.003460304, "neutral": 0.004069826}}, "sentences": [{"content": "\ud070\uc544\uc774\uac00 \ub2e4\uc74c \ub2ec\uc5d0 \uad70\ub300\uc5d0 \uac00\ub294\ub370 \ud3c9\uc18c\uc5d0 \uc880 \uc798\ud574\uc8fc\uc9c0 \ubabb\ud574 \ud6c4\ud68c\ub418\ub124.", "offset": 0, "length": 38, "sentiment": "negative", "confidence": {"negative": 0.99954826, "positive": 0.00020761824, "neutral": 0.00024418958}, "highlights": [{"offset": 19, "length": 18}]}]}