{"document": {"sentiment": "positive", "confidence": {"negative": 0.028501557, "positive": 99.96499, "neutral": 0.0065078186}}, "sentences": [{"content": "\uc62c\ud574 \uc740\ud1f4\ud574\uc11c \uc0ac\ud68c\ub97c \ubc97\uc5b4\ub098 \uc5ec\ud589\ub3c4 \ub2e4\ub2c8\uba70 \ub290\uae0b\ud558\uac8c \uc0b4\uace0 \uc788\ub294\ub370 \ub108\ubb34 \ud589\ubcf5\ud574.", "offset": 0, "length": 43, "sentiment": "positive", "confidence": {"negative": 0.0017100935, "positive": 0.9978994, "neutral": 0.00039046913}, "highlights": [{"offset": 36, "length": 6}]}]}