{"document": {"sentiment": "positive", "confidence": {"negative": 0.00023555478, "positive": 99.99812, "neutral": 0.0016384332}}, "sentences": [{"content": "\uc694\uc0c8 \uc18c\ud654\ubd88\ub7c9 \uc99d\uc138\uac00 \ub098\ud0c0\ub098\uc11c \uc0b0\ucc45\uc744 \ud558\uae30 \uc2dc\uc791\ud588\ub354\ub2c8 \uc88b\uc544\uc838\uc11c \ub2e4\ud589\uc774\uc57c.", "offset": 0, "length": 40, "sentiment": "positive", "confidence": {"negative": 1.4133287e-05, "positive": 0.9998876, "neutral": 9.8305994e-05}, "highlights": [{"offset": 24, "length": 11}]}]}