{"document": {"sentiment": "negative", "confidence": {"negative": 99.91297, "positive": 0.0045803436, "neutral": 0.082448475}}, "sentences": [{"content": "\uc544\ub4e4\uc5d0\uac8c\ub294 \uc5c6\uc5c8\ub294\ub370 \uc544\ub0b4\uc5d0\uac8c\ub294 \uac00\ub054 \ub2f9\ud639\uc2a4\ub7ec\uc6b8 \ub54c\uac00 \uc788\uc5b4.", "offset": 0, "length": 32, "sentiment": "negative", "confidence": {"negative": 0.9947784, "positive": 0.00027482063, "neutral": 0.0049469084}, "highlights": [{"offset": 11, "length": 20}]}]}