{"document": {"sentiment": "negative", "confidence": {"negative": 99.99563, "positive": 0.0018751523, "neutral": 0.0024980544}}, "sentences": [{"content": "\uc544\uce68\uc5d0 \uc560 \ub4f1\uc6d0 \uc2dc\ud0a4\uace0 \uc624\ub294 \uae38\uc5d0 \uc2dc\uac00\uc5d0\uc11c \uc804\ud654 \uc640\uc11c \uae30\ubd84\uc774 \ubcc4\ub85c \uc548 \uc88b\uc544.", "offset": 0, "length": 42, "sentiment": "negative", "confidence": {"negative": 0.99973756, "positive": 0.00011250914, "neutral": 0.00014988326}, "highlights": [{"offset": 30, "length": 11}]}]}