{"document": {"sentiment": "negative", "confidence": {"negative": 99.97792, "positive": 0.010486919, "neutral": 0.011589538}}, "sentences": [{"content": "\uce5c\uad6c\ub4e4\uc774 \ud3b8\uc744 \ub098\ub220\uc11c \uacc4\uc18d \uc2f8\uc6c0\uc744 \ud574\uc11c \ud559\uad50\uac00 \uc810\uc810 \uc2eb\uc5b4\uc9c0\uace0 \uc18d\uc0c1\ud574.", "offset": 0, "length": 38, "sentiment": "negative", "confidence": {"negative": 0.9986754, "positive": 0.00062921515, "neutral": 0.0006953723}, "highlights": [{"offset": 22, "length": 15}]}]}