{"document": {"sentiment": "negative", "confidence": {"negative": 99.99018, "positive": 0.0051035364, "neutral": 0.004715851}}, "sentences": [{"content": "\uac74\uac15\uad00\ub9ac\ub97c \uc548\ud588\ub354\ub2c8 \uc810\uc810 \uc545\ud654\ub418\ub294\uac8c \ub290\uaef4\uc838\uc11c \uad34\ub85c\uc6cc.", "offset": 0, "length": 29, "sentiment": "negative", "confidence": {"negative": 0.99941087, "positive": 0.0003062122, "neutral": 0.00028295108}, "highlights": [{"offset": 14, "length": 14}]}]}