{"document": {"sentiment": "negative", "confidence": {"negative": 99.964165, "positive": 0.005787461, "neutral": 0.030048529}}, "sentences": [{"content": "\uad50\uc218\ub2d8\uaed8\uc11c \ub0b4\uac00 \uc6d0\ud558\ub294 \uc9c4\ub85c \ubd84\uc57c\ub97c \ubc84\ub9ac\ub77c\uace0 \ud558\uc154\uc11c \uba38\ub9ac\uac00 \uc0c8\ud558\uc598\uc84c\uc5b4.", "offset": 0, "length": 39, "sentiment": "negative", "confidence": {"negative": 0.9978498, "positive": 0.00034724767, "neutral": 0.0018029117}, "highlights": [{"offset": 29, "length": 9}]}]}