{"document": {"sentiment": "neutral", "confidence": {"negative": 0.026686752, "positive": 0.0283971, "neutral": 99.944916}}, "sentences": [{"content": "\uc544\ube60\uac00 \uc0dd\uc77c\uc120\ubb3c \uc0ac\uc900\ub2e4\ub358 \uac8c\uc784\uae30\uac00 \ud488\uc808\uc774 \ub410\ub300.", "offset": 0, "length": 26, "sentiment": "neutral", "confidence": {"negative": 0.00024068679, "positive": 0.00017980096, "neutral": 0.9995795}, "highlights": [{"offset": 14, "length": 11}]}, {"content": " \uc774\ub0a0\ub9cc\uc744 \uae30\ub2e4\ub838\ub294\ub370.", "offset": 26, "length": 12, "sentiment": "neutral", "confidence": {"negative": 0.00029304824, "positive": 0.00038814102, "neutral": 0.99931884}, "highlights": [{"offset": 1, "length": 10}]}]}