{"document": {"sentiment": "negative", "confidence": {"negative": 99.98805, "positive": 0.005452816, "neutral": 0.0064944834}}, "sentences": [{"content": "\uc6b0\ub9ac \uc544\ube60\ub294 \ucda9\uace0\ud558\ub4ef\uc774 \ubb34\uc870\uac74 \ub300\ud559\ub9cc \uc798 \uac00\uba74 \uc77c\uc774 \uc798\ub420 \uac70\ub77c\uace0 \ub9d0\ud574\uc11c \uc9dc\uc99d \ub098.", "offset": 0, "length": 45, "sentiment": "negative", "confidence": {"negative": 0.99928325, "positive": 0.00032716896, "neutral": 0.000389669}, "highlights": [{"offset": 26, "length": 18}]}]}