{"document": {"sentiment": "negative", "confidence": {"negative": 99.98243, "positive": 0.008616102, "neutral": 0.008951317}}, "sentences": [{"content": "\uadf8\ub3d9\uc548 \uadf8\ub807\uac8c \uc5f4\uc2ec\ud788 \ud68c\uc0ac\uc5d0 \ucda9\uc131\uc744 \ub2e4\ud574 \uc77c\ud588\ub294\ub370 \ubc30\uc2e0\ub2f9\ud55c \ub290\ub08c\uc774\uc57c.", "offset": 0, "length": 38, "sentiment": "negative", "confidence": {"negative": 0.998946, "positive": 0.0005169661, "neutral": 0.000537079}, "highlights": [{"offset": 28, "length": 9}]}]}