{"document": {"sentiment": "negative", "confidence": {"negative": 99.97911, "positive": 0.010089834, "neutral": 0.010801341}}, "sentences": [{"content": "\ub2e4\ub4e4 \uc800\ucd95\uc744 \ud558\ub294\ub370 \ub098\ub294 \ud560 \uc218 \uc5c6\uc5b4\uc11c \ub2f5\ub2f5\ud574.", "offset": 0, "length": 26, "sentiment": "negative", "confidence": {"negative": 0.9987465, "positive": 0.00060539006, "neutral": 0.0006480805}, "highlights": [{"offset": 11, "length": 14}]}]}