{"document": {"sentiment": "negative", "confidence": {"negative": 99.98307, "positive": 0.00635675, "neutral": 0.010576517}}, "sentences": [{"content": "\ud559\uad50 \ud3ed\ub825\uc744 \ub2f9\ud588\ub2e4\ub294 \uc0ac\uc2e4\uc744 \ubd80\ubaa8\ub2d8\uaed8 \ub9d0\uc500\ub4dc\ub838\ub354\ub2c8 \ubd80\ubaa8\ub2d8\uc774 \ub098\ub97c \ub108\ubb34 \uc2e0\uacbd \uc368\uc11c \uc2a4\ud2b8\ub808\uc2a4\uc57c.", "offset": 0, "length": 51, "sentiment": "negative", "confidence": {"negative": 0.9989839, "positive": 0.000381405, "neutral": 0.00063459104}, "highlights": [{"offset": 0, "length": 50}]}]}