{"document": {"sentiment": "neutral", "confidence": {"negative": 0.01911769, "positive": 0.5453949, "neutral": 99.435486}}, "sentences": [{"content": "\uc9c0\uae08 \uc131\uc801\uc744 \uc720\uc9c0\ud55c\ub2e4\uba74 \ub0b4\uac00 \uc6d0\ud558\ub294 \ub300\ud559\uc5d0 \ucda9\ubd84\ud788 \uc9c0\uc6d0\ud560 \uc218 \uc788\uc744 \uac70\uc57c.", "offset": 0, "length": 40, "sentiment": "neutral", "confidence": {"negative": 0.0001911769, "positive": 0.005453949, "neutral": 0.99435484}, "highlights": [{"offset": 3, "length": 36}]}]}