{"document": {"sentiment": "negative", "confidence": {"negative": 99.97413, "positive": 0.005566396, "neutral": 0.020302203}}, "sentences": [{"content": "\ubc29\uadc0 \ub080 \ub188\uc774 \uc131\ub0b8\ub2e4\ub354\ub2c8 \ub0b4 \ub3c8\uc744 \ube4c\ub824\uac04 \uce5c\uad6c\uac00 \ub418\ub824 \uc131\uc9c8\uc744 \ub0b4\ub294 \uc0c1\ud669\uc774 \ub2f9\ud669\uc2a4\ub7ec\uc6cc.", "offset": 0, "length": 47, "sentiment": "negative", "confidence": {"negative": 0.9984479, "positive": 0.00033398374, "neutral": 0.0012181322}, "highlights": [{"offset": 30, "length": 16}]}]}