{"document": {"sentiment": "positive", "confidence": {"negative": 0.009054259, "positive": 99.977196, "neutral": 0.013750219}}, "sentences": [{"content": "\ub098\ub294 \ub0b4 \uc8fc\uc704\uc758 \ubaa8\ub4e0 \uc0ac\ub78c\ub4e4 \uc911\uc5d0 \ub178\ub798\ub97c \uc798\ud55c\ub2e4\uace0 \uc0dd\uac01\ud574.", "offset": 0, "length": 32, "sentiment": "positive", "confidence": {"negative": 0.00054325553, "positive": 0.99863166, "neutral": 0.0008250131}, "highlights": [{"offset": 19, "length": 9}]}]}