{"document": {"sentiment": "negative", "confidence": {"negative": 99.94487, "positive": 0.0077520953, "neutral": 0.047377672}}, "sentences": [{"content": "\ud559\uad50\uc5d0\uc11c \ub9de\uc544\uc11c \ub2e4\uce5c \ub098\ub97c \ubcf8 \ub3d9\uc0dd\uc774 \uc57d\uc744 \ubc1c\ub77c\uc8fc\uaca0\ub2e4\uace0 \ud588\ub294\ub370 \ub098\ub3c4 \ubaa8\ub974\uac8c \ud070\uc18c\ub9ac\ub97c \ucce4\uc5b4.", "offset": 0, "length": 50, "sentiment": "negative", "confidence": {"negative": 0.9966922, "positive": 0.00046512572, "neutral": 0.0028426603}, "highlights": [{"offset": 42, "length": 7}]}]}