{"document": {"sentiment": "negative", "confidence": {"negative": 99.98056, "positive": 0.0076599084, "neutral": 0.011783046}}, "sentences": [{"content": "\uc774\ud63c\ud558\uace0 \uc544\uc774\ub97c \ub3cc\ubcf4\ub824\uace0 \ub9e4\uc77c \uc815\uc2dc \ud1f4\uadfc\ud558\ub2c8\uae4c \uc9d1\uc5d0\uc11c\ub3c4 \uc5c5\ubb34\uc774\uace0 \ud68c\uc0ac\uc5d0\uc11c\ub3c4 \ub208\ucd08\ub9ac\uac00 \ub530\uac00\uc6cc.", "offset": 0, "length": 51, "sentiment": "negative", "confidence": {"negative": 0.99883336, "positive": 0.0004595945, "neutral": 0.00070698274}, "highlights": [{"offset": 36, "length": 14}]}]}