{"document": {"sentiment": "negative", "confidence": {"negative": 99.98296, "positive": 0.0072217034, "neutral": 0.00981337}}, "sentences": [{"content": "\uc0ac\ud68c\uac00 \uae09\uaca9\ud788 \ubcc0\ud654\ud558\uba74\uc11c \ub0a8\ud3b8\uc758 \uc815\ub144\uc740 \ub2e4\uac00\uc624\ub294\ub370 \uc544\uc774\ub4e4\ud55c\ud14c \uc544\uc9c1 \ub354 \uc9c0\ucd9c\ub420 \uac83\ub4e4\uc740 \ub9ce\uc73c\ub2c8 \uc2ec\ub780\ud574.", "offset": 0, "length": 55, "sentiment": "negative", "confidence": {"negative": 0.9989779, "positive": 0.0004333022, "neutral": 0.0005888022}, "highlights": [{"offset": 37, "length": 17}]}]}