{"document": {"sentiment": "negative", "confidence": {"negative": 99.9932, "positive": 0.0026242293, "neutral": 0.0041708206}}, "sentences": [{"content": "\uc774\uc81c \uc640\uc11c \uc6b4\ub3d9\uc744 \uc2dc\uc791\ud574\ubd24\uc790 \ud6a8\uacfc\uac00 \uc5c6\uc744 \uac70 \uac19\uc544.", "offset": 0, "length": 28, "sentiment": "negative", "confidence": {"negative": 0.99959236, "positive": 0.00015745376, "neutral": 0.00025024923}, "highlights": [{"offset": 16, "length": 11}]}]}