{"document": {"sentiment": "negative", "confidence": {"negative": 99.973114, "positive": 0.008416932, "neutral": 0.018471371}}, "sentences": [{"content": "\uc62c\ud574 \ub4e4\uc5b4\uc11c\ub294 \uccb4\uc911\uc774 \uae09\uaca9\ud788 \uc904\uace0 \uc904\uace7 \uc785\ub9db\ub3c4 \uc5c6\uace0 \uadf8\ub798. \ubcd1\uc6d0\uc744 \uac00\ubd10\uc57c \ud560 \uac83 \uac19\uae30\ub3c4 \ud558\uace0 \uadf8\ub798.", "offset": 0, "length": 55, "sentiment": "negative", "confidence": {"negative": 0.99838674, "positive": 0.00050501595, "neutral": 0.0011082822}, "highlights": [{"offset": 0, "length": 19}]}]}