{"document": {"sentiment": "negative", "confidence": {"negative": 99.977615, "positive": 0.0051422915, "neutral": 0.017243635}}, "sentences": [{"content": "\ub0b4\uac00 \ubc8c\uc5b4\uc628 \ub3c8\uc778\ub370 \uc65c \uc544\ub0b4\uac00 \uad00\ub9ac\ud558\ub294\uc9c0 \ubaa8\ub974\uaca0\uc5b4.", "offset": 0, "length": 28, "sentiment": "negative", "confidence": {"negative": 0.99865675, "positive": 0.00030853748, "neutral": 0.0010346181}, "highlights": [{"offset": 13, "length": 14}]}]}