{"document": {"sentiment": "negative", "confidence": {"negative": 99.98543, "positive": 0.006852414, "neutral": 0.0077169095}}, "sentences": [{"content": "\ub098\uc774\ub294 \uba39\uc5b4 \uac00\ub294\ub370 \uacbd\uc81c\uc801\uc778 \uc5ec\uc720\uac00 \uc5c6\uc5b4\uc11c \ud070\uc77c\uc774\ub124.", "offset": 0, "length": 29, "sentiment": "negative", "confidence": {"negative": 0.9991259, "positive": 0.00041114484, "neutral": 0.00046301458}, "highlights": [{"offset": 16, "length": 12}]}]}