{"document": {"sentiment": "negative", "confidence": {"negative": 99.99365, "positive": 0.0023451522, "neutral": 0.004000679}}, "sentences": [{"content": "\ud1f4\uc9c1\ud558\uace0 \ub2e4\ub978 \ud68c\uc0ac\uc5d0 \uc9c0\uc6d0\ud588\ub294\ub370 \uc5f0\ub77d\uc774 \uc5c6\uc5b4\uc11c \uc2ac\ud37c.", "offset": 0, "length": 29, "sentiment": "negative", "confidence": {"negative": 0.99961925, "positive": 0.00014070913, "neutral": 0.00024004074}, "highlights": [{"offset": 0, "length": 28}]}]}