{"document": {"sentiment": "negative", "confidence": {"negative": 99.971214, "positive": 0.0053127697, "neutral": 0.023472056}}, "sentences": [{"content": "\ub0b4 \ub098\uc774\uac00 \ub418\uba74 \uac74\uac15\uac80\uc9c4\uc744 \uc8fc\uae30\uc801\uc73c\ub85c \ubc1b\uc544\uc57c \ud55c\ub2e4\ub294\ub370 \uacb0\uacfc\uac00 \uc548 \uc88b\uc744 \uac83 \uac19\uc544\uc11c \uc790\uafb8 \ubbf8\ub8e8\uac8c \ub3fc!", "offset": 0, "length": 54, "sentiment": "negative", "confidence": {"negative": 0.9982729, "positive": 0.0003187662, "neutral": 0.0014083233}, "highlights": [{"offset": 30, "length": 23}]}]}