{"document": {"sentiment": "negative", "confidence": {"negative": 99.98988, "positive": 0.00419243, "neutral": 0.0059256237}}, "sentences": [{"content": "\ub0b4\uac00 \uc544\ud508\ub370\ub3c4 \uac00\uc871\ub4e4\uc774 \ub0a0 \uac71\uc815\ud558\uc9c0\ub294 \uc54a\uace0 \ub3c8 \uc598\uae30\ub9cc \ud574\uc11c \ud654\uac00 \ub098.", "offset": 0, "length": 38, "sentiment": "negative", "confidence": {"negative": 0.999393, "positive": 0.0002515458, "neutral": 0.00035553743}, "highlights": [{"offset": 0, "length": 6}]}]}