{"document": {"sentiment": "negative", "confidence": {"negative": 99.98614, "positive": 0.004469071, "neutral": 0.009396158}}, "sentences": [{"content": "\ud68c\uc0ac\uc5d0\uc11c \uc2b9\uc9c4\uc740 \uc548\ub418\uace0 \ubc11\uc5d0\uc11c\ub294 \ucad2\uc544\uc624\ub2c8 \uc2a4\ud2b8\ub808\uc2a4\uac00 \ub9d0\uc774 \uc544\ub0d0.", "offset": 0, "length": 35, "sentiment": "negative", "confidence": {"negative": 0.99916816, "positive": 0.00026814427, "neutral": 0.0005637695}, "highlights": [{"offset": 13, "length": 10}]}]}