{"document": {"sentiment": "negative", "confidence": {"negative": 99.99427, "positive": 0.002496517, "neutral": 0.0032352163}}, "sentences": [{"content": "\uc5ca\uadf8\uc81c\ubd80\ud130 \ubb34\ub98e\uc774 \uacc4\uc18d \uc544\ud30c\uc11c \uc7a0\ub3c4 \ubabb \uc790\uace0 \uc77c\ub3c4 \ubabb \ud558\uace0 \uc788\uc5b4\uc11c \ub108\ubb34 \uc9dc\uc99d \ub098.", "offset": 0, "length": 45, "sentiment": "negative", "confidence": {"negative": 0.9996561, "positive": 0.00014979103, "neutral": 0.00019411297}, "highlights": [{"offset": 25, "length": 19}]}]}