{"document": {"sentiment": "negative", "confidence": {"negative": 99.99861, "positive": 0.00038984494, "neutral": 0.0009983686}}, "sentences": [{"content": "\uc544\ube60\uac00 \uc598\uae30\ub97c \uc2dc\uc791\ud558\uba74 \ub0b4\uac00 \ubb50\ub77c \ud560 \uc218 \uc5c6\uac8c \ub9cc\ub4e4\uc5b4\uc11c \uc228\uc774 \ub9c9\ud600.", "offset": 0, "length": 37, "sentiment": "negative", "confidence": {"negative": 0.9999167, "positive": 2.3390696e-05, "neutral": 5.990212e-05}, "highlights": [{"offset": 31, "length": 5}]}]}