{"document": {"sentiment": "positive", "confidence": {"negative": 0.009150847, "positive": 99.96217, "neutral": 0.028677259}}, "sentences": [{"content": "\ub098\ub294 \ub098\uc5d0\uac8c \ucee4\ud53c\ub97c \ucc59\uae30\uba70 \ub2e4\uc815\ud558\uac8c \ub300\ud558\ub294 \ub3d9\ub8cc\ub4e4\uc5d0\uac8c \ub298 \uace0\ub9d9\uac8c \uc0dd\uac01\ud558\uc9c0.", "offset": 0, "length": 41, "sentiment": "positive", "confidence": {"negative": 0.0005490508, "positive": 0.9977303, "neutral": 0.0017206356}, "highlights": [{"offset": 15, "length": 25}]}]}