{"document": {"sentiment": "negative", "confidence": {"negative": 99.98677, "positive": 0.007077024, "neutral": 0.0061549307}}, "sentences": [{"content": "\ud504\ub85c\uac8c\uc774\uba38\uac00 \ub418\uace0 \uc2f6\uc740\ub370 \uc120\uc0dd\ub2d8\uc740 \uadf8\ub7f0 \ub098\ub97c \ud55c\uc2ec\ud558\uac8c \uc0dd\uac01\ud558\ub294 \uac83 \uac19\uc544\uc11c \uc18d\uc0c1\ud574.", "offset": 0, "length": 45, "sentiment": "negative", "confidence": {"negative": 0.9992061, "positive": 0.00042462142, "neutral": 0.00036929586}, "highlights": [{"offset": 14, "length": 30}]}]}