{"document": {"sentiment": "negative", "confidence": {"negative": 99.96772, "positive": 0.0077779433, "neutral": 0.024502922}}, "sentences": [{"content": "\uc5c4\ub9c8\uac00 \ub2f4\uc784\uc120\uc0dd\ub2d8\uc744 \ub9cc\ub098\uace0 \uc624\uba74 \ub098\uc5d0 \ub300\ud574 \uc548 \uc88b\uc740 \uc774\uc57c\uae30\ub97c \ub4e4\uc5c8\uc744\uae4c \ubd10 \ub450\ub824\uc6b4 \ub9c8\uc74c\uc774 \ub4e4\uc5b4.", "offset": 0, "length": 52, "sentiment": "negative", "confidence": {"negative": 0.99806315, "positive": 0.0004666766, "neutral": 0.0014701753}, "highlights": [{"offset": 24, "length": 27}]}]}