{"document": {"sentiment": "negative", "confidence": {"negative": 99.99091, "positive": 0.0044326046, "neutral": 0.0046548294}}, "sentences": [{"content": "\ub098\uc774\uac00 \ub4e4\uba74\uc11c \uc810\uc810 \uc608\uc804\uacfc \ubab8\uc774 \ub2e4\ub978 \uac83\uc774 \ub290\uaef4\uc838 \uc2ac\ud508 \uac83 \uac19\uc544.", "offset": 0, "length": 36, "sentiment": "negative", "confidence": {"negative": 0.9994548, "positive": 0.00026595627, "neutral": 0.00027928976}, "highlights": [{"offset": 11, "length": 24}]}]}