{"document": {"sentiment": "negative", "confidence": {"negative": 99.98298, "positive": 0.004832218, "neutral": 0.012192275}}, "sentences": [{"content": "\uc8fc\ubcc0\uc5d0\uc11c \ub2f4\ubc30 \ub04a\uc73c\ub77c \ud560 \ub54c \ub04a\uc744 \uac78 \uc544\uc9c1\uae4c\uc9c0 \ud3b4\uc11c \uc554\uae4c\uc9c0 \uac78\ub838\ub124.", "offset": 0, "length": 37, "sentiment": "negative", "confidence": {"negative": 0.9989785, "positive": 0.0002899331, "neutral": 0.00073153654}, "highlights": [{"offset": 16, "length": 20}]}]}