{"document": {"sentiment": "negative", "confidence": {"negative": 99.98812, "positive": 0.0034077882, "neutral": 0.008470047}}, "sentences": [{"content": "\uba74\uc811\uc5d0 \ud569\uaca9 \ud55c \ud6c4 \ucd9c\uadfc\ud588\ub354\ub2c8 \ubaa8\uc9d1\uacf5\uace0\uc640\ub294 \uc804\ud600 \ub2e4\ub978 \uc5c5\ubb34\ub97c \ubc30\uc815\ubc1b\uc544\uc11c \ub2f9\ud639\uc2a4\ub7ec\uc6cc.", "offset": 0, "length": 46, "sentiment": "negative", "confidence": {"negative": 0.9992874, "positive": 0.0002044673, "neutral": 0.0005082028}, "highlights": [{"offset": 30, "length": 15}]}]}