{"document": {"sentiment": "negative", "confidence": {"negative": 99.98837, "positive": 0.0051564965, "neutral": 0.0064725294}}, "sentences": [{"content": "\ub178\ud6c4 \uc900\ube44\ub3c4 \ubabb \ud588\ub294\ub370 \ubbff\uc5c8\ub358 \ud68c\uc0ac\uc5d0\uc11c \ud574\uace0\ub2f9\ud574\uc11c \uc9c0\uae08 \ud654\uac00 \ub9ce\uc774 \ub098\ub124.", "offset": 0, "length": 40, "sentiment": "negative", "confidence": {"negative": 0.99930227, "positive": 0.00030938978, "neutral": 0.00038835176}, "highlights": [{"offset": 17, "length": 22}]}]}