{"document": {"sentiment": "positive", "confidence": {"negative": 0.0803463, "positive": 99.10677, "neutral": 0.8128824}}, "sentences": [{"content": "\ub2e4\uce5c \uacf3\uc774 \ud68c\ubcf5\uc774 \ub35c \ub418\uc5c8\ub2e4\uace0 \uba70\uce60 \ub354 \uc785\uc6d0\ud558\ub77c\ub294\ub370 \ubcd1\uc6d0\ube44 \uac71\uc815\uc5d0 \uc624\ub298 \uc77c\ucc0d \ud1f4\uc6d0\ud588\uc5b4.", "offset": 0, "length": 48, "sentiment": "positive", "confidence": {"negative": 0.004820778, "positive": 0.94640625, "neutral": 0.048772946}, "highlights": [{"offset": 17, "length": 30}]}]}