{"document": {"sentiment": "negative", "confidence": {"negative": 99.986664, "positive": 0.002638322, "neutral": 0.010697625}}, "sentences": [{"content": "\uce5c\ud55c \uce5c\uad6c\uc640 \uc2f8\uc6e0\ub294\ub370 \uadf8 \uce5c\uad6c\uac00 \uc774\uc0c1\ud55c \uc18c\ubb38\uc744 \ub0b4\uace0 \ub2e4\ub140\uc11c \ud654\ub098.", "offset": 0, "length": 36, "sentiment": "negative", "confidence": {"negative": 0.9991998, "positive": 0.00015829933, "neutral": 0.00064185745}, "highlights": [{"offset": 12, "length": 23}]}]}