{"document": {"sentiment": "negative", "confidence": {"negative": 99.97938, "positive": 0.004727485, "neutral": 0.015896948}}, "sentences": [{"content": "\uc544\ub4e4\uc774 \uc5f4\uc2ec\ud788 \uc544\ub974\ubc14\uc774\ud2b8\ub97c \ud588\ub294\ub370 \uc6d4\uae09\uc744 \ubabb \ubc1b\uc744 \uac83 \uac19\ub2e4\uace0 \ud574\uc11c \ucda9\uaca9\uc744 \ubc1b\uc558\uc5b4.", "offset": 0, "length": 45, "sentiment": "negative", "confidence": {"negative": 0.9987626, "positive": 0.0002836491, "neutral": 0.00095381687}, "highlights": [{"offset": 19, "length": 25}]}]}