{"document": {"sentiment": "neutral", "confidence": {"negative": 0.102026515, "positive": 2.129508, "neutral": 97.76846}}, "sentences": [{"content": "\ub098\ub294 \ubd80\ubaa8\ub2d8\uc774 \uc6d0\ud558\ub294 \ub300\ub85c \uc774\ubc88 \uc624\ub514\uc158\uc5d0 \uaf2d \ud569\uaca9\ud560 \uac70\uc57c.", "offset": 0, "length": 32, "sentiment": "neutral", "confidence": {"negative": 0.0010202652, "positive": 0.021295082, "neutral": 0.9776847}, "highlights": [{"offset": 0, "length": 31}]}]}