{"document": {"sentiment": "negative", "confidence": {"negative": 99.99183, "positive": 0.003081972, "neutral": 0.005086714}}, "sentences": [{"content": "\ub0a8\ud3b8\uc774 \uc18c\ub9ac \uc9c0\ub97c \ub54c\ub9c8\ub2e4 \uc815\uc2e0\uc774 \ub9c8\ube44\uac00 \ub420 \uac83 \uac19\uc544.", "offset": 0, "length": 29, "sentiment": "negative", "confidence": {"negative": 0.99950993, "positive": 0.00018491832, "neutral": 0.00030520285}, "highlights": [{"offset": 14, "length": 14}]}]}