{"document": {"sentiment": "negative", "confidence": {"negative": 99.97434, "positive": 0.005509156, "neutral": 0.020144874}}, "sentences": [{"content": "\ud300 \ud504\ub85c\uc81d\ud2b8\ub97c \ud558\uba74\uc11c \ub9ce\uc774 \ud798\ub4e4\uc5b4\uc11c \uadf8\ub7f0\uc9c0 \uc0ac\ub78c\ub4e4\ud558\uace0 \uc598\uae30\ud558\uace0 \uc2f6\uc9c0\uac00 \uc54a\uc544.", "offset": 0, "length": 42, "sentiment": "negative", "confidence": {"negative": 0.99846077, "positive": 0.00033054934, "neutral": 0.0012086924}, "highlights": [{"offset": 0, "length": 20}]}]}