{"document": {"sentiment": "negative", "confidence": {"negative": 99.99689, "positive": 0.0011726406, "neutral": 0.0019427821}}, "sentences": [{"content": "\ubd80\uc7a5\ub2d8\uc774 \uc5c5\ubb34\uc9c0\uc2dc\ub97c \ud55c \ubc88\uc5d0 \ud588\uc73c\uba74 \uc88b\uaca0\ub294\ub370 \uc790\uafb8 \ud638\ucd9c\ud558\uc154\uc11c \uc5c4\uccad \uc131\uac00\uc154.", "offset": 0, "length": 41, "sentiment": "negative", "confidence": {"negative": 0.99981314, "positive": 7.035844e-05, "neutral": 0.000116566924}, "highlights": [{"offset": 28, "length": 12}]}]}