{"document": {"sentiment": "negative", "confidence": {"negative": 99.992, "positive": 0.0026628636, "neutral": 0.0053433776}}, "sentences": [{"content": "\ub3c4\uc2dc\ub77d\uc5d0 \uc5c4\ub9c8\uac00 \ub2ec\uac40\ub9d0\uc774\ub97c \uc2f8\uc8fc\uc168\ub294\ub370 \uc5b4\ub5a4 \uc560\uac00 \uc5b5\uc9c0\ub85c \ube8f\uc5b4\uba39\uc5b4\uc11c \uc9dc\uc99d\ub098.", "offset": 0, "length": 41, "sentiment": "negative", "confidence": {"negative": 0.9995196, "positive": 0.00015977181, "neutral": 0.00032060264}, "highlights": [{"offset": 21, "length": 19}]}]}