{"document": {"sentiment": "negative", "confidence": {"negative": 99.97166, "positive": 0.013039392, "neutral": 0.015307201}}, "sentences": [{"content": "\uafc8\uc5d0 \uadf8\ub9ac\ub358 \ud68c\uc0ac\uc5d0 \uc785\uc0ac\ud588\uc73c\ub098 \uc5ec\uac00\uc2dc\uac04\uc774 \ub108\ubb34 \uc904\uc5b4 \ub418\ub808 \uc678\ub85c\uc6cc\uc84c\uc5b4.", "offset": 0, "length": 38, "sentiment": "negative", "confidence": {"negative": 0.9982993, "positive": 0.0007823636, "neutral": 0.0009184321}, "highlights": [{"offset": 7, "length": 30}]}]}