{"document": {"sentiment": "negative", "confidence": {"negative": 99.98514, "positive": 0.0077907727, "neutral": 0.0070746895}}, "sentences": [{"content": "\uc544\ub4e4\uc774 \ub300\ud559\uc744 \uc878\uc5c5\ud574\ub3c4 \ucde8\uc9c1\uc744 \uc548 \ud558\uace0 \uc9d1\uc5d0\ub9cc \ub4b9\uad74\uac70\ub9ac\uace0 \uc788\uc73c\ub2c8 \uaf34 \ubcf4\uae30 \uc2eb\uc5b4.", "offset": 0, "length": 44, "sentiment": "negative", "confidence": {"negative": 0.999108, "positive": 0.00046744637, "neutral": 0.00042448138}, "highlights": [{"offset": 32, "length": 11}]}]}