{"document": {"sentiment": "negative", "confidence": {"negative": 99.9324, "positive": 0.0059970706, "neutral": 0.061597932}}, "sentences": [{"content": "\ubc29\uae08 \uc678\uadfc\uc774 \uc77c\ucc0d \ub05d\ub098\uc11c \uc9d1\uc5d0 \uac14\ub294\ub370 \ud604\uad00\uc5d0 \ub0af\uc120 \ub0a8\uc790 \uad6c\ub450\ub97c \ubc1c\uacac\ud558\uace0 \ucda9\uaca9\uc744 \ubc1b\uc558\uc5b4.", "offset": 0, "length": 48, "sentiment": "negative", "confidence": {"negative": 0.9959442, "positive": 0.00035982422, "neutral": 0.0036958759}, "highlights": [{"offset": 21, "length": 26}]}]}