{"document": {"sentiment": "positive", "confidence": {"negative": 0.004193119, "positive": 99.98583, "neutral": 0.009971016}}, "sentences": [{"content": "\uba87 \ub144\uac04\uc758 \ub178\ub825 \ub05d\uc5d0 \ub4dc\ub514\uc5b4 \uc544\ub0b4\uc5d0\uac8c \uc544\uae30\uac00 \uc0dd\uaca8\uc11c \uc815\ub9d0 \uae30\ubed0!", "offset": 0, "length": 35, "sentiment": "positive", "confidence": {"negative": 0.00025158713, "positive": 0.99915016, "neutral": 0.00059826096}, "highlights": [{"offset": 6, "length": 28}]}]}