{"document": {"sentiment": "negative", "confidence": {"negative": 99.91799, "positive": 0.008709873, "neutral": 0.07330005}}, "sentences": [{"content": "\uce5c\uad6c\ub294 \ub298 \ub098\ubcf4\ub2e4 \uc131\uc801\uc774 \uc88b\uc740\ub370 \ub09c \uacf5\ubd80\ub97c \uc5f4\uc2ec\ud788 \ud574\ub3c4 \uc131\uc801\uc774 \uc548 \uc62c\ub77c.", "offset": 0, "length": 40, "sentiment": "negative", "confidence": {"negative": 0.9950793, "positive": 0.0005225924, "neutral": 0.0043980028}, "highlights": [{"offset": 31, "length": 8}]}]}