{"document": {"sentiment": "neutral", "confidence": {"negative": 0.08887981, "positive": 0.02568091, "neutral": 99.88544}}, "sentences": [{"content": "\uce5c\uad6c\ub4e4\uc5d0\uac8c \ub0b4\uac00 \uac00\ub09c\ud558\ub2e4\ub294 \uc0ac\uc2e4\uc774 \uc54c\ub824\uc9c0\uba74 \uce5c\uad6c\ub4e4\uc774 \ub098\ub97c \uba40\ub9ac\ud560\uae4c \ubd10 \uba85\ud488\uc744 \uad6c\ud574\uc57c \ud560\uc9c0 \uace0\ubbfc\ub3fc.", "offset": 0, "length": 54, "sentiment": "neutral", "confidence": {"negative": 0.0008887981, "positive": 0.00025680911, "neutral": 0.9988544}, "highlights": [{"offset": 39, "length": 14}]}]}