{"document": {"sentiment": "negative", "confidence": {"negative": 99.96733, "positive": 0.0067208805, "neutral": 0.025947196}}, "sentences": [{"content": "\uacf5\uc7a5\uc5d0 \ucde8\uc5c5\ud588\ub294\ub370 \uc80a\uc740 \uc0ac\ub78c\uc774 \ub098\ubc16\uc5d0 \uc5c6\uc5b4\uc11c \ub2e4\ub4e4 \uc138\ub300 \ucc28\uc774\uac00 \ub290\uaef4\uc9c0\ub2c8 \uac70\ub9ac\uac10\uc774 \ub290\uaef4\uc838.", "offset": 0, "length": 49, "sentiment": "negative", "confidence": {"negative": 0.99804, "positive": 0.00040325284, "neutral": 0.0015568318}, "highlights": [{"offset": 25, "length": 23}]}]}