{"document": {"sentiment": "negative", "confidence": {"negative": 99.98286, "positive": 0.006537247, "neutral": 0.010602815}}, "sentences": [{"content": "\ub0b4\uac00 \uae40 \ub300\ub9ac\ud55c\ud14c \uc77c\uc8fc\uc77c \uc804\uc5d0 \ubd80\ud0c1\ud55c \uc790\ub8cc\ub97c \uc544\uc9c1\ub3c4 \uc548 \uc8fc\ub2c8\uae4c \ub2f5\ub2f5\ud574!", "offset": 0, "length": 39, "sentiment": "negative", "confidence": {"negative": 0.9989716, "positive": 0.00039223483, "neutral": 0.00063616893}, "highlights": [{"offset": 0, "length": 38}]}]}