{"document": {"sentiment": "negative", "confidence": {"negative": 99.97896, "positive": 0.0076507074, "neutral": 0.013394616}}, "sentences": [{"content": "\ub0a8\ud3b8\uc774 \uc798 \ub2e4\ub2c8\ub358 \ud68c\uc0ac\ub97c \uadf8\ub9cc\ub450\uace0 \uc900\ube44\ub3c4 \uc5c6\uc774 \uac00\uac8c\ub97c \ucc28\ub9ac\uaca0\ub2e4 \ud558\ub294 \ub9d0\uc5d0 \ud55c\uc228\ub9cc \ub098\uc640.", "offset": 0, "length": 48, "sentiment": "negative", "confidence": {"negative": 0.9987373, "positive": 0.00045904244, "neutral": 0.00080367696}, "highlights": [{"offset": 38, "length": 9}]}]}