{"document": {"sentiment": "negative", "confidence": {"negative": 99.932106, "positive": 0.006833534, "neutral": 0.061063197}}, "sentences": [{"content": "\uba87 \ub144 \ud6c4 \ud1f4\uc9c1\uc744 \ud558\uba74 \uc0c8\ub85c\uc6b4 \uc77c\uc744 \uc2dc\uc791\ud560\uae4c \ud558\ub294\ub370 \ub3c4\ubb34\uc9c0 \uc5b4\ub5a4 \uc77c\uc744 \ud574\uc57c \uc88b\uc744\uc9c0 \ub9c9\ub9c9\ud574.", "offset": 0, "length": 50, "sentiment": "negative", "confidence": {"negative": 0.99592626, "positive": 0.00041001206, "neutral": 0.0036637918}, "highlights": [{"offset": 33, "length": 16}]}]}