{"document": {"sentiment": "negative", "confidence": {"negative": 99.96929, "positive": 0.0065000476, "neutral": 0.024208093}}, "sentences": [{"content": "\uc608\uc804\uc5d0\ub294 \uc774\ub7ec\uc9c0 \uc54a\uc558\ub294\ub370 \uc790\uafb8 \uce5c\uad6c\uac00 \ub098\ubcf4\ub2e4 \uc798\ub098\uac00\ub294 \uac83\uc5d0 \uc5f4\ub4f1\uac10\uc774 \uc0dd\uae30\ub294 \uac83 \uac19\uc544.", "offset": 0, "length": 47, "sentiment": "negative", "confidence": {"negative": 0.99815744, "positive": 0.00039000285, "neutral": 0.0014524856}, "highlights": [{"offset": 17, "length": 29}]}]}