{"document": {"sentiment": "negative", "confidence": {"negative": 99.98388, "positive": 0.0075269644, "neutral": 0.0085954275}}, "sentences": [{"content": "\uc9c1\uc7a5\uc5d0\uc11c \uc5b8\uc81c\ub4e0\uc9c0 \ub0a0 \ud574\uace0 \uc2dc\ud0ac \uc218 \uc788\uc744 \uac83 \uac19\uc544\uc11c \ubd88\uc548\ud574.", "offset": 0, "length": 33, "sentiment": "negative", "confidence": {"negative": 0.99903274, "positive": 0.00045161787, "neutral": 0.00051572564}, "highlights": [{"offset": 10, "length": 22}]}]}