{"document": {"sentiment": "neutral", "confidence": {"negative": 0.0022686915, "positive": 0.0012033428, "neutral": 99.99653}}, "sentences": [{"content": "\uc6b0\ub9ac \uc544\ube60\ub294 \ub9e4\uc77c\uac19\uc774 \uc220\uacfc \ub2f4\ubc30\ub97c \ud574\uc11c \ub098\ub3c4 \ub2f4\ubc30\ub97c \ud53c\uc6b0\uae30 \uc2dc\uc791\ud588\uc5b4.", "offset": 0, "length": 38, "sentiment": "neutral", "confidence": {"negative": 2.2686916e-05, "positive": 1.2033428e-05, "neutral": 0.9999653}, "highlights": [{"offset": 22, "length": 15}]}]}