{"document": {"sentiment": "positive", "confidence": {"negative": 0.0341205, "positive": 99.95467, "neutral": 0.011206432}}, "sentences": [{"content": "\ub098 \ud63c\uc790\uc11c \uc798 \ubc8c\uace0 \uc798 \uc0b4\uae30 \ub54c\ubb38\uc5d0 \ubd80\uc591\uac00\uc871\uc774 \uc5c6\uc5b4\uc11c \ub108\ubb34 \ud3b8\uc548\ud574.", "offset": 0, "length": 37, "sentiment": "positive", "confidence": {"negative": 0.00204723, "positive": 0.99728036, "neutral": 0.0006723859}, "highlights": [{"offset": 20, "length": 16}]}]}