{"document": {"sentiment": "negative", "confidence": {"negative": 99.979805, "positive": 0.012195143, "neutral": 0.007997614}}, "sentences": [{"content": "\uce5c\uad6c\ub4e4\uc740 \ub2e4 \uc88b\uc740 \uc9c1\uc7a5\uc5d0 \ub2e4\ub2c8\ub294\ub370 \ub098\ub9cc \ub4a4\ucc98\uc9c0\ub294 \uac83 \uac19\uc544\uc11c \ube44\ucc38\ud574.", "offset": 0, "length": 37, "sentiment": "negative", "confidence": {"negative": 0.99878854, "positive": 0.0007317086, "neutral": 0.00047985686}, "highlights": [{"offset": 19, "length": 17}]}]}