{"document": {"sentiment": "neutral", "confidence": {"negative": 0.12155364, "positive": 0.040352162, "neutral": 99.8381}}, "sentences": [{"content": "\uc624\ub298 \uac1c\uc778\uc5f0\uae08\uc774 \ud574\uc9c0\ub410\ub2e4\ub294 \uc5f0\ub77d\uc774 \uc640\uc11c \uae5c\uc9dd \ub180\ub790\uc5b4.", "offset": 0, "length": 29, "sentiment": "neutral", "confidence": {"negative": 0.0012155365, "positive": 0.00040352164, "neutral": 0.998381}, "highlights": [{"offset": 3, "length": 19}]}]}