{"document": {"sentiment": "negative", "confidence": {"negative": 99.97705, "positive": 0.009974618, "neutral": 0.01297366}}, "sentences": [{"content": "\uc774\ubc88\uc5d0 \ub0a8\ud3b8\uc774 \uc77c\ud558\ub294 \ubd80\uc11c\uc5d0\uc11c \ud68c\uc0ac\uc5d0 \ud070 \uc190\ud574\ub97c \ubd10 \ub0a8\ud3b8\uc774 \ub9ce\uc774 \uad34\ub85c\uc6cc\ud558\uace0 \uc788\ub294\ub370 \ub0b4\uac00 \ub3c4\uc640\uc904 \uc218\uac00 \uc5c6\uc5b4.", "offset": 0, "length": 59, "sentiment": "negative", "confidence": {"negative": 0.99862313, "positive": 0.0005984771, "neutral": 0.0007784196}, "highlights": [{"offset": 0, "length": 42}]}]}