{"document": {"sentiment": "positive", "confidence": {"negative": 0.03258836, "positive": 99.92261, "neutral": 0.0448066}}, "sentences": [{"content": "\ub2e4\ub4e4 \uc774 \ub098\uc774\uc5d0 \uc5b4\ub290 \ud55c \uacf3\uc774 \uc544\ud504\ub2e4\ub294\ub370 \ub098\ub294 \uc544\uc9c1 \uc544\ubb34\ub807\uc9c0\ub3c4 \uc54a\uc73c\ub2c8 \uac10\uc0ac\ud558\uc9c0.", "offset": 0, "length": 44, "sentiment": "positive", "confidence": {"negative": 0.0019553015, "positive": 0.99535626, "neutral": 0.002688396}, "highlights": [{"offset": 23, "length": 20}]}]}