{"document": {"sentiment": "negative", "confidence": {"negative": 99.9693, "positive": 0.00786882, "neutral": 0.022831962}}, "sentences": [{"content": "\ucde8\uc5c5 \uba74\uc811\uc744 \ubcf4\uace0 \uc654\ub294\ub370 \ub9d0\uc744 \ud6a1\uc124\uc218\uc124\ud574\uc11c \uc774\ubc88\uc5d0\ub3c4 \ub5a8\uc5b4\uc9c8 \uac70 \uac19\uc544.", "offset": 0, "length": 38, "sentiment": "negative", "confidence": {"negative": 0.9981579, "positive": 0.0004721292, "neutral": 0.0013699176}, "highlights": [{"offset": 14, "length": 23}]}]}