{"document": {"sentiment": "negative", "confidence": {"negative": 99.898674, "positive": 0.0042215027, "neutral": 0.09710605}}, "sentences": [{"content": "\uc774\uc81c\ub294 \ub0a8\uc790 \uce5c\uad6c\uc640 \uacb0\ud63c\ud558\uace0 \uc2f6\uc740\ub370 \ubd80\ubaa8\ub2d8\uc774 \uc808\ub300 \uc548 \ub41c\ub2e4\uace0\ub9cc \ud558\uc154.", "offset": 0, "length": 38, "sentiment": "negative", "confidence": {"negative": 0.9939203, "positive": 0.00025329017, "neutral": 0.005826363}, "highlights": [{"offset": 20, "length": 17}]}]}