{"document": {"sentiment": "negative", "confidence": {"negative": 98.83345, "positive": 0.009190774, "neutral": 1.157358}}, "sentences": [{"content": "\uc5f0\ub77d\uc774 \uc5c6\ub358 \uce5c\uad6c\ud55c\ud14c \uac04\ub9cc\uc5d0 \uc5f0\ub77d\uc774 \uc654\ub294\ub370 \ub3c8 \ubb38\uc81c \ub54c\ubb38\uc5d0 \uc5f0\ub77d\uc774 \uc628 \uac70\uc600\uc5b4.", "offset": 0, "length": 43, "sentiment": "negative", "confidence": {"negative": 0.9300071, "positive": 0.0005514464, "neutral": 0.06944148}, "highlights": [{"offset": 0, "length": 24}]}]}