{"document": {"sentiment": "positive", "confidence": {"negative": 0.02474383, "positive": 99.97016, "neutral": 0.0050933845}}, "sentences": [{"content": "\ud798\ub4e0 \uc2dc\uae30\uc5d0 \uc815\ub9d0 \uc88b\uc740 \uc0ac\ub78c\uc744 \ub0a8\uc790\uce5c\uad6c\ub85c \ub9cc\ub098\uc11c \ub2e4\ud589\uc774\uc57c.", "offset": 0, "length": 32, "sentiment": "positive", "confidence": {"negative": 0.0014846298, "positive": 0.99820983, "neutral": 0.00030560308}, "highlights": [{"offset": 10, "length": 21}]}]}