{"document": {"sentiment": "negative", "confidence": {"negative": 99.72455, "positive": 0.0035856238, "neutral": 0.27186418}}, "sentences": [{"content": "\uc120\uc0dd\ub2d8\uaed8\uc11c \uac00\ud574\uc790\ub4e4\uc5d0\uac8c \ud569\uc758\uae08\uc744 \ubc1b\uace0 \uc870\uc6a9\ud788 \ub118\uc5b4\uac00\ub77c\uace0 \ub9d0\uc500\ud558\uc168\uc5b4.", "offset": 0, "length": 37, "sentiment": "negative", "confidence": {"negative": 0.98347306, "positive": 0.00021513744, "neutral": 0.01631185}, "highlights": [{"offset": 31, "length": 5}]}]}