{"document": {"sentiment": "negative", "confidence": {"negative": 99.94603, "positive": 0.0075358944, "neutral": 0.046435002}}, "sentences": [{"content": "\uc6b4\ub3d9\ud558\ub294 \uce5c\uad6c\uac00 \uc5b4\uae68\ub97c \ub2e4\uccd0\uc11c \ub354 \uc774\uc0c1 \uc6b4\ub3d9\uc744 \ud560 \uc218 \uc5c6\uac8c \ub410\ub300.", "offset": 0, "length": 36, "sentiment": "negative", "confidence": {"negative": 0.9967618, "positive": 0.00045215368, "neutral": 0.0027861001}, "highlights": [{"offset": 17, "length": 18}]}]}