{"document": {"sentiment": "negative", "confidence": {"negative": 99.99029, "positive": 0.0017454702, "neutral": 0.007967754}}, "sentences": [{"content": "\ub0a8\uc790 \uce5c\uad6c\uac00 \uc804 \ub0a8\uc790 \uce5c\uad6c\uc5d0\uac8c \uc628 \ubb38\uc790\ub97c \ubcf4\uace0 \ud30c\ud63c\ud558\uc790\uace0 \ud574\uc11c \uc5b5\uc6b8\ud574.", "offset": 0, "length": 39, "sentiment": "negative", "confidence": {"negative": 0.9994172, "positive": 0.00010472821, "neutral": 0.00047806528}, "highlights": [{"offset": 26, "length": 12}]}]}