{"document": {"sentiment": "negative", "confidence": {"negative": 99.27802, "positive": 0.04621184, "neutral": 0.67576635}}, "sentences": [{"content": "\ub538\uc774 \ub2e4\ud589\ud788 \ub0b4 \ub9c8\uc74c\uc5d0 \uc548 \ub4dc\ub294 \ub0a8\uc790\uce5c\uad6c\uc640 \ud5e4\uc5b4\uc838\uc11c \uc548\ub3c4\ud588\uc5b4.", "offset": 0, "length": 34, "sentiment": "negative", "confidence": {"negative": 0.9566814, "positive": 0.0027727103, "neutral": 0.04054598}, "highlights": [{"offset": 0, "length": 33}]}]}