{"document": {"sentiment": "negative", "confidence": {"negative": 99.98354, "positive": 0.0063314983, "neutral": 0.010123148}}, "sentences": [{"content": "\uc0c1\uc0ac\uac00 \uc790\uae30\uac00 \ud55c \ub9d0\uc744 \uae30\uc5b5\ud558\uc9c0 \ubabb\ud558\uace0 \ub0b4\uac00 \uc798\ubabb\ud588\ub2e4\uace0 \ub36e\uc5b4\uc50c\uc6cc\uc11c \ub108\ubb34 \uc5b5\uc6b8\ud558\uace0 \ud654\ub098.", "offset": 0, "length": 48, "sentiment": "negative", "confidence": {"negative": 0.9990127, "positive": 0.00037988988, "neutral": 0.00060738885}, "highlights": [{"offset": 37, "length": 10}]}]}