{"document": {"sentiment": "positive", "confidence": {"negative": 0.0018822679, "positive": 99.99605, "neutral": 0.0020713618}}, "sentences": [{"content": "\ub0b4\uac00 \uc9c1\uc7a5\uc5d0\uc11c \ud070 \uc2e4\uc218\ub97c \ud55c \uc904 \uc54c\uace0 \uc870\ub9c8\uc870\ub9c8\ud588\ub294\ub370 \uc798 \ub9c8\ubb34\ub9ac\ub418\uc5b4\uc11c \ub2e4\ud589\uc774\uc57c.", "offset": 0, "length": 43, "sentiment": "positive", "confidence": {"negative": 0.000112936075, "positive": 0.99976283, "neutral": 0.00012428171}, "highlights": [{"offset": 31, "length": 11}]}]}