{"document": {"sentiment": "negative", "confidence": {"negative": 99.95435, "positive": 0.0089318, "neutral": 0.036711168}}, "sentences": [{"content": "\uc624\ub298 \ub0b4\uac00 \ubcf5\ub3c4\ub97c \uac78\uc5b4\uac00\ub294\ub370 \uce5c\uad6c\ub4e4\uc774 \ubc1c\uc744 \uac78\uc5b4 \ub098\ub97c \ub118\uc5b4\ub728\ub838\uc5b4.", "offset": 0, "length": 36, "sentiment": "negative", "confidence": {"negative": 0.9972614, "positive": 0.000535908, "neutral": 0.00220267}, "highlights": [{"offset": 16, "length": 19}]}]}