{"document": {"sentiment": "positive", "confidence": {"negative": 0.017183332, "positive": 99.97444, "neutral": 0.008375721}}, "sentences": [{"content": "\uc694\uc998 \ub0a8\ud3b8\uc744 \ub300\ud560 \ub54c \ub354 \ud3b8\uc548\ud574\uc9c4 \ub290\ub08c\uc774\uc57c.", "offset": 0, "length": 24, "sentiment": "positive", "confidence": {"negative": 0.0010309999, "positive": 0.9984665, "neutral": 0.0005025433}, "highlights": [{"offset": 12, "length": 11}]}]}