{"document": {"sentiment": "neutral", "confidence": {"negative": 0.12820554, "positive": 1.4752238, "neutral": 98.39657}}, "sentences": [{"content": "\uc608\uc804\uacfc \ub2e4\ub974\uac8c \ub300\uc778 \uad00\uacc4\ub97c \uc720\uc9c0\ud558\ub294 \uac83\uc5d0 \ub300\ud574 \uc2a4\ud2b8\ub808\uc2a4\ubc1b\uc9c0 \uc54a\uae30\ub85c \ud588\uc5b4.", "offset": 0, "length": 40, "sentiment": "neutral", "confidence": {"negative": 0.0012820554, "positive": 0.014752238, "neutral": 0.98396575}, "highlights": [{"offset": 26, "length": 13}]}]}