{"document": {"sentiment": "negative", "confidence": {"negative": 99.99919, "positive": 0.00031509448, "neutral": 0.00049070345}}, "sentences": [{"content": "\uce5c\uad6c\ub4e4\uc774 \ub098\ub97c \uba54\uc2dc\uc9c0 \ubc29\uc5d0 \ucd08\ub300\ud574\uc11c \ub180\ub9bc\uac70\ub9ac\ub85c \ub9cc\ub4dc\ub294 \uac8c \ub108\ubb34 \ud654\uac00 \ub098.", "offset": 0, "length": 40, "sentiment": "negative", "confidence": {"negative": 0.9999516, "positive": 1.8905668e-05, "neutral": 2.9442206e-05}, "highlights": [{"offset": 0, "length": 39}]}]}