{"document": {"sentiment": "negative", "confidence": {"negative": 99.99319, "positive": 0.0025056645, "neutral": 0.004304903}}, "sentences": [{"content": "\ub0a8\ud3b8\uc774 \ub9e8\ub0a0 \uc0ac\ub78c\ub4e4\uacfc \uc220 \ub9c8\uc2dc\uace0 \uc9d1\uc5d0 \ub2a6\uac8c \ub4e4\uc5b4\uc624\ub294\ub370 \ub108\ubb34 \ud654\uac00 \ub098.", "offset": 0, "length": 38, "sentiment": "negative", "confidence": {"negative": 0.9995913, "positive": 0.00015033987, "neutral": 0.0002582942}, "highlights": [{"offset": 30, "length": 7}]}]}