{"document": {"sentiment": "negative", "confidence": {"negative": 99.97995, "positive": 0.0050330176, "neutral": 0.015015552}}, "sentences": [{"content": "\uc774\ubc88\uc5d0 \uc774\uc9c1\ud588\ub294\ub370 \ud68c\uc0ac \uc0ac\ub78c\ub4e4\uc774 \ub2e4\ub4e4 \ubc18\ucc28\ub3c4 \uc548 \uc4f0\uace0 \uc57c\uadfc\ub9cc \uc8fd\ub3c4\ub85d \ud574\uc11c \ucda9\uaca9\uc774\uc57c.", "offset": 0, "length": 46, "sentiment": "negative", "confidence": {"negative": 0.99891436, "positive": 0.00033152907, "neutral": 0.00075415126}, "highlights": [{"offset": 30, "length": 15}]}, {"content": " \uc5f0\ucc28 \uc4f0\uace0 \uc2f6\uc740\ub370 \ub208\uce58\ub3c4 \ubcf4\uc774\uace0 \uc5b4\ub5a1\ud558\uc9c0?", "offset": 46, "length": 24, "sentiment": "negative", "confidence": {"negative": 0.99867994, "positive": 0.00027243307, "neutral": 0.001047715}, "highlights": [{"offset": 1, "length": 18}]}]}