{"document": {"sentiment": "negative", "confidence": {"negative": 99.9798, "positive": 0.011356748, "neutral": 0.008844058}}, "sentences": [{"content": "\uc740\ud1f4 \uc124\uacc4\ub97c \ud588\ub294\ub370 \ub3c8\uc774 \uc5b4\ub514\ub85c \uc0dc\ub294\uc9c0 \uc9c0\uae08\uae4c\uc9c0 \uc9c0\ucf1c\uc9c0\uace0 \uc900\ube44\ub41c \uac8c \ud558\ub098\ub3c4 \uc5c6\uc5b4 \uad34\ub85c\uc6cc.", "offset": 0, "length": 49, "sentiment": "negative", "confidence": {"negative": 0.99878794, "positive": 0.00068140484, "neutral": 0.0005306435}, "highlights": [{"offset": 32, "length": 16}]}]}