{"document": {"sentiment": "negative", "confidence": {"negative": 99.97186, "positive": 0.010146276, "neutral": 0.017992098}}, "sentences": [{"content": "\uce5c\uad6c\ub4e4\uc740 \ubaa8\ub450 \uafc8\uc774 \uc788\ub294\ub370 \ub098\ub294 \uafc8\uc774 \uc5c6\uc5b4\uc11c \ubd88\uc548\ud574.", "offset": 0, "length": 29, "sentiment": "negative", "confidence": {"negative": 0.99831176, "positive": 0.0006087766, "neutral": 0.0010795259}, "highlights": [{"offset": 15, "length": 13}]}]}