{"document": {"sentiment": "neutral", "confidence": {"negative": 0.025943212, "positive": 0.027576398, "neutral": 99.94648}}, "sentences": [{"content": "\uc624\ub298 \uc9c1\uc7a5\uc5d0 \uac00\uc7a5 \uce5c\ud55c \uc5b8\ub2c8\uc758 \uc5b4\uba38\ub2c8\uac00 \ub3cc\uc544\uac00\uc168\uc5b4.", "offset": 0, "length": 28, "sentiment": "neutral", "confidence": {"negative": 0.00025943213, "positive": 0.00027576397, "neutral": 0.9994648}, "highlights": [{"offset": 10, "length": 17}]}]}