{"document": {"sentiment": "negative", "confidence": {"negative": 99.97879, "positive": 0.009960421, "neutral": 0.011248886}}, "sentences": [{"content": "\ub0a8\uc790\uce5c\uad6c\uc758 \uc870\uac74\ub9cc\uc744 \ubcf4\uace0 \uacb0\ud63c\uc5d0 \ubc18\ub300\ud558\ub294 \ubd80\ubaa8\ub2d8\uc744 \ubcf4\ub2c8 \ub108\ubb34 \uc2ac\ud390\uc5b4.", "offset": 0, "length": 38, "sentiment": "negative", "confidence": {"negative": 0.9987274, "positive": 0.0005976253, "neutral": 0.00067493314}, "highlights": [{"offset": 14, "length": 23}]}]}