{"document": {"sentiment": "negative", "confidence": {"negative": 99.96808, "positive": 0.008883848, "neutral": 0.023036415}}, "sentences": [{"content": "\ub3d9\uae30\ub294 \ud2c8\ub9cc \ub098\uba74 \ud074\ub77c\uc774\uc5b8\ud2b8 \ud5d8\ub2f4\uc744 \ud574.", "offset": 0, "length": 22, "sentiment": "negative", "confidence": {"negative": 0.9989858, "positive": 0.0003044801, "neutral": 0.0007096694}, "highlights": [{"offset": 10, "length": 11}]}, {"content": " \ub0b4 \uc695\ub3c4 \uc5b4\ub514\uc120\uac00 \ud558\uace0 \uc788\uaca0\uad6c\ub098 \uc2f6\uc5b4 \uc2ac\ud37c\uc838.", "offset": 22, "length": 26, "sentiment": "negative", "confidence": {"negative": 0.9971836, "positive": 0.00076158164, "neutral": 0.0020547004}, "highlights": [{"offset": 1, "length": 24}]}]}