{"document": {"sentiment": "negative", "confidence": {"negative": 99.98152, "positive": 0.0059164516, "neutral": 0.012560937}}, "sentences": [{"content": "\uc544\uc774\uac00 \ud559\uad50 \uc0c1\ub2f4\uc744 \ubc1b\uc558\ub294\ub370 \uac00\uc815\ud3ed\ub825\uc744 \ub2f9\ud558\uace0 \uc788\ub2e4\uace0 \uc598\uae30\ud588\ub2e4\uace0 \ud558\uae38\ub798 \ub108\ubb34 \ucda9\uaca9\ubc1b\uc558\uc5b4.", "offset": 0, "length": 49, "sentiment": "negative", "confidence": {"negative": 0.9988914, "positive": 0.0003549871, "neutral": 0.0007536562}, "highlights": [{"offset": 30, "length": 18}]}]}