{"document": {"sentiment": "negative", "confidence": {"negative": 99.9995, "positive": 0.00024735558, "neutral": 0.00025764023}}, "sentences": [{"content": "\uc624\ub298 \uc9c1\uc6d0\uc774 \uacfc\uac70\uc5d0 \ub0b4\uac00 \ud588\ub358 \uc5c5\ubb34\ub97c \ubb3c\uc5b4\ubcf4\ub294\ub370 \ub9ce\uc774 \ub2f9\ud669\ud588\uc5b4.", "offset": 0, "length": 35, "sentiment": "negative", "confidence": {"negative": 0.9999696, "positive": 1.4841335e-05, "neutral": 1.5458414e-05}, "highlights": [{"offset": 27, "length": 7}]}]}