{"document": {"sentiment": "neutral", "confidence": {"negative": 0.20045298, "positive": 0.029564615, "neutral": 99.76998}}, "sentences": [{"content": "\uc5c4\ub9c8\uc640 \ub300\ud654 \uc911\uc5d0 \uc5c4\ub9c8\ub294 \uc720\uc0b0\uc744 \ud55c \ubc88 \ud558\uc168\ub300.", "offset": 0, "length": 26, "sentiment": "neutral", "confidence": {"negative": 0.0020045298, "positive": 0.00029564614, "neutral": 0.9976998}, "highlights": [{"offset": 10, "length": 15}]}]}