{"document": {"sentiment": "neutral", "confidence": {"negative": 0.0014344273, "positive": 0.002190988, "neutral": 99.996376}}, "sentences": [{"content": "\uc624\ub298 \uac00\uc871\ub07c\ub9ac \uac04 \ub180\uc774\ub3d9\uc0b0\uc5d0\uc11c \uc544\ub4e4\uc744 \ub450 \uc2dc\uac04 \ub9cc\uc5d0 \ucc3e\uc558\uc5b4.", "offset": 0, "length": 33, "sentiment": "neutral", "confidence": {"negative": 1.4344274e-05, "positive": 2.190988e-05, "neutral": 0.99996376}, "highlights": [{"offset": 0, "length": 32}]}]}