{"document": {"sentiment": "negative", "confidence": {"negative": 99.98435, "positive": 0.005989865, "neutral": 0.009660844}}, "sentences": [{"content": "\ud3c9\uc18c\uc5d0 \uacf5\ubd80\ub97c \ub108\ubb34 \uc548 \ud558\ub294 \ubc14\ub78c\uc5d0 \uc131\uc801\uc774 \ub108\ubb34 \ub5a8\uc5b4\uc838\uc11c \uc8c4\ucc45\uac10\uc774 \ub4e4\uc5b4.", "offset": 0, "length": 40, "sentiment": "negative", "confidence": {"negative": 0.9990609, "positive": 0.00035939188, "neutral": 0.00057965063}, "highlights": [{"offset": 20, "length": 19}]}]}