{"document": {"sentiment": "negative", "confidence": {"negative": 99.97998, "positive": 0.006153485, "neutral": 0.013865903}}, "sentences": [{"content": "\ud638\uac10 \uc788\ub294 \uc0ac\ub78c\ud55c\ud14c \ub370\uc774\ud2b8 \uc2e0\uccad\uc744 \ud588\ub294\ub370 \uac70\uc808\ub2f9\ud560\uae4c \ubd10 \ubd88\uc548\ud574.", "offset": 0, "length": 35, "sentiment": "negative", "confidence": {"negative": 0.99879885, "positive": 0.0003692091, "neutral": 0.0008319542}, "highlights": [{"offset": 23, "length": 11}]}]}