{"document": {"sentiment": "negative", "confidence": {"negative": 85.701126, "positive": 0.0052583423, "neutral": 14.293618}}, "sentences": [{"content": "\uc544\ub4e4\uc774 \ucd95\uad6c\ub180\uc774\ub97c \ud558\ub2e4\uac00 \uc774\uc6c3\uc9d1 \ucc3d\ubb38\uc744 \uae68\ubc84\ub838\uc5b4.", "offset": 0, "length": 27, "sentiment": "neutral", "confidence": {"negative": 8.331e-05, "positive": 0.00014132315, "neutral": 0.99977535}, "highlights": [{"offset": 14, "length": 12}]}, {"content": " \ud63c\ub0b4\uc57c \ud558\ub294\ub370 \uac71\uc815\uc774\ub2e4.", "offset": 27, "length": 14, "sentiment": "negative", "confidence": {"negative": 0.99899536, "positive": 0.00022676079, "neutral": 0.00077793037}, "highlights": [{"offset": 9, "length": 4}]}]}