{"document": {"sentiment": "negative", "confidence": {"negative": 99.86767, "positive": 0.0360486, "neutral": 0.09628327}}, "sentences": [{"content": "\uc5b4\ub838\uc744 \ub54c \uc0ac\uc9c4\uc744 \ubcf4\ub294\ub370 \ud56d\uc0c1 \uc5b8\ub2c8\uac00 \uc785\ub358 \uc637\ub9cc \uc608\uc05c \uac70 \uac19\uc544 \uc11c\uc6b4\ud574.", "offset": 0, "length": 39, "sentiment": "negative", "confidence": {"negative": 0.99206007, "positive": 0.002162916, "neutral": 0.0057769963}, "highlights": [{"offset": 24, "length": 14}]}]}