{"document": {"sentiment": "negative", "confidence": {"negative": 99.99914, "positive": 0.00016563685, "neutral": 0.0006989578}}, "sentences": [{"content": "\ub0a8\uc790\uce5c\uad6c\uac00 \uc790\uafb8 \uc190\uac00\ub77d \uc0ac\uc774\uc988\ub97c \ubb3c\uc5b4\ubcf4\ub294\ub370 \uc194\uc9c1\ud788 \ub300\ub2f5\ud574 \uc8fc\uae30 \uc2eb\uc5b4.", "offset": 0, "length": 38, "sentiment": "negative", "confidence": {"negative": 0.99994814, "positive": 9.938211e-06, "neutral": 4.193747e-05}, "highlights": [{"offset": 24, "length": 13}]}]}