{"document": {"sentiment": "positive", "confidence": {"negative": 0.014046374, "positive": 99.968346, "neutral": 0.017611574}}, "sentences": [{"content": "\uc62c\ud574 \ucde8\uc5c5\uc774 \ub108\ubb34 \uc5b4\ub824\uc6b4 \uc2dc\uae30\uc600\ub294\ub370 \ub2e4\ud589\ud788 \uc911\uac04 \ud569\uaca9\ud588\ub2e4\ub294 \uc5f0\ub77d\uc744 \ubc1b\uc558\uc5b4.", "offset": 0, "length": 41, "sentiment": "positive", "confidence": {"negative": 0.00084278244, "positive": 0.9981006, "neutral": 0.0010566944}, "highlights": [{"offset": 20, "length": 20}]}]}