{"document": {"sentiment": "negative", "confidence": {"negative": 99.98122, "positive": 0.0065366, "neutral": 0.012245317}}, "sentences": [{"content": "\ucf54\ub85c\ub098 \ub54c\ubb38\uc5d0 \ud68c\uc0ac\ub97c \uac11\uc790\uae30 \uadf8\ub9cc\ub450\uac8c \ub418\uc11c \ud070\uc77c\uc774\uc57c.", "offset": 0, "length": 29, "sentiment": "negative", "confidence": {"negative": 0.9986652, "positive": 0.00032419266, "neutral": 0.0010106544}, "highlights": [{"offset": 8, "length": 20}]}, {"content": " \uc560\ub4e4 \ud559\uad50\uc5d0 \uc9d1\uc138\uc5d0 \uc9c0\ucd9c\ud560 \uc77c\ubc16\uc5d0 \uc5c6\ub294\ub370 \uc18c\ub4dd\uc774 \uc5c6\uc73c\ub2c8 \uc808\ub9dd\uc801\uc774\uc57c.", "offset": 29, "length": 38, "sentiment": "negative", "confidence": {"negative": 0.999081, "positive": 0.00046019937, "neutral": 0.0004587837}, "highlights": [{"offset": 24, "length": 13}]}]}