{"document": {"sentiment": "negative", "confidence": {"negative": 99.979324, "positive": 0.010538183, "neutral": 0.010134235}}, "sentences": [{"content": "\ucde8\uc5c5 \uba74\uc811\uc5d0\uc11c \uc9c8\ubb38 \uac19\uc9c0 \uc54a\uc740 \uc9c8\ubb38\uc744 \ud558\ub294 \uba74\uc811\uad00\ub4e4\uc5d0\uac8c \ud658\uba78\uac10\uc744 \ub290\uaf08\uc5b4.", "offset": 0, "length": 40, "sentiment": "negative", "confidence": {"negative": 0.9987596, "positive": 0.00063229096, "neutral": 0.0006080541}, "highlights": [{"offset": 17, "length": 22}]}]}