{"document": {"sentiment": "negative", "confidence": {"negative": 85.6882, "positive": 0.008751797, "neutral": 14.303045}}, "sentences": [{"content": "\ub300\ucd9c \uc0c1\ud658\ud558\ub294 \ub54c\uac00 \uc544\uc9c1 \uc2ed \ub144\uc774\ub098 \ub0a8\uc558\uc5b4.", "offset": 0, "length": 24, "sentiment": "neutral", "confidence": {"negative": 0.0013553564, "positive": 0.00040264073, "neutral": 0.9982419}, "highlights": [{"offset": 11, "length": 12}]}, {"content": " \uc624 \ub144 \ud6c4\uba74 \ud1f4\uc9c1\ud560 \ud150\ub370 \uc5b4\uca4c\uc9c0?", "offset": 24, "length": 19, "sentiment": "negative", "confidence": {"negative": 0.9968188, "positive": 0.00020998501, "neutral": 0.0029712277}, "highlights": [{"offset": 1, "length": 17}]}]}