{"document": {"sentiment": "negative", "confidence": {"negative": 99.959236, "positive": 0.008445695, "neutral": 0.032321163}}, "sentences": [{"content": "\uc694\uc0c8 \uc2ec\uc7a5\uc774 \uc790\uc8fc \uc544\ud508\ub370 \uac74\uac15\uc5d0 \uc774\uc0c1\uc774 \uc788\ub294 \uac78\uae4c \ub450\ub824\uc6cc.", "offset": 0, "length": 32, "sentiment": "negative", "confidence": {"negative": 0.997554, "positive": 0.0005067417, "neutral": 0.0019392697}, "highlights": [{"offset": 14, "length": 17}]}]}