{"document": {"sentiment": "negative", "confidence": {"negative": 99.974, "positive": 0.016656214, "neutral": 0.009346316}}, "sentences": [{"content": "\uc544\uc774\ub4e4\uacfc \ub354 \uc88b\uc740 \uacf3\uc5d0\uc11c \uc0b4\uae30 \uc704\ud574 \uc6d4\uae09\uc744 \ubaa8\ub450 \ub300\ucd9c\uae08 \uc0c1\ud658\uc5d0 \uc4f0\ub2c8 \uc0dd\ud65c\uc774 \uc5b4\ub824\uc6cc.", "offset": 0, "length": 46, "sentiment": "negative", "confidence": {"negative": 0.99843985, "positive": 0.0009993729, "neutral": 0.00056077895}, "highlights": [{"offset": 27, "length": 18}]}]}