{"document": {"sentiment": "negative", "confidence": {"negative": 99.92656, "positive": 0.005345755, "neutral": 0.06809152}}, "sentences": [{"content": "\uce5c\uc5b8\ub2c8\uc640 \uc2f8\uc6e0\ub294\ub370 \uc5b4\ub5bb\uac8c \ud654\ud574\ub97c \ud574\uc57c \ud560\uc9c0 \ub2f9\ud639\uc2a4\ub7ec\uc6b4 \uae30\ubd84\uc774 \ub4e4\uc5b4.", "offset": 0, "length": 37, "sentiment": "negative", "confidence": {"negative": 0.9955937, "positive": 0.00032074528, "neutral": 0.004085491}, "highlights": [{"offset": 10, "length": 26}]}]}