{"document": {"sentiment": "negative", "confidence": {"negative": 99.59905, "positive": 0.009017375, "neutral": 0.39193234}}, "sentences": [{"content": "\uc9c0\uc6d0\ud588\ub358 \ud68c\uc0ac\uc5d0 \ud569\uaca9\ud588\ub294\ub370 \uc2a4\ud130\ub514 \ubaa8\uc784\uc5d0 \uc5b4\ub5bb\uac8c \ub9d0\ud574\uc57c \ud560\uc9c0 \ubaa8\ub974\uaca0\uc5b4.", "offset": 0, "length": 39, "sentiment": "negative", "confidence": {"negative": 0.975943, "positive": 0.00054104254, "neutral": 0.02351594}, "highlights": [{"offset": 0, "length": 38}]}]}