{"document": {"sentiment": "negative", "confidence": {"negative": 99.97029, "positive": 0.003306597, "neutral": 0.026402408}}, "sentences": [{"content": "\uc5b4\uc81c \uc220\uc790\ub9ac\uc5d0\uc11c \uc606\uc5d0 \uc549\uc740 \uc9c0\uc778\uc774 \ub0b4 \uace0\ud5a5 \uc0ac\ub78c\ub4e4\uc744 \uc2f8\uc7a1\uc544\uc11c \uc695\ud558\ub294 \uac70\uc57c.", "offset": 0, "length": 41, "sentiment": "negative", "confidence": {"negative": 0.9982175, "positive": 0.00019839582, "neutral": 0.0015841445}, "highlights": [{"offset": 0, "length": 40}]}]}