{"document": {"sentiment": "neutral", "confidence": {"negative": 0.004104364, "positive": 0.0049313605, "neutral": 99.99097}}, "sentences": [{"content": "\ub0a8\uc790 \uce5c\uad6c\uac00 \ub3d9\uae30\ub4e4\uc774\ub791 \uc5ec\ud589\uc744 \uac04\ub2e4\ub294\ub370 \uc5ec\uc790 \ub3d9\uae30 \ub450 \uba85\uc774 \uac19\uc774 \uc788\uc5b4\uc11c \uc9c8\ud22c\ub098. \uc548 \uac14\uc73c\uba74 \uc88b\uaca0\uc5b4.", "offset": 0, "length": 55, "sentiment": "neutral", "confidence": {"negative": 4.1043644e-05, "positive": 4.9313607e-05, "neutral": 0.99990964}, "highlights": [{"offset": 22, "length": 21}]}]}