{"document": {"sentiment": "negative", "confidence": {"negative": 99.9707, "positive": 0.0119949775, "neutral": 0.01730043}}, "sentences": [{"content": "\uc9d1 \ud615\ud3b8 \ub54c\ubb38\uc5d0 \ud559\uc6d0\ub3c4 \uadf8\ub9cc\ub450\uace0 \uc544\ub974\ubc14\uc774\ud2b8\ub97c \ud574\uc57c \ud560 \uac83 \uac19\uc544\uc11c \uc2ac\ud37c.", "offset": 0, "length": 39, "sentiment": "negative", "confidence": {"negative": 0.99824226, "positive": 0.00071969867, "neutral": 0.0010380258}, "highlights": [{"offset": 18, "length": 20}]}]}