{"document": {"sentiment": "negative", "confidence": {"negative": 99.94441, "positive": 0.003891199, "neutral": 0.051694866}}, "sentences": [{"content": "\ub09c \ub0b4\uac00 \uc88c\uc808\ud560 \ub300\uc778\uad00\uacc4\uac00 \ub354 \ub0a8\uc544 \uc788\uc9c0 \uc54a\ub2e4\uace0 \uc0dd\uac01\ud588\uc5b4.", "offset": 0, "length": 32, "sentiment": "negative", "confidence": {"negative": 0.9966648, "positive": 0.00023347193, "neutral": 0.003101692}, "highlights": [{"offset": 0, "length": 27}]}]}