{"document": {"sentiment": "negative", "confidence": {"negative": 99.956764, "positive": 0.004594891, "neutral": 0.03863884}}, "sentences": [{"content": "\ub0b4\uac00 \uce5c\uad6c\ub4e4\uc774\ub791 \ub2e4\ub978 \uc810\uc774 \uc788\ub294 \uac70 \uac19\ub2e8 \uc0dd\uac01\uc5d0 \uc790\uc2e0\uac10\uc774 \ub5a8\uc5b4\uc838\uc11c \uce5c\uad6c\ub4e4\uc5d0\uac8c \ub2e4\uac00\uac00\uc9c0 \ubabb\ud558\uace0 \uc788\uc5b4.", "offset": 0, "length": 55, "sentiment": "negative", "confidence": {"negative": 0.99740595, "positive": 0.00027569346, "neutral": 0.0023183306}, "highlights": [{"offset": 12, "length": 25}]}]}