{"document": {"sentiment": "negative", "confidence": {"negative": 99.97157, "positive": 0.0075120586, "neutral": 0.020914145}}, "sentences": [{"content": "\uc57d\uc774 \ub4e3\uc9c0 \uc54a\uc558\ub294\ub370 \uc54c\uace0 \ubcf4\ub2c8 \uc5c9\ub6b1\ud55c \uc57d\uc744 \ucc98\ubc29\ubc1b\uace0 \uc788\uc5c8\uc5b4. \ub0b4 \ubab8\uacfc \uc815\uc2e0\uacfc \uc2dc\uac04\uc5d0 \ud53c\ud574\ub97c \uc785\uc5c8\uc5b4.", "offset": 0, "length": 55, "sentiment": "negative", "confidence": {"negative": 0.99829453, "positive": 0.0004507235, "neutral": 0.0012548487}, "highlights": [{"offset": 34, "length": 20}]}]}