{"document": {"sentiment": "negative", "confidence": {"negative": 99.97838, "positive": 0.005705672, "neutral": 0.015919711}}, "sentences": [{"content": "\uc804\uc5fc\ubcd1 \ud655\uc9c4\uc790 \ub3d9\uc120 \uacf5\uac1c\ud55c \uc790\ub8cc\ub97c \ubcf4\ub2c8 \ub098\uc640 \uacb9\uccd0\uc11c \ub098\ub3c4 \uac78\ub9b4\uae4c \ubd10 \uac71\uc815\ub3fc.", "offset": 0, "length": 42, "sentiment": "negative", "confidence": {"negative": 0.9987025, "positive": 0.00034234033, "neutral": 0.00095518265}, "highlights": [{"offset": 29, "length": 12}]}]}