{"document": {"sentiment": "positive", "confidence": {"negative": 0.00010724838, "positive": 99.99911, "neutral": 0.0007868412}}, "sentences": [{"content": "\uc6b0\ub9ac \ubd80\ubd80\ub294 \ucde8\ubbf8\uac00 \uc6b4\ub3d9\uc774\ub77c \uccb4\ub825 \ud558\ub098\ub9cc\ud07c\uc740 \uc815\ub9d0 \uc790\uc2e0 \uc788\uc5b4!", "offset": 0, "length": 34, "sentiment": "positive", "confidence": {"negative": 6.434903e-06, "positive": 0.99994636, "neutral": 4.7210473e-05}, "highlights": [{"offset": 16, "length": 17}]}]}