{"document": {"sentiment": "negative", "confidence": {"negative": 99.97629, "positive": 0.0048059435, "neutral": 0.018906198}}, "sentences": [{"content": "\ub0b4\uac00 \uc88b\uc544\ud558\ub294 \uc77c\uc744 \ud574\uc57c \ud560\uc9c0 \ubd80\ubaa8\ub2d8\uc774 \uc6d0\ud558\ub294 \uc77c\uc744 \ud574\uc57c \ud560\uc9c0 \uc54c \uc218 \uc5c6\uc5b4\uc11c \ud63c\ub780\uc2a4\ub7ec\uc6cc.", "offset": 0, "length": 49, "sentiment": "negative", "confidence": {"negative": 0.99857736, "positive": 0.00028835662, "neutral": 0.001134372}, "highlights": [{"offset": 17, "length": 31}]}]}