{"document": {"sentiment": "negative", "confidence": {"negative": 99.984726, "positive": 0.0053128935, "neutral": 0.009957621}}, "sentences": [{"content": "\ub0b4\uac00 \uac10\uae30\uc5d0 \uac78\ub838\ub294\ub370 \ub0a8\ud3b8\uc774 \uc804\ud600 \uc2e0\uacbd\uc744 \uc4f0\uc9c0 \uc54a\uc544\uc11c \uc0c1\ucc98\ubc1b\uc558\uc5b4.", "offset": 0, "length": 36, "sentiment": "negative", "confidence": {"negative": 0.99908376, "positive": 0.00031877361, "neutral": 0.0005974572}, "highlights": [{"offset": 19, "length": 16}]}]}