{"document": {"sentiment": "negative", "confidence": {"negative": 99.98471, "positive": 0.0047187875, "neutral": 0.010569975}}, "sentences": [{"content": "\uc720\uce58\uc6d0 \ub2e4\ub2c8\ub294 \ub3d9\uc0dd\uc774\ub791 \ub300\ud654\ud558\ub294 \uac8c \uc5b4\ub824\uc6cc.", "offset": 0, "length": 24, "sentiment": "negative", "confidence": {"negative": 0.9990827, "positive": 0.00028312724, "neutral": 0.0006341985}, "highlights": [{"offset": 0, "length": 23}]}]}