{"document": {"sentiment": "neutral", "confidence": {"negative": 0.0104993945, "positive": 0.117318764, "neutral": 99.872185}}, "sentences": [{"content": "\uc640\uc774\ud504\uac00 \uac11\uc790\uae30 \uba85\ud488 \ud578\ub4dc\ubc31\uc744 \uc0ac \ub2ec\ub77c\ub294 \uac70\uc57c.", "offset": 0, "length": 26, "sentiment": "neutral", "confidence": {"negative": 0.00010499394, "positive": 0.0011731876, "neutral": 0.9987218}, "highlights": [{"offset": 9, "length": 16}]}]}