{"document": {"sentiment": "positive", "confidence": {"negative": 1.5213953, "positive": 98.12128, "neutral": 0.35732552}}, "sentences": [{"content": "\uc624\ub298 \uc2e0\uccb4\ub098\uc774 \uac80\uc0ac\ub97c \ud588\ub294\ub370 \ub098\uc774\ubcf4\ub2e4 \uc5f4 \uc0b4\uc774\ub098 \uc5b4\ub9ac\uac8c \ub098\uc640\uc11c \uc815\ub9d0 \uc2e0\ub098!", "offset": 0, "length": 41, "sentiment": "positive", "confidence": {"negative": 0.091283716, "positive": 0.88727677, "neutral": 0.021439532}, "highlights": [{"offset": 16, "length": 24}]}]}