{"document": {"sentiment": "negative", "confidence": {"negative": 99.586815, "positive": 0.008198803, "neutral": 0.4049849}}, "sentences": [{"content": "\ud559\uc6d0\uc5d0\uc11c \uc120\uc0dd\ub2d8\uc774\ub791 \uc2f8\uc6b0\uace0 \uc120\uc0dd\ub2d8\uc774 \ub108\ubb34 \ubbf8\uc6cc\uc11c \uadf8\ub0e5 \ub2e4\ub978 \ud559\uc6d0\uc5d0 \ub4f1\ub85d\ud588\uc5b4.", "offset": 0, "length": 42, "sentiment": "negative", "confidence": {"negative": 0.97520906, "positive": 0.0004919282, "neutral": 0.024299094}, "highlights": [{"offset": 33, "length": 8}]}]}