{"document": {"sentiment": "negative", "confidence": {"negative": 99.194466, "positive": 0.013577056, "neutral": 0.79195744}}, "sentences": [{"content": "\uc694\uc998 \uccad\ub144 \uc2e4\uc5c5\ub960\uc774 \ub108\ubb34 \uc2ec\uac01\ud55c \uac70 \uac19\uc544.", "offset": 0, "length": 23, "sentiment": "negative", "confidence": {"negative": 0.9991357, "positive": 0.00049336726, "neutral": 0.00037103522}, "highlights": [{"offset": 0, "length": 22}]}, {"content": " \ucde8\uc5c5\ud574\uc57c \ud558\ub294\ub370 \uae30\uc5c5\ub4e4\uc774 \ucc44\uc6a9\uc744 \ub9ce\uc774 \ud558\uc9c0\ub97c \uc54a\uc544.", "offset": 23, "length": 29, "sentiment": "negative", "confidence": {"negative": 0.9042003, "positive": 0.0011358795, "neutral": 0.09466386}, "highlights": [{"offset": 10, "length": 18}]}]}