{"document": {"sentiment": "negative", "confidence": {"negative": 99.92822, "positive": 0.0027833558, "neutral": 0.06899698}}, "sentences": [{"content": "\uacf5\ubd80\ub97c \uadf8\ub807\uac8c \ud558\uace0 \uc788\ub294\ub370 \uc65c \uc131\uc801\uc774 \uc548 \ub098\uc624\ub0d0\uace0.", "offset": 0, "length": 28, "sentiment": "negative", "confidence": {"negative": 0.99569315, "positive": 0.00016700134, "neutral": 0.0041398187}, "highlights": [{"offset": 15, "length": 12}]}]}