{"document": {"sentiment": "negative", "confidence": {"negative": 99.23492, "positive": 0.00992529, "neutral": 0.7551559}}, "sentences": [{"content": "\uc624\ub298 \uba74\uc811\uc2dc\ud5d8\uc774 \uc788\ub294 \ub0a0\uc778\ub370 \uc54c\ub78c\uc2dc\uacc4\uac00 \uace0\uc7a5\uc774 \ub098\uc11c \uc544\uce68\uc5d0 \ub2a6\uc7a0 \uc790\ubc84\ub838\uc5b4.", "offset": 0, "length": 41, "sentiment": "negative", "confidence": {"negative": 0.95409507, "positive": 0.0005955174, "neutral": 0.045309354}, "highlights": [{"offset": 29, "length": 11}]}]}