{"document": {"sentiment": "negative", "confidence": {"negative": 99.9632, "positive": 0.006594983, "neutral": 0.03020473}}, "sentences": [{"content": "\ud639\uc2dc\ub098 \uc120\uc0dd\ub2d8\uc774 \uac54\ub97c \ud06c\uac8c \ud63c\ub0b4\uc9c0 \uc54a\uc73c\uc2dc\uba74 \ub2e4\uc2dc \uadf8 \uc560\uac00 \ub098\ub97c \uad34\ub86d\ud790\uae4c \ub450\ub824\uc6cc.", "offset": 0, "length": 44, "sentiment": "negative", "confidence": {"negative": 0.997792, "positive": 0.00039569897, "neutral": 0.0018122838}, "highlights": [{"offset": 27, "length": 16}]}]}