{"document": {"sentiment": "negative", "confidence": {"negative": 99.9722, "positive": 0.0027918955, "neutral": 0.02500858}}, "sentences": [{"content": "\uc544\ube60\uac00 \ub300\ud559\uc744 \uc548 \uac08 \uac70\uba74 \uadf8\ub0e5 \uc2dc\uc9d1\uc774\ub098 \uac00\ub77c\ud588\uc5b4.", "offset": 0, "length": 28, "sentiment": "negative", "confidence": {"negative": 0.99833196, "positive": 0.00016751373, "neutral": 0.0015005148}, "highlights": [{"offset": 18, "length": 9}]}]}