{"document": {"sentiment": "negative", "confidence": {"negative": 99.972244, "positive": 0.006946931, "neutral": 0.020806963}}, "sentences": [{"content": "\ub0b4\uac00 \uc7a5\ub09c\uc73c\ub85c \ud55c \ub9d0\uc744 \uc9c4\uc2ec\uc73c\ub85c \ubc1b\uc544\ub4e4\uc774\ub294 \uc560\uc778\uc5d0\uac8c \ub108\ubb34 \uc11c\uc6b4\ud588\uc5b4.", "offset": 0, "length": 37, "sentiment": "negative", "confidence": {"negative": 0.9983348, "positive": 0.00041681586, "neutral": 0.0012484178}, "highlights": [{"offset": 10, "length": 26}]}]}