{"document": {"sentiment": "negative", "confidence": {"negative": 99.999084, "positive": 0.00054181763, "neutral": 0.00037614672}}, "sentences": [{"content": "\uc138\uc6d4\uc774 \ud750\ub974\ub2c8 \ub299\uace0 \uc544\ud508 \ub0b4 \ubaa8\uc2b5\ub9cc \ub0a8\ub294 \uac83 \uac19\uc544\uc11c \ub9e4\uc6b0 \uc6b0\uc6b8\ud574.", "offset": 0, "length": 36, "sentiment": "negative", "confidence": {"negative": 0.9999449, "positive": 3.250906e-05, "neutral": 2.2568804e-05}, "highlights": [{"offset": 11, "length": 24}]}]}