{"document": {"sentiment": "negative", "confidence": {"negative": 99.99389, "positive": 0.0021231603, "neutral": 0.003987343}}, "sentences": [{"content": "\ud611\ub825\uc5c5\uccb4\uc5d0\uc11c \ub0a9\ud488\uae30\ud55c\uc744 \ub108\ubb34 \uc9c0\ud0a4\uc9c0 \uc54a\uc544.", "offset": 0, "length": 23, "sentiment": "negative", "confidence": {"negative": 0.9996333, "positive": 0.00012738962, "neutral": 0.00023924059}, "highlights": [{"offset": 0, "length": 22}]}]}