{"document": {"sentiment": "negative", "confidence": {"negative": 99.97075, "positive": 0.0052727032, "neutral": 0.02398159}}, "sentences": [{"content": "\ud68c\uc0ac\uc5d0\uc11c \ub098\uc758 \uc81c\uc548\uc11c\uac00 \uc790\uafb8 \ub5a8\uc5b4\uc838\uc11c \ub108\ubb34 \ube44\ucc38\ud55c \uae30\ubd84\uc774 \ub4e4\uc5b4.", "offset": 0, "length": 35, "sentiment": "negative", "confidence": {"negative": 0.9990533, "positive": 0.00040723523, "neutral": 0.0005395155}, "highlights": [{"offset": 0, "length": 34}]}, {"content": " \uc774\ubc88\uc774 \uc5f4 \ubc88\uc9f8 \ud0c8\ub77d\uc774\uc57c.", "offset": 35, "length": 15, "sentiment": "negative", "confidence": {"negative": 0.99743634, "positive": 0.00022548916, "neutral": 0.0023382753}, "highlights": [{"offset": 1, "length": 13}]}]}