{"document": {"sentiment": "negative", "confidence": {"negative": 99.97569, "positive": 0.0096291145, "neutral": 0.0146812415}}, "sentences": [{"content": "\uc694\uc998 \ubab8\uc774 \uc608\uc804 \uac19\uc9c0 \uc54a\uc544.", "offset": 0, "length": 15, "sentiment": "negative", "confidence": {"negative": 0.9980599, "positive": 0.00067261927, "neutral": 0.0012674558}, "highlights": [{"offset": 0, "length": 14}]}, {"content": " \uac74\uac15\uc774 \uc548 \uc88b\uc544 \uc9c0\ub294 \uac8c \ub290\uaef4\uc9c0\uc9c0\ub9cc \ubc1b\uc544\ub4e4\uc774\uae30\uac00 \ud798\ub4e4\uc5b4.", "offset": 15, "length": 32, "sentiment": "negative", "confidence": {"negative": 0.99902284, "positive": 0.00048287452, "neutral": 0.0004942932}, "highlights": [{"offset": 21, "length": 10}]}]}