{"document": {"sentiment": "negative", "confidence": {"negative": 99.973045, "positive": 0.0055541974, "neutral": 0.021401692}}, "sentences": [{"content": "\uac00\ud574\uc790\ub4e4\uc5d0\uac8c \uc798\ubabb\ud55c \uac8c \uc5c6\uc5b4\ub3c4 \ub098\ub294 \ub9e4\ubc88 \uc0ac\uacfc\ud558\uac8c \ub418\uc5b4\uc11c \uc2a4\ud2b8\ub808\uc2a4\ubc1b\uc544.", "offset": 0, "length": 39, "sentiment": "negative", "confidence": {"negative": 0.9983827, "positive": 0.00033325184, "neutral": 0.0012841015}, "highlights": [{"offset": 23, "length": 9}]}]}