{"document": {"sentiment": "negative", "confidence": {"negative": 99.99626, "positive": 0.0015356538, "neutral": 0.0022006668}}, "sentences": [{"content": "\uc800\ub141 \uc900\ube44 \uc5f4\uc2ec\ud788 \ud588\ub294\ub370 \ubc18\ucc2c \ud22c\uc815\ud558\ub294 \ub0a8\ud3b8\uc774 \uc9dc\uc99d\uc774 \ub098.", "offset": 0, "length": 32, "sentiment": "negative", "confidence": {"negative": 0.9997758, "positive": 9.213923e-05, "neutral": 0.00013204}, "highlights": [{"offset": 14, "length": 17}]}]}