{"document": {"sentiment": "negative", "confidence": {"negative": 99.982635, "positive": 0.00197199, "neutral": 0.015390241}}, "sentences": [{"content": "\uac00\ub054\uc529 \ub0a8\uc790 \uce5c\uad6c\uac00 \uacf5\uacf5\uc7a5\uc18c\uc5d0\uc11c \uc560\uc815 \ud45c\ud604\uc744 \ud558\ub294\ub370 \uadf8\ub7f4 \ub54c\ub9c8\ub2e4 \uc870\uae08 \ub09c\ucc98\ud574.", "offset": 0, "length": 43, "sentiment": "negative", "confidence": {"negative": 0.99895823, "positive": 0.0001183194, "neutral": 0.0009234144}, "highlights": [{"offset": 36, "length": 6}]}]}