{"document": {"sentiment": "negative", "confidence": {"negative": 99.98858, "positive": 0.0037054578, "neutral": 0.0077173533}}, "sentences": [{"content": "\ub9c8\uc74c\uc774 \uc548 \ub0b4\ucf1c\uc11c \uc18c\uac1c\ud305\uc744 \uac70\uc808\ud588\ub294\ub370 \uc8fc\uc120\uc790\uc778 \uc9c0\uc778\uc774 \ub9d8\uc5d0 \uc548 \ub4dc\ub098 \ubd10.", "offset": 0, "length": 40, "sentiment": "negative", "confidence": {"negative": 0.99933404, "positive": 0.00016552345, "neutral": 0.00050042523}, "highlights": [{"offset": 26, "length": 13}]}, {"content": " \uc5b4\uc774\uc5c6\uc5b4.", "offset": 40, "length": 6, "sentiment": "negative", "confidence": {"negative": 0.99929523, "positive": 0.0002791315, "neutral": 0.00042565717}, "highlights": [{"offset": 1, "length": 4}]}]}