{"document": {"sentiment": "negative", "confidence": {"negative": 99.96665, "positive": 0.0071326834, "neutral": 0.026215725}}, "sentences": [{"content": "\uc740\ud1f4\ud558\uace0 \ub178\ud6c4\uc900\ube44\ub97c \ud558\ub824\uace0 \ud588\ub354\ub2c8 \uc774\uc81c\uaecf \uc5f4\uc2ec\ud788 \ud55c \uac70\uc5d0 \ube44\ud574 \ubaa8\uc778 \ub3c8\uc774 \uc5bc\ub9c8 \uc5c6\uc5b4.", "offset": 0, "length": 47, "sentiment": "negative", "confidence": {"negative": 0.99799913, "positive": 0.000427961, "neutral": 0.0015729435}, "highlights": [{"offset": 0, "length": 46}]}]}