{"document": {"sentiment": "positive", "confidence": {"negative": 0.024106879, "positive": 99.966324, "neutral": 0.009572426}}, "sentences": [{"content": "\ub0b4\uac00 \uc9c0\uae08 \ud798\ub4e0 \uc0c1\ud669\uc778\ub370 \uc8fc\ubcc0\uc5d0\uc11c \ub9ce\uc740 \uc704\ub85c\uc640 \uaca9\ub824\uac00 \ub418\uc5b4\uc8fc\uace0 \uc788\uc5b4.", "offset": 0, "length": 38, "sentiment": "positive", "confidence": {"negative": 0.0014464128, "positive": 0.9979792, "neutral": 0.0005743455}, "highlights": [{"offset": 14, "length": 18}]}]}