{"document": {"sentiment": "negative", "confidence": {"negative": 75.01191, "positive": 0.041737106, "neutral": 24.94635}}, "sentences": [{"content": "\ud559\uc5c5\uc744 \uc9c0\uc18d\ud558\uace0 \uc2f6\uc5b4\uc11c \ub300\ud559\uc6d0 \uc9c4\ud559\uc744 \uafc8\uafe8\uc5b4.", "offset": 0, "length": 25, "sentiment": "neutral", "confidence": {"negative": 0.00059136475, "positive": 0.0027274187, "neutral": 0.9966813}, "highlights": [{"offset": 0, "length": 13}]}, {"content": " \ud558\uc9c0\ub9cc \ud559\ube44\ub97c \ub9c8\ub828\ud558\uae30 \ud798\ub4e4\uc5b4\uc11c \uafc8\uc744 \uc811\uace0 \ub9d0\uc558\uc5b4.", "offset": 25, "length": 29, "sentiment": "negative", "confidence": {"negative": 0.9998852, "positive": 2.6112133e-05, "neutral": 8.868575e-05}, "highlights": [{"offset": 19, "length": 9}]}, {"content": " \ub0b4\uac00 \uac00\uc7a5\uc774\ub77c \uc77c\uc744 \ud574\uc57c \ud558\uac70\ub4e0.", "offset": 54, "length": 19, "sentiment": "neutral", "confidence": {"negative": 0.00047651798, "positive": 0.0005854375, "neutral": 0.998938}, "highlights": [{"offset": 1, "length": 17}]}]}