{"document": {"sentiment": "positive", "confidence": {"negative": 0.032110162, "positive": 99.96208, "neutral": 0.005807604}}, "sentences": [{"content": "\uc5b8\uc81c\ub098 \ub0b4 \uacc1\uc5d0 \uc788\uc744 \uce5c\uad6c\ub4e4\uacfc \ud568\uaed8 \ud559\uad50\uc0dd\ud65c\uc744 \ud558\ub2c8\uae4c \ub108\ubb34 \ub4e0\ub4e0\ud574.", "offset": 0, "length": 37, "sentiment": "positive", "confidence": {"negative": 0.0019266097, "positive": 0.99772495, "neutral": 0.00034845626}, "highlights": [{"offset": 4, "length": 32}]}]}