{"document": {"sentiment": "neutral", "confidence": {"negative": 0.6584869, "positive": 0.09880866, "neutral": 99.24271}}, "sentences": [{"content": "\ub098\ub294 \uc120\uc0dd\ub2d8\uaed8 \uc798 \ubcf4\uc774\uace0 \uc2f6\uc5b4\uc11c \uc544\ub294 \ubb38\uc81c\uc778\ub370\ub3c4 \uc9c8\ubb38\uc744 \ud574.", "offset": 0, "length": 33, "sentiment": "neutral", "confidence": {"negative": 0.0065848697, "positive": 0.0009880867, "neutral": 0.9924271}, "highlights": [{"offset": 18, "length": 14}]}]}