{"document": {"sentiment": "negative", "confidence": {"negative": 99.93465, "positive": 0.0032232075, "neutral": 0.06213382}}, "sentences": [{"content": "\uacf5\ubb34\uc6d0 \uc2dc\ud5d8 \uc900\ube44 \uc911\uc778\ub370 \uc5c4\ub9c8\uac00 \ub354 \uc774\uc0c1 \uc9c0\uc6d0\ud574\uc904 \uc218 \uc5c6\ub2e4\uace0 \ud558\uc154.", "offset": 0, "length": 37, "sentiment": "negative", "confidence": {"negative": 0.99607855, "positive": 0.00019339245, "neutral": 0.003728029}, "highlights": [{"offset": 14, "length": 22}]}]}