{"document": {"sentiment": "negative", "confidence": {"negative": 99.967865, "positive": 0.0065415576, "neutral": 0.02559419}}, "sentences": [{"content": "\uc694\uc998 \ub098\uc774\uac00 \ub9ce\ub2e4\ub294 \uc774\uc720\ub85c \uc9c1\uc7a5\uc5d0\uc11c \ubb34\uc2dc\ub97c \ubc1b\uace0 \uc544\ubb34\ub3c4 \ub098\ub97c \uc0c1\ub300\ud574\uc8fc\uc9c0 \uc54a\uc544.", "offset": 0, "length": 43, "sentiment": "negative", "confidence": {"negative": 0.9980718, "positive": 0.00039249344, "neutral": 0.0015356514}, "highlights": [{"offset": 0, "length": 27}]}]}