{"document": {"sentiment": "negative", "confidence": {"negative": 99.95305, "positive": 0.0062436033, "neutral": 0.040707823}}, "sentences": [{"content": "\uc2a4\ud130\ub514 \uce74\ud398\ub3c4 \ub3c4\uc11c\uad00\ub3c4 \uc804\ubd80 \ub2eb\uc544\uc11c \uac08 \uacf3\uc774 \uc5c6\ub124.", "offset": 0, "length": 28, "sentiment": "negative", "confidence": {"negative": 0.99718297, "positive": 0.0003746162, "neutral": 0.0024424694}, "highlights": [{"offset": 20, "length": 7}]}]}