{"document": {"sentiment": "negative", "confidence": {"negative": 99.97524, "positive": 0.010813766, "neutral": 0.01394321}}, "sentences": [{"content": "\uc0ac\ud68c\uc0dd\ud65c\uc744 \ud558\uba74\uc11c \uc608\uc804\uc5d0 \ub098\uc758 \ubaa8\uc2b5\uc740 \uc0ac\ub77c\uc9c0\ub294 \uac83 \uac19\uc544.", "offset": 0, "length": 31, "sentiment": "negative", "confidence": {"negative": 0.9985146, "positive": 0.00064882595, "neutral": 0.00083659263}, "highlights": [{"offset": 10, "length": 20}]}]}