{"document": {"sentiment": "negative", "confidence": {"negative": 99.98368, "positive": 0.0020358623, "neutral": 0.01428428}}, "sentences": [{"content": "\ub204\ub098\uac00 \uc0e4\uc6cc\ud558\uace0 \ub098\uc654\ub294\ub370 \uc54c\ubab8\uc778 \uc0c1\ud0dc\ub85c \ub098\uc640 \ub9c8\uc8fc\ucce4\uc5b4.", "offset": 0, "length": 30, "sentiment": "negative", "confidence": {"negative": 0.9990207, "positive": 0.00012215173, "neutral": 0.0008570568}, "highlights": [{"offset": 14, "length": 15}]}]}