{"document": {"sentiment": "positive", "confidence": {"negative": 0.03987744, "positive": 99.91313, "neutral": 0.04699179}}, "sentences": [{"content": "\ud559\uad50\uc5d0\uc11c \ub530\ub3cc\ub9bc \uad50\uc721\uc744 \ud588\ub294\ub370 \ub2f9\ud55c \uc560\ub4e4 \uc190\ub4e4\ub77c\uace0 \ud560 \ub54c \ub098\ub294 \ub2f9\ud558\uc9c0 \uc54a\uc544\uc11c \ud3b8\uc548\ud588\uc5b4.", "offset": 0, "length": 48, "sentiment": "positive", "confidence": {"negative": 0.0023926464, "positive": 0.9947878, "neutral": 0.0028195074}, "highlights": [{"offset": 32, "length": 15}]}]}