{"document": {"sentiment": "negative", "confidence": {"negative": 99.90743, "positive": 0.0042777234, "neutral": 0.08828992}}, "sentences": [{"content": "\ud559\uad50\uc5d0\uc11c \ub098\ub97c \uad34\ub86d\ud788\ub358 \uce5c\uad6c\uac00 \uc624\ub298\uc740 \uac11\uc790\uae30 \uc0ac\uacfc\ud558\ub354\ub77c\uace0.", "offset": 0, "length": 32, "sentiment": "negative", "confidence": {"negative": 0.9944459, "positive": 0.0002566634, "neutral": 0.005297395}, "highlights": [{"offset": 13, "length": 18}]}]}