{"document": {"sentiment": "negative", "confidence": {"negative": 99.843864, "positive": 0.01003875, "neutral": 0.14609694}}, "sentences": [{"content": "\ub0a8\uc790\uce5c\uad6c\uac00 \uc788\ub294\ub370 \uc5f0\uc560\ub294 \ud560\uc218\ub85d \uc5b4\ub835\ub2e4\ub294 \ub9d0\uc774 \ub9de\ub294 \uac83 \uac19\uc544.", "offset": 0, "length": 34, "sentiment": "negative", "confidence": {"negative": 0.99063194, "positive": 0.000602325, "neutral": 0.008765817}, "highlights": [{"offset": 10, "length": 23}]}]}