{"document": {"sentiment": "neutral", "confidence": {"negative": 0.027386528, "positive": 0.039831735, "neutral": 99.932785}}, "sentences": [{"content": "\ubd80\ubaa8\ub2d8\uaed8\uc11c \ud3c9\uc0dd \uc758\ub300\ub97c \uace0\uc9d1\ud558\uc168\ub294\ub370 \uac11\uc791\uc2a4\ub7fd\uac8c \ud558\uace0 \uc2f6\uc740 \uc77c\uc744 \ud558\ub77c\uace0 \ud5c8\ub77d\ud574 \uc8fc\uc168\uc5b4.", "offset": 0, "length": 47, "sentiment": "neutral", "confidence": {"negative": 0.00027386527, "positive": 0.00039831732, "neutral": 0.9993278}, "highlights": [{"offset": 39, "length": 7}]}]}