{"document": {"sentiment": "negative", "confidence": {"negative": 99.96234, "positive": 0.0047042095, "neutral": 0.032952808}}, "sentences": [{"content": "\uc5b4\uc81c \ud68c\uc2dd\ud558\ub2e4\uac00 \uc606\uc5d0 \uc549\uc558\ub358 \ud300\uc7a5 \ub9e5\uc8fc\ub97c \ub0b4 \uc794\uc778 \uc904 \uc54c\uace0 \ub9c8\uc168\uc5b4.", "offset": 0, "length": 37, "sentiment": "negative", "confidence": {"negative": 0.9968753, "positive": 0.0002591121, "neutral": 0.0028656828}, "highlights": [{"offset": 16, "length": 17}]}, {"content": " \ud300\uc7a5\ub3c4 \ub098\ub3c4 \ub2f9\ud669\ud588\uc5b4.", "offset": 37, "length": 13, "sentiment": "negative", "confidence": {"negative": 0.998606, "positive": 0.00030539304, "neutral": 0.0010886544}, "highlights": [{"offset": 1, "length": 11}]}]}