{"document": {"sentiment": "negative", "confidence": {"negative": 99.89735, "positive": 0.043661878, "neutral": 0.05899179}}, "sentences": [{"content": "\ub098\ub3c4 \uc798\ud560 \uc218 \uc788\ub294\ub370 \uc544\ubb34 \ub9d0 \uc5c6\uc774 \ub098\ub9cc \ud300\uc5d0\uc11c \ube60\uc84c\uc5b4.", "offset": 0, "length": 31, "sentiment": "negative", "confidence": {"negative": 0.9938407, "positive": 0.0026197126, "neutral": 0.0035395073}, "highlights": [{"offset": 12, "length": 18}]}]}