{"document": {"sentiment": "negative", "confidence": {"negative": 85.691666, "positive": 0.0063266433, "neutral": 14.302005}}, "sentences": [{"content": "\uc6b0\ub9ac \ubc18 \uc560\ub4e4\uc774 \uc18c\uc704 \ub530\ub3cc\ub9bc \ub180\uc774\ub77c\uace0 \ubd80\ub974\ub294 \ub180\uc774\ub97c \ud558\uae30 \uc2dc\uc791\ud588\uc5b4.", "offset": 0, "length": 37, "sentiment": "neutral", "confidence": {"negative": 0.00026926983, "positive": 0.000130603, "neutral": 0.9996001}, "highlights": [{"offset": 0, "length": 36}]}, {"content": " \uce5c\uad6c\ub4e4\uc744 \ub3cc\uc544\uac00\uba70 \ub530\ub3cc\ub9ac\ub294 \ub180\uc774\uc57c.", "offset": 37, "length": 20, "sentiment": "negative", "confidence": {"negative": 0.9981475, "positive": 0.000312262, "neutral": 0.0015402472}, "highlights": [{"offset": 1, "length": 18}]}]}