{"document": {"sentiment": "negative", "confidence": {"negative": 99.975746, "positive": 0.0062499414, "neutral": 0.018007368}}, "sentences": [{"content": "\ub0b4 \uc5f0\uc560\ub97c \uc2dc\uae30\ud558\ub294 \uc545\uc758\uc801\uc778 \uc138\ub825\uc774 \uc788\uc5b4.", "offset": 0, "length": 23, "sentiment": "negative", "confidence": {"negative": 0.9985446, "positive": 0.00037499648, "neutral": 0.0010804421}, "highlights": [{"offset": 0, "length": 22}]}]}