{"document": {"sentiment": "neutral", "confidence": {"negative": 0.46562937, "positive": 0.033990636, "neutral": 99.50038}}, "sentences": [{"content": "\uc0ac\ub0b4 \uc815\uce58\uc5d0 \uc5f0\uad00\ub418\uace0 \uc2f6\uc9c0 \uc54a\uc544\uc11c \uc870\uc2ec\uc2a4\ub7fd\uac8c \uc120\uc744 \uc720\uc9c0\ud558\uace0 \uc788\uc5b4.", "offset": 0, "length": 36, "sentiment": "neutral", "confidence": {"negative": 0.0046562934, "positive": 0.00033990634, "neutral": 0.99500376}, "highlights": [{"offset": 0, "length": 19}]}]}