{"document": {"sentiment": "negative", "confidence": {"negative": 99.92098, "positive": 0.006765196, "neutral": 0.07224981}}, "sentences": [{"content": "\ub0b4\uac00 \ud654\uc7a5\uc744 \uc9c4\ud558\uac8c \ud558\ub294\ub370 \ud654\uc7a5\uc744 \ud559\uad50\uc5d0 \ud558\uace0 \uac00\uc9c0 \uc54a\uc73c\uba74 \ub108\ubb34 \ubd88\uc548\ud574.", "offset": 0, "length": 40, "sentiment": "negative", "confidence": {"negative": 0.9952591, "positive": 0.00040591176, "neutral": 0.0043349885}, "highlights": [{"offset": 15, "length": 24}]}]}