{"document": {"sentiment": "negative", "confidence": {"negative": 99.98673, "positive": 0.004970815, "neutral": 0.008293235}}, "sentences": [{"content": "\ud559\uad50\uc5d0 \uac00\uba74 \ub9e4\uc77c \ud559\uae09 \ub0b4 \ub530\ub3cc\ub9bc\uc744 \ubcf4\uac8c \ub418\uc5b4\uc11c \ub098\ub294 \ud654\uac00\ub098.", "offset": 0, "length": 34, "sentiment": "negative", "confidence": {"negative": 0.9992042, "positive": 0.0002982489, "neutral": 0.00049759407}, "highlights": [{"offset": 27, "length": 6}]}]}