{"document": {"sentiment": "negative", "confidence": {"negative": 99.97336, "positive": 0.009516914, "neutral": 0.01712219}}, "sentences": [{"content": "\ub098\ub791 \uc798 \ub9de\uc9c0 \uc54a\ub294 \uc0ac\ub78c\uc744 \ub9cc\ub098\ub294 \uac83\uc740 \ud798\ub4e0 \uc77c\uc774\uc57c.", "offset": 0, "length": 29, "sentiment": "negative", "confidence": {"negative": 0.9984016, "positive": 0.0005710149, "neutral": 0.0010273315}, "highlights": [{"offset": 8, "length": 20}]}]}