{"document": {"sentiment": "positive", "confidence": {"negative": 0.02598604, "positive": 99.96397, "neutral": 0.010050118}}, "sentences": [{"content": "\uacbd\uc81c\uc801\uc73c\ub85c \uc5ec\uc720\uac00 \uc788\uc5b4\uc11c \uc5b8\uc81c\ub4e0\uc9c0 \uc740\ud1f4\ud560 \uc218 \uc788\uc5b4 \ub2e4\ud589\uc774\uc57c.", "offset": 0, "length": 33, "sentiment": "positive", "confidence": {"negative": 0.0015591624, "positive": 0.99783784, "neutral": 0.0006030071}, "highlights": [{"offset": 14, "length": 14}]}]}