{"document": {"sentiment": "negative", "confidence": {"negative": 99.98308, "positive": 0.006346789, "neutral": 0.010576988}}, "sentences": [{"content": "\uc9c1\uc7a5\uc5d0\uc11c \uc800\ubcf4\ub2e4 \uc77c\ub3c4 \ubabb \ud558\uace0 \ub2a5\ub825\ub3c4 \uc548 \ub418\ub294 \uc0ac\ub78c\uc774 \uce6d\ucc2c\uc744 \ubc1b\uc744 \ub54c \uc790\uad34\uac10\uacfc \uc5f4\ub4f1\uac10\uc774 \ub4e4\uc5b4.", "offset": 0, "length": 52, "sentiment": "negative", "confidence": {"negative": 0.9989845, "positive": 0.00038080735, "neutral": 0.00063461927}, "highlights": [{"offset": 39, "length": 12}]}]}