{"document": {"sentiment": "neutral", "confidence": {"negative": 0.08536862, "positive": 0.0604173, "neutral": 99.85422}}, "sentences": [{"content": "\uc5b4\uc81c \uc815\uae30 \uac80\uc9c4\uc5d0 \uace0\ud608\uc555 \ucd08\uae30 \uc9c4\ub2e8\uc744 \ubc1b\uc558\uc5b4.", "offset": 0, "length": 25, "sentiment": "neutral", "confidence": {"negative": 0.00032123417, "positive": 0.00095918035, "neutral": 0.9987196}, "highlights": [{"offset": 0, "length": 24}]}, {"content": " \uc758\uc0ac\ub294 \uba87 \uac1c\uc6d4 \uc9c0\ucf1c\ubcf4\uace0 \uace0\ud608\uc555\uc57d\uc744 \ucc98\ubc29\ud560\uc9c0 \uacb0\uc815\ud558\uc790\uace0 \ud558\ub124!", "offset": 25, "length": 35, "sentiment": "neutral", "confidence": {"negative": 0.0013861381, "positive": 0.00024916555, "neutral": 0.9983646}, "highlights": [{"offset": 15, "length": 17}]}]}