{"document": {"sentiment": "negative", "confidence": {"negative": 99.97324, "positive": 0.0073891957, "neutral": 0.019364707}}, "sentences": [{"content": "\uc5f0\uc560 \uae30\uac04\uc774 \uae38\uc5b4\uc9c0\ub2c8\uae4c \ubd80\ubaa8\ub2d8\uc774 \uacb0\ud63c\ud558\ub77c\uace0 \uc7ac\ucd09\ud574\uc11c \ub108\ubb34 \uc2a4\ud2b8\ub808\uc2a4\ubc1b\uc544.", "offset": 0, "length": 39, "sentiment": "negative", "confidence": {"negative": 0.9983948, "positive": 0.00044335175, "neutral": 0.0011618824}, "highlights": [{"offset": 13, "length": 25}]}]}