{"document": {"sentiment": "negative", "confidence": {"negative": 99.98856, "positive": 0.005370254, "neutral": 0.0060674297}}, "sentences": [{"content": "\uac19\uc740 \ubc18 \uc560\ub4e4\uc774 \ub0a0 \ubc00\uce58\uace0 \ub180\ub824\uc11c \ud654\ub098\uace0 \uc9dc\uc99d\ub098.", "offset": 0, "length": 27, "sentiment": "negative", "confidence": {"negative": 0.9993137, "positive": 0.00032221526, "neutral": 0.0003640458}, "highlights": [{"offset": 0, "length": 26}]}]}