{"document": {"sentiment": "neutral", "confidence": {"negative": 0.60756063, "positive": 0.034931272, "neutral": 99.357506}}, "sentences": [{"content": "\ub0b4 \uc758\uacac \uc5c6\uc774 \uc6b4\ub3d9\uc744 \ub9e4\uc77c \ud558\ub77c\ub294 \uc758\uc0ac \ub9d0\uc744 \ub530\ub974\ub294 \uac8c \ub9de\ub294 \uac78\uae4c?", "offset": 0, "length": 37, "sentiment": "neutral", "confidence": {"negative": 0.0060756067, "positive": 0.00034931276, "neutral": 0.99357516}, "highlights": [{"offset": 0, "length": 36}]}]}