{"document": {"sentiment": "negative", "confidence": {"negative": 99.976425, "positive": 0.007614476, "neutral": 0.015961733}}, "sentences": [{"content": "\uc5bc\ub9c8 \uc804\ubd80\ud130 \uc6b4\uc804\uc744 \ud560 \ub54c\ub9c8\ub2e4 \uac11\uc790\uae30 \uc2ec\uc7a5\uc774 \uc870\uc5ec\uc624\ub294 \uac83 \uac19\uace0 \uc228\uc744 \uc26c\uae30\uac00 \ud798\ub4e0 \uc99d\uc0c1\uc774 \ub098\ud0c0\ub098\uc11c \uac71\uc815\uc774\uc57c.", "offset": 0, "length": 59, "sentiment": "negative", "confidence": {"negative": 0.99858546, "positive": 0.00045686858, "neutral": 0.0009577039}, "highlights": [{"offset": 42, "length": 16}]}]}