{"document": {"sentiment": "negative", "confidence": {"negative": 99.99921, "positive": 0.00023295682, "neutral": 0.0005630283}}, "sentences": [{"content": "\uce5c\uad6c\ub4e4\uc774 \ubb3c\uc5b4\ubcf4\ub294 \uac70\uc5d0 \ub2e4 \ub300\ub2f5\ud574\uc92c\ub354\ub2c8 \uadf8 \ub4a4\ub85c\ub294 \ub098\ub97c \uc548 \ucc3e\uc544\uc11c \uc678\ub85c\uc6cc.", "offset": 0, "length": 41, "sentiment": "negative", "confidence": {"negative": 0.9999523, "positive": 1.3977409e-05, "neutral": 3.37817e-05}, "highlights": [{"offset": 13, "length": 27}]}]}