{"document": {"sentiment": "negative", "confidence": {"negative": 99.981544, "positive": 0.007200957, "neutral": 0.011258}}, "sentences": [{"content": "\ud559\uad50\uc5d0\uc11c \uce5c\uad6c\ub4e4\uc774 \uacc4\uc18d \ub098\ub97c \uc77c\ubd80\ub7ec \ud53c\ud574 \ub2e4\ub2c8\ub294\uac70 \uac19\uc544 \ub098\ub97c \ub530\ub3cc\ub9ac\ub294 \uac83 \uac19\uc544 \uc758\uc2ec\uc774\ub418.", "offset": 0, "length": 49, "sentiment": "negative", "confidence": {"negative": 0.9988925, "positive": 0.00043205742, "neutral": 0.00067548}, "highlights": [{"offset": 23, "length": 25}]}]}