{"document": {"sentiment": "negative", "confidence": {"negative": 99.97369, "positive": 0.009830374, "neutral": 0.016485067}}, "sentences": [{"content": "\uc694\uc998 \uac74\uac15\ub3c4 \uc548 \uc88b\uc740\ub370 \uc544\ub0b4 \ub54c\ubb38\uc5d0 \uc2a4\ud2b8\ub808\uc2a4\ub97c \ubb34\ucc99 \ubc1b\uace0 \uc788\uc5b4.", "offset": 0, "length": 35, "sentiment": "negative", "confidence": {"negative": 0.9984211, "positive": 0.0005898225, "neutral": 0.000989104}, "highlights": [{"offset": 13, "length": 19}]}]}