{"document": {"sentiment": "neutral", "confidence": {"negative": 0.0027255036, "positive": 0.0011118453, "neutral": 99.99616}}, "sentences": [{"content": "\uc6a9\ub3c8\uc774 \ud544\uc694\ud558\ub2e4\uace0 \ub9d0\ud588\ub354\ub2c8 \uc544\ube60\uac00 \uaf2c\uae43\uaf2c\uae43\ud55c \ub3c8\uc744 \uaebc\ub0b4 \uc8fc\uc168\uc5b4.", "offset": 0, "length": 35, "sentiment": "neutral", "confidence": {"negative": 2.7255037e-05, "positive": 1.1118453e-05, "neutral": 0.9999616}, "highlights": [{"offset": 25, "length": 9}]}]}