{"document": {"sentiment": "negative", "confidence": {"negative": 99.985725, "positive": 0.006148051, "neutral": 0.008129983}}, "sentences": [{"content": "\uc9c1\uc7a5 \uc0c1\uc0ac\uac00 \uae30\ubd84\uc774 \uc548 \uc88b\uc740 \ub0a0\uc740 \ub098\uc5d0\uac8c \uc0bf\ub300\uc9c8\uc744 \ud558\uba74\uc11c \ud654\ud480\uc774\ub97c \ud574\uc11c \uc9dc\uc99d\ub098.", "offset": 0, "length": 44, "sentiment": "negative", "confidence": {"negative": 0.99914336, "positive": 0.00036888308, "neutral": 0.00048779897}, "highlights": [{"offset": 32, "length": 11}]}]}