{"document": {"sentiment": "negative", "confidence": {"negative": 99.979126, "positive": 0.006345017, "neutral": 0.014529763}}, "sentences": [{"content": "\ub0a8\uc790 \uce5c\uad6c \ub54c\ubb38\uc5d0 \uc18d\uc0c1\ud574\uc11c \uc794\ub729 \ud234\ud234\ub300\uace0 \uc654\uc5b4.", "offset": 0, "length": 26, "sentiment": "negative", "confidence": {"negative": 0.99874747, "positive": 0.000380701, "neutral": 0.00087178574}, "highlights": [{"offset": 0, "length": 23}]}]}