{"document": {"sentiment": "negative", "confidence": {"negative": 99.98543, "positive": 0.0061176578, "neutral": 0.008451818}}, "sentences": [{"content": "\uc624\ub298 \ud559\uad50\uc5d0\uc11c \uce5c\uad6c\uac00 \ub9de\uc558\ub294\ub370 \ub098\ub294 \ubcf4\uace0\ub9cc \uc788\uc5c8\uc5b4. \ub0b4\uac00 \ub108\ubb34 \ud55c\uc2ec\ud574.", "offset": 0, "length": 39, "sentiment": "negative", "confidence": {"negative": 0.9991258, "positive": 0.00036705946, "neutral": 0.00050710904}, "highlights": [{"offset": 29, "length": 9}]}]}