{"document": {"sentiment": "negative", "confidence": {"negative": 99.980515, "positive": 0.0069998335, "neutral": 0.012486266}}, "sentences": [{"content": "\ub2e4\ub2c8\ub294 \ud68c\uc0ac\uc5d0\uc11c \uc740\ud1f4 \uc2dc\uae30\uac00 \ub2e4\uac00\uc624\ub294\ub370 \uc900\ube44\ud574 \ub193\uc740 \uac83\uc774 \uc5c6\uc5b4\uc11c \ub0b4 \uc778\uc0dd\uc5d0 \ub300\ud574 \ud68c\uc758\uac10\uc774 \ub4e4\uc5b4.", "offset": 0, "length": 53, "sentiment": "negative", "confidence": {"negative": 0.99883085, "positive": 0.00041999, "neutral": 0.00074917596}, "highlights": [{"offset": 36, "length": 16}]}]}