{"document": {"sentiment": "negative", "confidence": {"negative": 99.97892, "positive": 0.0075388337, "neutral": 0.013541227}}, "sentences": [{"content": "\uc544\ub974\ubc14\uc774\ud2b8\ub97c \ud558\uace0 \uc788\ub294\ub370 \uc77c\ubd80 \ub9c9\ub3fc\uba39\uc740 \uc190\ub2d8\ub4e4 \ub54c\ubb38\uc5d0 \ub108\ubb34 \uc2a4\ud2b8\ub808\uc2a4\ubc1b\uc544.", "offset": 0, "length": 40, "sentiment": "negative", "confidence": {"negative": 0.99873525, "positive": 0.00045233002, "neutral": 0.00081247365}, "highlights": [{"offset": 14, "length": 25}]}]}