{"document": {"sentiment": "negative", "confidence": {"negative": 99.980545, "positive": 0.009875929, "neutral": 0.0095780175}}, "sentences": [{"content": "\uacc4\uc57d\uc9c1\uc73c\ub85c \uc77c\ud558\ub2e4\uac00 \uc815\uaddc\uc9c1\uc774 \ub420 \uc904 \uc54c\uc558\ub294\ub370 \ud1f4\uc0ac \ub418\uc5b4 \ub108\ubb34 \ucc29\uc7a1\ud574.", "offset": 0, "length": 38, "sentiment": "negative", "confidence": {"negative": 0.99883276, "positive": 0.00059255573, "neutral": 0.00057468103}, "highlights": [{"offset": 25, "length": 12}]}]}