{"document": {"sentiment": "neutral", "confidence": {"negative": 19.320383, "positive": 0.22664943, "neutral": 80.452965}}, "sentences": [{"content": "\ub0b4\ub9d0\uc5d0 \uc18c\uac1c\ud305\uc774 \uc0c1\ub300\ubc29\uc774 \ud241\uba85\uc2a4\ub7fd\uac8c \ub300\ub2f5\ud558\uae38\ub798 \uadf8\ub0e5 \ub098\uc654\uc5b4.", "offset": 0, "length": 33, "sentiment": "neutral", "confidence": {"negative": 0.19320384, "positive": 0.0022664943, "neutral": 0.80452967}, "highlights": [{"offset": 0, "length": 32}]}]}