{"document": {"sentiment": "negative", "confidence": {"negative": 84.71343, "positive": 0.013224478, "neutral": 15.273339}}, "sentences": [{"content": "\uacb0\ud63c\ud55c \uc9c0 \uaf64 \ub410\ub294\ub370 \uc544\uc9c1 \uc544\uae30\uac00 \uc548 \uc0dd\uaca8\uc11c \uac71\uc815\uc774\uc57c.", "offset": 0, "length": 30, "sentiment": "negative", "confidence": {"negative": 0.92992127, "positive": 0.0009052637, "neutral": 0.069173455}, "highlights": [{"offset": 15, "length": 14}]}, {"content": " \ub098\ub791 \ub0a8\ud3b8\uc774\ub791 \ub098\uc774\ub3c4 \uc810\uc810 \ub4e4\uace0 \uc788\uace0.", "offset": 30, "length": 22, "sentiment": "neutral", "confidence": {"negative": 1.9213778e-05, "positive": 2.0449761e-05, "neutral": 0.9999603}, "highlights": [{"offset": 1, "length": 18}]}]}