{"document": {"sentiment": "negative", "confidence": {"negative": 99.97976, "positive": 0.0041051065, "neutral": 0.016135382}}, "sentences": [{"content": "\ud559\uad50 \uc218\uc5c5 \ubabb \ub530\ub77c\uac00\uc11c \uacfc\uc678\ubc1b\uc740 \uac74\ub370 \uc774\ub7f0 \ubd88\uc0c1\uc0ac\uac00 \uc77c\uc5b4\ub098\ub2e4\ub2c8.", "offset": 0, "length": 35, "sentiment": "negative", "confidence": {"negative": 0.99878556, "positive": 0.0002463064, "neutral": 0.0009681229}, "highlights": [{"offset": 21, "length": 13}]}]}