{"document": {"sentiment": "negative", "confidence": {"negative": 99.83021, "positive": 0.011383313, "neutral": 0.15840909}}, "sentences": [{"content": "\uc560\uc778\uc774 \uc720\ud559 \uac04 \uc9c0 \uc774 \ub144\uc9f8\uc57c.", "offset": 0, "length": 17, "sentiment": "negative", "confidence": {"negative": 0.98136926, "positive": 0.0005042258, "neutral": 0.018126572}, "highlights": [{"offset": 0, "length": 16}]}, {"content": " \uc804\ud654 \ud1b5\ud654\ub3c4 \ud558\ub8e8 \uc774\ud2c0\uc774\uc9c0 \ub208\uc5d0\uc11c \uba40\uc5b4\uc9c0\ub2c8 \ub9c8\uc74c\uc5d0\uc11c\ub3c4 \uba40\uc5b4\uc9c0\uace0 \uc678\ub85c\uc6cc.", "offset": 17, "length": 40, "sentiment": "negative", "confidence": {"negative": 0.99825567, "positive": 0.0008617717, "neutral": 0.00088251854}, "highlights": [{"offset": 16, "length": 23}]}]}