{"document": {"sentiment": "negative", "confidence": {"negative": 99.97843, "positive": 0.0059459675, "neutral": 0.015623278}}, "sentences": [{"content": "\uba74\uc811 \ud569\uaca9 \ubb38\uc790\uac00 \uc2dc\uc2a4\ud15c \uc624\ub958\ub85c \uc798\ubabb \ud569\uaca9 \ubb38\uc790\uac00 \uc628 \uac70\uc600\uc5b4. \ub108\ubb34 \ub2f9\ud669\uc2a4\ub7ec\uc6cc.", "offset": 0, "length": 44, "sentiment": "negative", "confidence": {"negative": 0.99870574, "positive": 0.00035675804, "neutral": 0.00093739666}, "highlights": [{"offset": 35, "length": 8}]}]}