{"document": {"sentiment": "positive", "confidence": {"negative": 0.009097624, "positive": 99.97786, "neutral": 0.013039204}}, "sentences": [{"content": "\uc544\ub0b4\uac00 \uadf8\ub3d9\uc548 \ud1b5\ud48d\uc73c\ub85c \uace0\uc0dd\ud588\uc5c8\ub294\ub370 \ub4dc\ub514\uc5b4 \uc644\uce58 \ud310\uc815\uc744 \ubc1b\uc544\uc11c \uc815\ub9d0 \uae30\ubed0.", "offset": 0, "length": 41, "sentiment": "positive", "confidence": {"negative": 0.0005458574, "positive": 0.99867177, "neutral": 0.00078235223}, "highlights": [{"offset": 0, "length": 40}]}]}