{"document": {"sentiment": "negative", "confidence": {"negative": 99.96666, "positive": 0.0070379414, "neutral": 0.026300775}}, "sentences": [{"content": "\uc694\uc998 \uc5c4\ub9c8\uac00 \uc544\ud504\uc154\uc11c \ub108\ubb34 \uac71\uc815\uc774\uc57c.", "offset": 0, "length": 20, "sentiment": "negative", "confidence": {"negative": 0.9979997, "positive": 0.0004222765, "neutral": 0.0015780465}, "highlights": [{"offset": 0, "length": 19}]}]}