{"document": {"sentiment": "positive", "confidence": {"negative": 0.012711227, "positive": 99.97516, "neutral": 0.012128455}}, "sentences": [{"content": "\uba87 \ub144 \uc804\ubd80\ud130 \uc6b4\ub3d9\uc744 \uc2dc\uc791\ud55c \ub4a4\ub85c \ub3d9\ub144\ubc30\ub4e4\uc5d0 \ube44\ud574 \ub3d9\uc548\uc774\ub77c\ub294 \uc18c\ub9ac\ub97c \ub4e4\uc5b4\uc11c \uae30\ubed0.", "offset": 0, "length": 45, "sentiment": "positive", "confidence": {"negative": 0.0007626736, "positive": 0.9985096, "neutral": 0.0007277073}, "highlights": [{"offset": 34, "length": 10}]}]}