{"document": {"sentiment": "negative", "confidence": {"negative": 99.984566, "positive": 0.0067292815, "neutral": 0.008702887}}, "sentences": [{"content": "\uc624\ub298 \ub0b4\uac00 \uc77c\uc9c4\uc5d0\uac8c \uad34\ub86d\ud798\uc744 \ub2f9\ud558\uc790 \ud0dc\ub3c4\ub97c \ubc14\uafbc \uce5c\uad6c\ub4e4\uc758 \ubaa8\uc2b5\uc5d0 \ud654\uac00 \ub098\uc11c \uad6c\uc5ed\uc9c8\uc774 \ub098.", "offset": 0, "length": 49, "sentiment": "negative", "confidence": {"negative": 0.9990741, "positive": 0.0004037569, "neutral": 0.00052217324}, "highlights": [{"offset": 27, "length": 21}]}]}