{"document": {"sentiment": "negative", "confidence": {"negative": 99.98359, "positive": 0.0052366056, "neutral": 0.011171989}}, "sentences": [{"content": "\uc9c1\uc7a5 \ub2e4\ub2c8\uba74\uc11c \uc2a4\ud2b8\ub808\uc2a4 \uc548\ubc1b\ub294 \uc0ac\ub78c\uc740 \uc5c6\uaca0\uc9c0\ub9cc \uc774\uac74 \ud574\ub3c4 \ud574\ub3c4 \ub108\ubb34\ud558\uc796\uc544.", "offset": 0, "length": 41, "sentiment": "negative", "confidence": {"negative": 0.99901545, "positive": 0.00031419634, "neutral": 0.00067031936}, "highlights": [{"offset": 26, "length": 14}]}]}