{"document": {"sentiment": "negative", "confidence": {"negative": 99.95821, "positive": 0.0055225906, "neutral": 0.03626499}}, "sentences": [{"content": "\ub0b4 \uce5c\uad6c \uc9d1\uc5d0 \ub180\ub7ec \uac14\ub354\ub2c8 \uad70\ub300\uc5d0\uc11c \ub098\ub97c \uad34\ub86d\ud78c \uc0ac\ub78c\uc774 \uc788\uc5c8\uc5b4.", "offset": 0, "length": 35, "sentiment": "negative", "confidence": {"negative": 0.99745077, "positive": 0.00032363724, "neutral": 0.0022256102}, "highlights": [{"offset": 11, "length": 23}]}, {"content": " \uc790\uae30 \ud615\uc774\ub77c\uace0 \ud558\ub358\ub370 \ub108\ubb34 \ucda9\uaca9\uc774\uc5c8\uc5b4.", "offset": 35, "length": 22, "sentiment": "negative", "confidence": {"negative": 0.99753475, "positive": 0.00033907362, "neutral": 0.0021261885}, "highlights": [{"offset": 1, "length": 20}]}]}