{"document": {"sentiment": "positive", "confidence": {"negative": 0.024733001, "positive": 99.97063, "neutral": 0.0046363566}}, "sentences": [{"content": "\uc624\ub298 \uce5c\uad6c\ub4e4\uc774\ub791 \uac19\uc774 \ucd95\uad6c\ub97c \ud588\ub294\ub370 \ub108\ubb34 \uc7ac\ubc0c\uc5c8\uc5b4.", "offset": 0, "length": 28, "sentiment": "positive", "confidence": {"negative": 0.0014839801, "positive": 0.99823785, "neutral": 0.0002781814}, "highlights": [{"offset": 20, "length": 7}]}]}