{"document": {"sentiment": "negative", "confidence": {"negative": 85.60153, "positive": 0.0065588653, "neutral": 14.391912}}, "sentences": [{"content": "\uc5bc\ub9c8 \uc804\uc5d0 \uac74\uac15\uac80\uc9c4\uc744 \ubc1b\uc558\ub294\ub370 \uc790\uad81\uc5d0 \ud639\uc774 \uc0dd\uacbc\ub2e4\uace0 \uadf8\ub798\uc11c \ub2f9\ud669\uc2a4\ub7fd\ub354\ub77c.", "offset": 0, "length": 40, "sentiment": "negative", "confidence": {"negative": 0.99186593, "positive": 0.00033166312, "neutral": 0.00780237}, "highlights": [{"offset": 17, "length": 22}]}, {"content": " \uc804\uc5d0 \ud639\uc774 \uc788\uc5b4\uc11c \uc218\uc220\ud55c \uc9c0 \uc624\ub798\ub418\uc9c0 \uc54a\uc558\uac70\ub4e0.", "offset": 40, "length": 27, "sentiment": "neutral", "confidence": {"negative": 0.0002409747, "positive": 0.00012745746, "neutral": 0.9996315}, "highlights": [{"offset": 11, "length": 15}]}]}