{"document": {"sentiment": "negative", "confidence": {"negative": 99.97549, "positive": 0.0068186023, "neutral": 0.017691996}}, "sentences": [{"content": "\ub538\uc774 \ub300\ud559\uc744 \uc878\uc5c5\ud588\ub294\ub370 \uc774\ub798\uc800\ub798 \ub098\uac08 \ub3c8\ub9cc \ub9ce\uace0 \uac00\uc815 \uafb8\ub9ac\uae30\uac00 \ud798\ub4dc\ub124.", "offset": 0, "length": 39, "sentiment": "negative", "confidence": {"negative": 0.9985293, "positive": 0.00040911612, "neutral": 0.0010615197}, "highlights": [{"offset": 27, "length": 11}]}]}