{"document": {"sentiment": "negative", "confidence": {"negative": 99.99947, "positive": 0.00028356398, "neutral": 0.00024275869}}, "sentences": [{"content": "\ub2e4\ub978 \uce5c\uad6c\ub4e4\uc740 \ubaa8\ub450 \uacb0\ud63c\uc744 \ud588\ub294\ub370 \ub098\ub9cc \uc774\ub7ec\uace0 \uc788\uc73c\ub2c8 \uae30\ubd84\uc774 \uc6b0\uc6b8\ud574", "offset": 0, "length": 37, "sentiment": "negative", "confidence": {"negative": 0.9999684, "positive": 1.701384e-05, "neutral": 1.4565521e-05}, "highlights": [{"offset": 26, "length": 11}]}]}