{"document": {"sentiment": "negative", "confidence": {"negative": 99.982544, "positive": 0.008062582, "neutral": 0.009396029}}, "sentences": [{"content": "\ub098\ub294 \uc560\uc778\uacfc \uacb0\ud63c\uc744 \ud558\uace0 \uc2f6\uc740\ub370 \uc560\uc778\uc740 \uacb0\ud63c\uc5d0 \ubd80\uc815\uc801\uc778 \ubc18\uc751\uc744 \ubcf4\uc5ec\uc11c \ub108\ubb34 \uc6b0\uc6b8\ud574.", "offset": 0, "length": 46, "sentiment": "negative", "confidence": {"negative": 0.9989525, "positive": 0.00048375493, "neutral": 0.00056376174}, "highlights": [{"offset": 31, "length": 14}]}]}