{"document": {"sentiment": "negative", "confidence": {"negative": 99.94471, "positive": 0.0036143612, "neutral": 0.051674943}}, "sentences": [{"content": "\uc694\uc998 \ub0b4\uac00 \ub108\ubb34 \ud53c\uace4\ud558\uace0 \uc2e0\uacbd\uc774 \uace4\ub450\uc11c \uc788\uc5b4\uc11c \uc624\ub298\uc740 \ub0a8\ud3b8\uc5d0\uac8c \uc2ec\ud55c \ub9d0\uc744 \ud588\uc9c0 \ubb50\uc57c.", "offset": 0, "length": 47, "sentiment": "negative", "confidence": {"negative": 0.9966827, "positive": 0.00021686168, "neutral": 0.0031004967}, "highlights": [{"offset": 38, "length": 8}]}]}